{
  "jaccard_index": 0.34227375333470145,
  "f1_micro": 0.38236063857628894,
  "f1_macro": 0.3382635893390017,
  "jaccard_similarity": 0.34237293932553525,
  "ece": 0.4995407953292199,
  "mcale": 0.5699299651556746,
  "mean_confidence": 0.8405010883936487,
  "alpha": [
    0.1,
    0.2,
    0.3,
    0.4,
    0.5,
    0.6,
    0.7,
    0.8,
    0.9
  ],
  "coverage": [
    0.8850810588959573,
    0.7800123127436898,
    0.6712497434845065,
    0.5869074492099323,
    0.46665298584034476,
    0.39564949722963266,
    0.3125384773240304,
    0.21547301457008003,
    0.11204596757644161
  ],
  "psize": [
    3.9556741227170122,
    3.0295505848553255,
    2.246460086189206,
    1.82700595115945,
    1.352965319105274,
    1.0673096655037964,
    0.8407551816129695,
    0.5618715370408373,
    0.2975579725015391
  ],
  "ace": 0.017167156896276528,
  "mcove": 0.03334701415965524
}