{
  "jaccard_index": 0.38945908959953907,
  "f1_micro": 0.4128187456926258,
  "f1_macro": 0.3540231761142533,
  "jaccard_similarity": 0.46841688274272536,
  "ece": 0.3880876426809524,
  "mcale": 0.49782783793034674,
  "mean_confidence": 0.8564109588323633,
  "alpha": [
    0.1,
    0.2,
    0.3,
    0.4,
    0.5,
    0.6,
    0.7,
    0.8,
    0.9
  ],
  "coverage": [
    0.8833189282627485,
    0.79019014693172,
    0.6933880726015558,
    0.5767070008643043,
    0.48833189282627487,
    0.3939066551426102,
    0.2882454624027658,
    0.18107173725151254,
    0.10803802938634399
  ],
  "psize": [
    4.720613656006915,
    3.4593777009507347,
    2.718020743301642,
    1.9922212618841832,
    1.4347450302506481,
    1.0306828003457218,
    0.682152117545376,
    0.40579083837510804,
    0.2143474503025065
  ],
  "ace": 0.012542014789205795,
  "mcove": 0.023292999135695713
}