{
  "pearson_correlation": 0.7700348752539573,
  "p_value": 0.0,
  "mae": 1.5278399283132598,
  "rmse": 1.7878022106306468,
  "r2": -0.32607241971138934,
  "mse": 3.1962367443358275,
  "alpha": [
    0.1,
    0.2,
    0.3,
    0.4,
    0.5,
    0.6,
    0.7,
    0.8,
    0.9
  ],
  "coverages": [
    0.9029017857142857,
    0.7982700892857143,
    0.6635044642857143,
    0.5767299107142857,
    0.46958705357142855,
    0.38448660714285715,
    0.29910714285714285,
    0.21428571428571427,
    0.09514508928571429
  ],
  "average_interval_sizes": [
    5.483000000000001,
    4.585,
    3.835000000000001,
    3.3260000000000005,
    2.76144444444,
    2.331,
    1.8593157894699996,
    1.2650000000000001,
    0.6020816329999997
  ]
}