{
  "accuracy": 0.4132730015082956,
  "micro_f1": 0.4132730015082956,
  "macro_f1": 0.36466500051138684,
  "macro_average": null,
  "per_emotion_pearson": null,
  "average_pearson": 0.7682897610853923,
  "ece": 0.14478976160589402,
  "mcale": 0.4512323680169442,
  "brier_score": 0.07615377027666861,
  "mean_prediction": 0.3793256535712778,
  "alpha": [
    0.1,
    0.2,
    0.3,
    0.4,
    0.5,
    0.6,
    0.7,
    0.8,
    0.9
  ],
  "coverage": [
    0.8868778280542986,
    0.7712418300653595,
    0.7068878833584716,
    0.6264454499748617,
    0.5329311211664153,
    0.4263448969331322,
    0.3031674208144796,
    0.19959778783308196,
    0.09803921568627451
  ],
  "psize": [
    2.8471593765711414,
    2.2347913524384113,
    1.9758672699849171,
    1.657114127702363,
    1.3363499245852186,
    1.036701860231272,
    0.7078934137757668,
    0.4504776269482152,
    0.22574157868275516
  ],
  "ace": 0.01555779006759399,
  "mcove": 0.03293112116641528
}