{
  "accuracy": 0.41126194067370536,
  "micro_f1": 0.41126194067370536,
  "macro_f1": 0.360495490620081,
  "macro_average": null,
  "per_emotion_pearson": null,
  "average_pearson": 0.7679288549515181,
  "ece": 0.14290256013621433,
  "mcale": 0.450278553697798,
  "brier_score": 0.07538390368717193,
  "mean_prediction": 0.37718762670630646,
  "alpha": [
    0.1,
    0.2,
    0.3,
    0.4,
    0.5,
    0.6,
    0.7,
    0.8,
    0.9
  ],
  "coverage": [
    0.9235796882855707,
    0.7973856209150327,
    0.7008547008547008,
    0.5811965811965812,
    0.47410759175465056,
    0.37506284565108094,
    0.2654600301659125,
    0.19054801407742583,
    0.12267471091000502
  ],
  "psize": [
    3.042232277526395,
    2.3765711412770236,
    1.956259426847662,
    1.523881347410759,
    1.1724484665661137,
    0.9009552538964304,
    0.6178984414278532,
    0.44042232277526394,
    0.2750125691302162
  ],
  "ace": 0.018149824032176978,
  "mcove": 0.034539969834087525
}