{
  "pearson_correlation": 0.775403141414769,
  "p_value": 0.0,
  "mae": 0.09382905516111414,
  "rmse": 0.1194748041919352,
  "r2": 0.5838005600070911,
  "mse": 0.014274228836701257,
  "alpha": [
    0.1,
    0.2,
    0.3,
    0.4,
    0.5,
    0.6,
    0.7,
    0.8,
    0.9
  ],
  "coverages": [
    0.8858547241944292,
    0.821409066084107,
    0.7373020207536866,
    0.6406335335882032,
    0.5584380120152922,
    0.4571272528672856,
    0.3487165483342436,
    0.23839432004369196,
    0.1441835062807209
  ],
  "average_interval_sizes": [
    0.378,
    0.314,
    0.262,
    0.21200000000000016,
    0.17599999999999996,
    0.13499999999999998,
    0.10099999999999999,
    0.06800000000000006,
    0.04100000000000003
  ]
}