{
  "jaccard_index": 0.5715356491433783,
  "f1_micro": 0.6822965812586195,
  "f1_macro": 0.5213902523822633,
  "jaccard_similarity": 0.5473267213862288,
  "ece": 0.31435797151913997,
  "mcale": 0.35677115542220555,
  "mean_confidence": 0.8612753880964027,
  "alpha": [
    0.1,
    0.2,
    0.3,
    0.4,
    0.5,
    0.6,
    0.7,
    0.8,
    0.9
  ],
  "coverage": [
    0.728796169630643,
    0.5841313269493844,
    0.460328317373461,
    0.3655950752393981,
    0.26265389876880985,
    0.19425444596443228,
    0.13064295485636115,
    0.07763337893296854,
    0.04035567715458276
  ],
  "psize": [
    5.939808481532148,
    4.241450068399453,
    3.182284541723666,
    2.3970588235294117,
    1.8300273597811219,
    1.4285225718194254,
    1.0075239398084814,
    0.603625170998632,
    0.34610123119015046
  ],
  "ace": 0.1839565283477732,
  "mcove": 0.23967168262653893
}