{
  "accuracy": 0.5927209705372617,
  "micro_f1": 0.5927209705372617,
  "macro_f1": 0.4763314361712531,
  "macro_average": null,
  "per_emotion_pearson": null,
  "average_pearson": 0.39970191922414355,
  "ece": 0.07158777993561442,
  "mcale": 0.23232386708259584,
  "brier_score": 0.013602888406893505,
  "mean_prediction": 0.5985916522214945,
  "alpha": [
    0.1,
    0.2,
    0.3,
    0.4,
    0.5,
    0.6,
    0.7,
    0.8,
    0.9
  ],
  "coverage": [
    0.9081455805892548,
    0.7885615251299827,
    0.6551126516464472,
    0.6065857885615251,
    0.4540727902946274,
    0.3292894280762565,
    0.2772963604852686,
    0.15077989601386482,
    0.11611785095320624
  ],
  "psize": [
    2.5441941074523395,
    1.9688041594454073,
    1.3570190641247835,
    1.197573656845754,
    0.8370883882149047,
    0.5892547660311959,
    0.4783362218370884,
    0.24956672443674177,
    0.19410745233968804
  ],
  "ace": 0.030637396495282115,
  "mcove": 0.07071057192374353
}