{
  "accuracy": 0.5927209705372617,
  "micro_f1": 0.5927209705372617,
  "macro_f1": 0.4766122766122766,
  "macro_average": null,
  "per_emotion_pearson": null,
  "average_pearson": 0.4046657357356624,
  "ece": 0.07197942328272683,
  "mcale": 0.22748262137174607,
  "brier_score": 0.013728794617805268,
  "mean_prediction": 0.6014676849506115,
  "alpha": [
    0.1,
    0.2,
    0.3,
    0.4,
    0.5,
    0.6,
    0.7,
    0.8,
    0.9
  ],
  "coverage": [
    0.8752166377816292,
    0.7833622183708839,
    0.7123050259965338,
    0.6568457538994801,
    0.5892547660311959,
    0.3951473136915078,
    0.3240901213171577,
    0.21317157712305027,
    0.1386481802426343
  ],
  "psize": [
    2.3552859618717505,
    1.9358752166377817,
    1.6031195840554593,
    1.3708838821490468,
    1.166377816291161,
    0.7521663778162911,
    0.5927209705372617,
    0.36221837088388215,
    0.24263431542461006
  ],
  "ace": 0.031176583862892362,
  "mcove": 0.08925476603119586
}