{
  "mse": 1.821486727556447,
  "rmse": 1.3496246617324563,
  "mae": 1.063170114935085,
  "confidences": [
    0.9,
    0.8,
    0.7,
    0.6,
    0.5,
    0.4,
    0.30000000000000004,
    0.19999999999999996,
    0.09999999999999998
  ],
  "coverages": [
    0.8877153974430239,
    0.7762645914396887,
    0.6989994441356309,
    0.613118399110617,
    0.5161200667037243,
    0.4118954974986103,
    0.3087826570316843,
    0.20817120622568094,
    0.10339077265147303
  ],
  "average_interval_sizes": [
    3.681631578950002,
    2.8538172718199997,
    2.4399999999999995,
    2.0204999999999993,
    1.6000000000000003,
    1.2303684210530001,
    0.875,
    0.602653061,
    0.31399999999999995
  ]
}