{
  "pearson_correlation": 0.6904430660391869,
  "p_value": 0.0,
  "mae": 1.0686906740212443,
  "rmse": 1.3515495755685718,
  "r2": 0.24352454703660087,
  "mse": 1.8266862552195866,
  "alpha": [
    0.1,
    0.2,
    0.3,
    0.4,
    0.5,
    0.6,
    0.7,
    0.8,
    0.9
  ],
  "coverages": [
    0.9002223457476376,
    0.8048916064480267,
    0.7112284602556976,
    0.6178432462479155,
    0.5347415230683713,
    0.41161756531406335,
    0.32017787659811003,
    0.2123401889938855,
    0.10088938299055031
  ],
  "average_interval_sizes": [
    3.7953305322199995,
    3.0136315789499997,
    2.4620000000000006,
    2.065000000000001,
    1.6614086020000005,
    1.2020000000000002,
    0.8900000000000003,
    0.5579999999999999,
    0.22669565199999994
  ]
}