{
  "pearson_correlation": 0.6523003654621581,
  "p_value": 0.0,
  "mae": 1.1448919751812143,
  "rmse": 1.397563656521502,
  "r2": 0.19126965319935985,
  "mse": 1.9531841740297506,
  "alpha": [
    0.1,
    0.2,
    0.3,
    0.4,
    0.5,
    0.6,
    0.7,
    0.8,
    0.9
  ],
  "coverages": [
    0.925236242356865,
    0.8438021122846026,
    0.7204002223457476,
    0.6167315175097277,
    0.5044469149527515,
    0.40967204002223456,
    0.2768204558087827,
    0.20205669816564759,
    0.13007226236798222
  ],
  "average_interval_sizes": [
    4.169333333330002,
    3.4012941176499996,
    2.6439999999999992,
    2.1000000000000005,
    1.6239999999999997,
    1.282333333333,
    0.827,
    0.5984042550000002,
    0.3853333333300002
  ]
}