dataset,model,mode,alpha,repeat_index,coverage,interval_size,ece
E-c,Emobloom-7b,global,0.1,0,0.9155145929339478,8.044546850998463,0.015514592933947746
E-c,Emobloom-7b,global,0.2,0,0.8341013824884793,6.086021505376344,0.03410138248847927
E-c,Emobloom-7b,global,0.3,0,0.7342549923195084,4.58678955453149,0.03425499231950846
E-c,Emobloom-7b,global,0.4,0,0.663594470046083,3.812596006144393,0.06359447004608298
E-c,Emobloom-7b,global,0.5,0,0.5238095238095238,2.574500768049155,0.023809523809523836
E-c,Emobloom-7b,global,0.6,0,0.42242703533026116,2.035330261136713,0.022427035330261136
E-c,Emobloom-7b,global,0.7,0,0.3302611367127496,1.6574500768049154,0.030261136712749548
E-c,Emobloom-7b,global,0.8,0,0.23348694316436253,1.391705069124424,0.03348694316436257
E-c,Emobloom-7b,global,0.9,0,0.1336405529953917,1.0998463901689708,0.03364055299539173
E-c,Emobloom-7b,global,0.1,1,0.8894009216589862,7.563748079877112,0.010599078341013812
E-c,Emobloom-7b,global,0.2,1,0.8003072196620584,5.62826420890937,0.0003072196620583778
E-c,Emobloom-7b,global,0.3,1,0.7219662058371735,4.408602150537634,0.02196620583717357
E-c,Emobloom-7b,global,0.4,1,0.6344086021505376,3.6451612903225805,0.03440860215053765
E-c,Emobloom-7b,global,0.5,1,0.49001536098310294,2.4070660522273424,0.009984639016897057
E-c,Emobloom-7b,global,0.6,1,0.40860215053763443,1.9953917050691243,0.008602150537634412
E-c,Emobloom-7b,global,0.7,1,0.3210445468509985,1.6267281105990783,0.021044546850998436
E-c,Emobloom-7b,global,0.8,1,0.23963133640552994,1.3870967741935485,0.03963133640552999
E-c,Emobloom-7b,global,0.9,1,0.14592933947772657,1.1136712749615976,0.045929339477726594
E-c,Emobloom-7b,global,0.1,2,0.94,8.526153846153846,0.039999999999999925
E-c,Emobloom-7b,global,0.2,2,0.8430769230769231,6.1292307692307695,0.04307692307692301
E-c,Emobloom-7b,global,0.3,2,0.7476923076923077,4.733846153846154,0.0476923076923077
E-c,Emobloom-7b,global,0.4,2,0.6692307692307692,4.0,0.0692307692307692
E-c,Emobloom-7b,global,0.5,2,0.5553846153846154,3.170769230769231,0.055384615384615365
E-c,Emobloom-7b,global,0.6,2,0.3953846153846154,2.043076923076923,0.004615384615384632
E-c,Emobloom-7b,global,0.7,2,0.2846153846153846,1.616923076923077,0.015384615384615441
E-c,Emobloom-7b,global,0.8,2,0.21076923076923076,1.3876923076923078,0.010769230769230809
E-c,Emobloom-7b,global,0.9,2,0.1123076923076923,1.0723076923076924,0.012307692307692325
E-c,Emobloom-7b,global,0.1,3,0.9171779141104295,8.33435582822086,0.01717791411042946
E-c,Emobloom-7b,global,0.2,3,0.8220858895705522,6.233128834355829,0.02208588957055213
E-c,Emobloom-7b,global,0.3,3,0.7269938650306749,4.846625766871166,0.026993865030674913
E-c,Emobloom-7b,global,0.4,3,0.6395705521472392,4.0107361963190185,0.03957055214723926
E-c,Emobloom-7b,global,0.5,3,0.5368098159509203,3.184049079754601,0.036809815950920255
E-c,Emobloom-7b,global,0.6,3,0.4110429447852761,2.1180981595092025,0.011042944785276065
E-c,Emobloom-7b,global,0.7,3,0.2776073619631902,1.6058282208588956,0.022392638036809853
E-c,Emobloom-7b,global,0.8,3,0.20552147239263804,1.361963190184049,0.005521472392638088
E-c,Emobloom-7b,global,0.9,3,0.11809815950920245,1.1042944785276074,0.018098159509202474
E-c,Emobloom-7b,global,0.1,4,0.916923076923077,8.286153846153846,0.01692307692307693
E-c,Emobloom-7b,global,0.2,4,0.8215384615384616,5.875384615384616,0.021538461538461506
E-c,Emobloom-7b,global,0.3,4,0.7615384615384615,4.929230769230769,0.06153846153846154
E-c,Emobloom-7b,global,0.4,4,0.6384615384615384,3.8923076923076922,0.038461538461538436
E-c,Emobloom-7b,global,0.5,4,0.5430769230769231,3.1738461538461538,0.043076923076923124
E-c,Emobloom-7b,global,0.6,4,0.38769230769230767,2.02,0.012307692307692353
E-c,Emobloom-7b,global,0.7,4,0.2784615384615385,1.5984615384615384,0.021538461538461562
E-c,Emobloom-7b,global,0.8,4,0.18769230769230769,1.3107692307692307,0.01230769230769227
E-c,Emobloom-7b,global,0.9,4,0.10461538461538461,1.08,0.004615384615384632
E-c,Emobloom-7b,global,0.1,5,0.8895705521472392,7.421779141104294,0.010429447852760787
E-c,Emobloom-7b,global,0.2,5,0.8052147239263804,5.46319018404908,0.005214723926380338
E-c,Emobloom-7b,global,0.3,5,0.7177914110429447,4.375766871165644,0.017791411042944794
E-c,Emobloom-7b,global,0.4,5,0.6319018404907976,3.6319018404907975,0.031901840490797584
E-c,Emobloom-7b,global,0.5,5,0.48773006134969327,2.464723926380368,0.012269938650306733
E-c,Emobloom-7b,global,0.6,5,0.38190184049079756,1.9585889570552146,0.01809815950920246
E-c,Emobloom-7b,global,0.7,5,0.30828220858895705,1.6671779141104295,0.008282208588957007
E-c,Emobloom-7b,global,0.8,5,0.22085889570552147,1.4095092024539877,0.02085889570552152
E-c,Emobloom-7b,global,0.9,5,0.11503067484662577,1.093558282208589,0.015030674846625791
E-c,Emobloom-7b,global,0.1,6,0.9173047473200613,8.038284839203675,0.017304747320061264
E-c,Emobloom-7b,global,0.2,6,0.8392036753445635,6.056661562021439,0.03920367534456348
E-c,Emobloom-7b,global,0.3,6,0.7274119448698315,4.54364471669219,0.02741194486983156
E-c,Emobloom-7b,global,0.4,6,0.6523736600306279,3.7595712098009186,0.05237366003062793
E-c,Emobloom-7b,global,0.5,6,0.5865237366003063,3.222052067381317,0.08652373660030632
E-c,Emobloom-7b,global,0.6,6,0.40888208269525267,2.114854517611026,0.008882082695252647
E-c,Emobloom-7b,global,0.7,6,0.29402756508422667,1.6584992343032159,0.0059724349157733725
E-c,Emobloom-7b,global,0.8,6,0.17304747320061256,1.329249617151608,0.026952526799387394
E-c,Emobloom-7b,global,0.9,6,0.08422664624808576,1.0735068912710566,0.015773353751914215
E-c,Emobloom-7b,global,0.1,7,0.92,8.013846153846155,0.020000000000000018
E-c,Emobloom-7b,global,0.2,7,0.8092307692307692,5.6984615384615385,0.009230769230769154
E-c,Emobloom-7b,global,0.3,7,0.7046153846153846,4.327692307692308,0.004615384615384688
E-c,Emobloom-7b,global,0.4,7,0.6246153846153846,3.596923076923077,0.024615384615384595
E-c,Emobloom-7b,global,0.5,7,0.5476923076923077,2.9876923076923076,0.0476923076923077
E-c,Emobloom-7b,global,0.6,7,0.3723076923076923,1.9723076923076923,0.027692307692307738
E-c,Emobloom-7b,global,0.7,7,0.2923076923076923,1.6507692307692308,0.0076923076923077205
E-c,Emobloom-7b,global,0.8,7,0.20461538461538462,1.396923076923077,0.00461538461538466
E-c,Emobloom-7b,global,0.9,7,0.11538461538461539,1.0876923076923077,0.015384615384615413
E-c,Emobloom-7b,global,0.1,8,0.9138461538461539,8.053846153846154,0.013846153846153841
E-c,Emobloom-7b,global,0.2,8,0.796923076923077,5.741538461538462,0.003076923076923088
E-c,Emobloom-7b,global,0.3,8,0.7015384615384616,4.470769230769231,0.0015384615384615996
E-c,Emobloom-7b,global,0.4,8,0.6307692307692307,3.7415384615384615,0.03076923076923077
E-c,Emobloom-7b,global,0.5,8,0.5507692307692308,3.1369230769230767,0.05076923076923079
E-c,Emobloom-7b,global,0.6,8,0.4046153846153846,2.0492307692307694,0.004615384615384577
E-c,Emobloom-7b,global,0.7,8,0.3123076923076923,1.6723076923076923,0.012307692307692242
E-c,Emobloom-7b,global,0.8,8,0.20461538461538462,1.373846153846154,0.00461538461538466
E-c,Emobloom-7b,global,0.9,8,0.1,1.0753846153846154,2.7755575615628914e-17
E-c,Emobloom-7b,global,0.1,9,0.9262672811059908,8.331797235023041,0.026267281105990747
E-c,Emobloom-7b,global,0.2,9,0.8064516129032258,5.935483870967742,0.006451612903225712
E-c,Emobloom-7b,global,0.3,9,0.7204301075268817,4.798771121351766,0.02043010752688179
E-c,Emobloom-7b,global,0.4,9,0.6190476190476191,3.815668202764977,0.01904761904761909
E-c,Emobloom-7b,global,0.5,9,0.5314900153609831,3.133640552995392,0.03149001536098306
E-c,Emobloom-7b,global,0.6,9,0.4147465437788018,2.1459293394777266,0.014746543778801802
E-c,Emobloom-7b,global,0.7,9,0.3087557603686636,1.7250384024577572,0.008755760368663545
E-c,Emobloom-7b,global,0.8,9,0.2119815668202765,1.4208909370199694,0.01198156682027654
E-c,Emobloom-7b,global,0.9,9,0.10599078341013825,1.096774193548387,0.00599078341013827
E-c,Emobloom-7b,hybrid,0.1,0,0.9354838709677419,8.708141321044547,0.03548387096774186
E-c,Emobloom-7b,hybrid,0.2,0,0.8740399385560675,6.84331797235023,0.0740399385560675
E-c,Emobloom-7b,hybrid,0.3,0,0.783410138248848,5.354838709677419,0.08341013824884802
E-c,Emobloom-7b,hybrid,0.4,0,0.706605222734255,4.373271889400922,0.10660522273425499
E-c,Emobloom-7b,hybrid,0.5,0,0.6082949308755761,3.5775729646697387,0.10829493087557607
E-c,Emobloom-7b,hybrid,0.6,0,0.4792626728110599,2.7665130568356373,0.07926267281105986
E-c,Emobloom-7b,hybrid,0.7,0,0.3640552995391705,2.1904761904761907,0.06405529953917044
E-c,Emobloom-7b,hybrid,0.8,0,0.2519201228878648,1.7311827956989247,0.05192012288786485
E-c,Emobloom-7b,hybrid,0.9,0,0.19201228878648233,1.2488479262672811,0.09201228878648235
E-c,Emobloom-7b,hybrid,0.1,1,0.9216589861751152,8.285714285714286,0.02165898617511519
E-c,Emobloom-7b,hybrid,0.2,1,0.8325652841781874,6.33026113671275,0.03256528417818738
E-c,Emobloom-7b,hybrid,0.3,1,0.7634408602150538,5.087557603686636,0.0634408602150538
E-c,Emobloom-7b,hybrid,0.4,1,0.6912442396313364,4.170506912442396,0.09124423963133643
E-c,Emobloom-7b,hybrid,0.5,1,0.5913978494623656,3.2995391705069124,0.09139784946236562
E-c,Emobloom-7b,hybrid,0.6,1,0.500768049155146,2.6712749615975424,0.10076804915514592
E-c,Emobloom-7b,hybrid,0.7,1,0.39938556067588327,2.185867895545315,0.09938556067588322
E-c,Emobloom-7b,hybrid,0.8,1,0.27035330261136714,1.7726574500768049,0.07035330261136719
E-c,Emobloom-7b,hybrid,0.9,1,0.18740399385560677,1.2749615975422428,0.08740399385560679
E-c,Emobloom-7b,hybrid,0.1,2,0.9538461538461539,8.909230769230769,0.05384615384615388
E-c,Emobloom-7b,hybrid,0.2,2,0.8707692307692307,6.7615384615384615,0.0707692307692307
E-c,Emobloom-7b,hybrid,0.3,2,0.8076923076923077,5.450769230769231,0.10769230769230775
E-c,Emobloom-7b,hybrid,0.4,2,0.7,4.469230769230769,0.09999999999999998
E-c,Emobloom-7b,hybrid,0.5,2,0.5753846153846154,3.5907692307692307,0.07538461538461538
E-c,Emobloom-7b,hybrid,0.6,2,0.4723076923076923,2.792307692307692,0.0723076923076923
E-c,Emobloom-7b,hybrid,0.7,2,0.34923076923076923,2.193846153846154,0.04923076923076919
E-c,Emobloom-7b,hybrid,0.8,2,0.2230769230769231,1.6107692307692307,0.023076923076923134
E-c,Emobloom-7b,hybrid,0.9,2,0.14307692307692307,1.22,0.043076923076923096
E-c,Emobloom-7b,hybrid,0.1,3,0.9371165644171779,9.001533742331288,0.03711656441717792
E-c,Emobloom-7b,hybrid,0.2,3,0.8588957055214724,6.897239263803681,0.058895705521472386
E-c,Emobloom-7b,hybrid,0.3,3,0.7699386503067485,5.460122699386503,0.0699386503067485
E-c,Emobloom-7b,hybrid,0.4,3,0.6886503067484663,4.579754601226994,0.0886503067484663
E-c,Emobloom-7b,hybrid,0.5,3,0.5874233128834356,3.6503067484662575,0.08742331288343563
E-c,Emobloom-7b,hybrid,0.6,3,0.4815950920245399,2.9524539877300615,0.08159509202453985
E-c,Emobloom-7b,hybrid,0.7,3,0.32975460122699385,2.151840490797546,0.029754601226993804
E-c,Emobloom-7b,hybrid,0.8,3,0.23159509202453987,1.710122699386503,0.03159509202453992
E-c,Emobloom-7b,hybrid,0.9,3,0.12576687116564417,1.1978527607361964,0.02576687116564419
E-c,Emobloom-7b,hybrid,0.1,4,0.9338461538461539,8.832307692307692,0.03384615384615386
E-c,Emobloom-7b,hybrid,0.2,4,0.8507692307692307,6.529230769230769,0.05076923076923068
E-c,Emobloom-7b,hybrid,0.3,4,0.796923076923077,5.523076923076923,0.096923076923077
E-c,Emobloom-7b,hybrid,0.4,4,0.7076923076923077,4.489230769230769,0.10769230769230775
E-c,Emobloom-7b,hybrid,0.5,4,0.5692307692307692,3.5476923076923077,0.0692307692307692
E-c,Emobloom-7b,hybrid,0.6,4,0.45692307692307693,2.78,0.05692307692307691
E-c,Emobloom-7b,hybrid,0.7,4,0.34615384615384615,2.269230769230769,0.0461538461538461
E-c,Emobloom-7b,hybrid,0.8,4,0.2169230769230769,1.676923076923077,0.016923076923076957
E-c,Emobloom-7b,hybrid,0.9,4,0.13076923076923078,1.2676923076923077,0.0307692307692308
E-c,Emobloom-7b,hybrid,0.1,5,0.9202453987730062,7.9447852760736195,0.02024539877300613
E-c,Emobloom-7b,hybrid,0.2,5,0.8205521472392638,6.078220858895706,0.020552147239263796
E-c,Emobloom-7b,hybrid,0.3,5,0.7638036809815951,4.964723926380368,0.06380368098159517
E-c,Emobloom-7b,hybrid,0.4,5,0.6702453987730062,4.08282208588957,0.07024539877300617
E-c,Emobloom-7b,hybrid,0.5,5,0.5797546012269938,3.3819018404907975,0.07975460122699385
E-c,Emobloom-7b,hybrid,0.6,5,0.4325153374233129,2.5874233128834354,0.03251533742331286
E-c,Emobloom-7b,hybrid,0.7,5,0.35429447852760737,2.2177914110429446,0.054294478527607326
E-c,Emobloom-7b,hybrid,0.8,5,0.27300613496932513,1.7776073619631902,0.07300613496932518
E-c,Emobloom-7b,hybrid,0.9,5,0.17331288343558282,1.2776073619631902,0.07331288343558284
E-c,Emobloom-7b,hybrid,0.1,6,0.9464012251148545,8.637059724349157,0.04640122511485445
E-c,Emobloom-7b,hybrid,0.2,6,0.8652373660030628,6.540581929555896,0.06523736600306274
E-c,Emobloom-7b,hybrid,0.3,6,0.7656967840735069,5.173047473200612,0.06569678407350699
E-c,Emobloom-7b,hybrid,0.4,6,0.6937212863705973,4.271056661562022,0.09372128637059729
E-c,Emobloom-7b,hybrid,0.5,6,0.6156202143950995,3.565084226646248,0.11562021439509951
E-c,Emobloom-7b,hybrid,0.6,6,0.4793261868300153,2.8238897396630933,0.0793261868300153
E-c,Emobloom-7b,hybrid,0.7,6,0.3537519142419602,2.1868300153139355,0.05375191424196013
E-c,Emobloom-7b,hybrid,0.8,6,0.1883614088820827,1.5712098009188362,0.011638591117917263
E-c,Emobloom-7b,hybrid,0.9,6,0.12098009188361408,1.2021439509954057,0.020980091883614105
E-c,Emobloom-7b,hybrid,0.1,7,0.9415384615384615,8.696923076923078,0.041538461538461524
E-c,Emobloom-7b,hybrid,0.2,7,0.8584615384615385,6.421538461538462,0.058461538461538454
E-c,Emobloom-7b,hybrid,0.3,7,0.76,5.006153846153846,0.06000000000000005
E-c,Emobloom-7b,hybrid,0.4,7,0.6692307692307692,4.090769230769231,0.0692307692307692
E-c,Emobloom-7b,hybrid,0.5,7,0.5584615384615385,3.287692307692308,0.058461538461538454
E-c,Emobloom-7b,hybrid,0.6,7,0.43846153846153846,2.609230769230769,0.038461538461538436
E-c,Emobloom-7b,hybrid,0.7,7,0.35384615384615387,2.1507692307692308,0.05384615384615382
E-c,Emobloom-7b,hybrid,0.8,7,0.24153846153846154,1.743076923076923,0.04153846153846158
E-c,Emobloom-7b,hybrid,0.9,7,0.12615384615384614,1.216923076923077,0.026153846153846166
E-c,Emobloom-7b,hybrid,0.1,8,0.9184615384615384,8.472307692307693,0.018461538461538418
E-c,Emobloom-7b,hybrid,0.2,8,0.8261538461538461,6.383076923076923,0.026153846153846083
E-c,Emobloom-7b,hybrid,0.3,8,0.7538461538461538,5.178461538461539,0.05384615384615388
E-c,Emobloom-7b,hybrid,0.4,8,0.6707692307692308,4.3476923076923075,0.0707692307692308
E-c,Emobloom-7b,hybrid,0.5,8,0.583076923076923,3.5215384615384617,0.08307692307692305
E-c,Emobloom-7b,hybrid,0.6,8,0.46307692307692305,2.756923076923077,0.06307692307692303
E-c,Emobloom-7b,hybrid,0.7,8,0.3861538461538462,2.3030769230769232,0.08615384615384614
E-c,Emobloom-7b,hybrid,0.8,8,0.26461538461538464,1.8876923076923078,0.06461538461538469
E-c,Emobloom-7b,hybrid,0.9,8,0.12923076923076923,1.2276923076923076,0.029230769230769255
E-c,Emobloom-7b,hybrid,0.1,9,0.9400921658986175,9.036866359447005,0.04009216589861753
E-c,Emobloom-7b,hybrid,0.2,9,0.8556067588325653,6.686635944700461,0.05560675883256527
E-c,Emobloom-7b,hybrid,0.3,9,0.7634408602150538,5.447004608294931,0.0634408602150538
E-c,Emobloom-7b,hybrid,0.4,9,0.6866359447004609,4.456221198156682,0.08663594470046088
E-c,Emobloom-7b,hybrid,0.5,9,0.5668202764976958,3.565284178187404,0.06682027649769584
E-c,Emobloom-7b,hybrid,0.6,9,0.4946236559139785,2.8678955453149,0.09462365591397848
E-c,Emobloom-7b,hybrid,0.7,9,0.3640552995391705,2.2795698924731185,0.06405529953917044
E-c,Emobloom-7b,hybrid,0.8,9,0.25960061443932414,1.792626728110599,0.059600614439324184
E-c,Emobloom-7b,hybrid,0.9,9,0.13671274961597543,1.2119815668202765,0.036712749615975454
E-c,Emobloom-7b,mondrian,0.1,0,0.9493087557603687,9.285714285714286,0.04930875576036864
E-c,Emobloom-7b,mondrian,0.2,0,0.8878648233486943,7.703533026113671,0.08786482334869428
E-c,Emobloom-7b,mondrian,0.3,0,0.8202764976958525,6.1551459293394775,0.12027649769585258
E-c,Emobloom-7b,mondrian,0.4,0,0.7357910906298003,5.199692780337942,0.13579109062980033
E-c,Emobloom-7b,mondrian,0.5,0,0.65284178187404,4.365591397849462,0.15284178187403996
E-c,Emobloom-7b,mondrian,0.6,0,0.5084485407066052,3.3748079877112134,0.10844854070660515
E-c,Emobloom-7b,mondrian,0.7,0,0.37327188940092165,2.500768049155146,0.07327188940092161
E-c,Emobloom-7b,mondrian,0.8,0,0.2764976958525346,1.9078341013824884,0.07649769585253463
E-c,Emobloom-7b,mondrian,0.9,0,0.19201228878648233,1.261136712749616,0.09201228878648235
E-c,Emobloom-7b,mondrian,0.1,1,0.9324116743471582,8.920122887864823,0.03241167434715819
E-c,Emobloom-7b,mondrian,0.2,1,0.858678955453149,7.125960061443933,0.05867895545314894
E-c,Emobloom-7b,mondrian,0.3,1,0.7926267281105991,5.8986175115207375,0.09262672811059913
E-c,Emobloom-7b,mondrian,0.4,1,0.717357910906298,4.921658986175115,0.11735791090629799
E-c,Emobloom-7b,mondrian,0.5,1,0.6328725038402457,4.010752688172043,0.13287250384024574
E-c,Emobloom-7b,mondrian,0.6,1,0.5284178187403994,3.1566820276497696,0.12841781874039937
E-c,Emobloom-7b,mondrian,0.7,1,0.40860215053763443,2.445468509984639,0.10860215053763439
E-c,Emobloom-7b,mondrian,0.8,1,0.2995391705069124,1.9523809523809523,0.09953917050691247
E-c,Emobloom-7b,mondrian,0.9,1,0.19508448540706605,1.2887864823348694,0.09508448540706607
E-c,Emobloom-7b,mondrian,0.1,2,0.96,9.215384615384615,0.05999999999999994
E-c,Emobloom-7b,mondrian,0.2,2,0.8907692307692308,7.378461538461538,0.09076923076923071
E-c,Emobloom-7b,mondrian,0.3,2,0.84,6.103076923076923,0.14
E-c,Emobloom-7b,mondrian,0.4,2,0.7353846153846154,5.069230769230769,0.13538461538461544
E-c,Emobloom-7b,mondrian,0.5,2,0.6246153846153846,4.266153846153846,0.12461538461538457
E-c,Emobloom-7b,mondrian,0.6,2,0.5076923076923077,3.46,0.10769230769230764
E-c,Emobloom-7b,mondrian,0.7,2,0.36923076923076925,2.6338461538461537,0.0692307692307692
E-c,Emobloom-7b,mondrian,0.8,2,0.2523076923076923,1.7923076923076924,0.05230769230769233
E-c,Emobloom-7b,mondrian,0.9,2,0.14,1.2476923076923077,0.040000000000000036
E-c,Emobloom-7b,mondrian,0.1,3,0.9432515337423313,9.529141104294478,0.04325153374233126
E-c,Emobloom-7b,mondrian,0.2,3,0.8757668711656442,7.728527607361963,0.07576687116564418
E-c,Emobloom-7b,mondrian,0.3,3,0.7960122699386503,6.361963190184049,0.09601226993865031
E-c,Emobloom-7b,mondrian,0.4,3,0.7285276073619632,5.549079754601227,0.12852760736196323
E-c,Emobloom-7b,mondrian,0.5,3,0.6134969325153374,4.47239263803681,0.11349693251533743
E-c,Emobloom-7b,mondrian,0.6,3,0.5061349693251533,3.5552147239263805,0.10613496932515332
E-c,Emobloom-7b,mondrian,0.7,3,0.348159509202454,2.526073619631902,0.04815950920245393
E-c,Emobloom-7b,mondrian,0.8,3,0.2331288343558282,1.8496932515337423,0.03312883435582825
E-c,Emobloom-7b,mondrian,0.9,3,0.1196319018404908,1.2162576687116564,0.019631901840490823
E-c,Emobloom-7b,mondrian,0.1,4,0.94,9.215384615384615,0.039999999999999925
E-c,Emobloom-7b,mondrian,0.2,4,0.8692307692307693,7.235384615384615,0.0692307692307692
E-c,Emobloom-7b,mondrian,0.3,4,0.8107692307692308,6.015384615384615,0.11076923076923084
E-c,Emobloom-7b,mondrian,0.4,4,0.7307692307692307,5.112307692307692,0.13076923076923075
E-c,Emobloom-7b,mondrian,0.5,4,0.6246153846153846,4.2615384615384615,0.12461538461538457
E-c,Emobloom-7b,mondrian,0.6,4,0.49230769230769234,3.373846153846154,0.09230769230769231
E-c,Emobloom-7b,mondrian,0.7,4,0.3646153846153846,2.6276923076923078,0.06461538461538457
E-c,Emobloom-7b,mondrian,0.8,4,0.2276923076923077,1.9353846153846155,0.027692307692307738
E-c,Emobloom-7b,mondrian,0.9,4,0.12615384615384614,1.3692307692307693,0.026153846153846166
E-c,Emobloom-7b,mondrian,0.1,5,0.9279141104294478,8.45398773006135,0.027914110429447803
E-c,Emobloom-7b,mondrian,0.2,5,0.8374233128834356,6.82361963190184,0.03742331288343559
E-c,Emobloom-7b,mondrian,0.3,5,0.7822085889570553,5.75920245398773,0.0822085889570553
E-c,Emobloom-7b,mondrian,0.4,5,0.6978527607361963,4.918711656441718,0.09785276073619631
E-c,Emobloom-7b,mondrian,0.5,5,0.6134969325153374,4.147239263803681,0.11349693251533743
E-c,Emobloom-7b,mondrian,0.6,5,0.4539877300613497,3.1165644171779143,0.05398773006134966
E-c,Emobloom-7b,mondrian,0.7,5,0.37116564417177916,2.5736196319018405,0.07116564417177912
E-c,Emobloom-7b,mondrian,0.8,5,0.27607361963190186,1.8788343558282208,0.0760736196319019
E-c,Emobloom-7b,mondrian,0.9,5,0.17484662576687116,1.361963190184049,0.07484662576687118
E-c,Emobloom-7b,mondrian,0.1,6,0.9540581929555896,9.05666156202144,0.05405819295558956
E-c,Emobloom-7b,mondrian,0.2,6,0.8836140888208269,7.211332312404288,0.08361408882082688
E-c,Emobloom-7b,mondrian,0.3,6,0.7947932618683001,5.989280245022971,0.09479326186830017
E-c,Emobloom-7b,mondrian,0.4,6,0.7212863705972435,5.056661562021439,0.12128637059724356
E-c,Emobloom-7b,mondrian,0.5,6,0.6523736600306279,4.316998468606432,0.1523736600306279
E-c,Emobloom-7b,mondrian,0.6,6,0.5022970903522205,3.405819295558959,0.10229709035222045
E-c,Emobloom-7b,mondrian,0.7,6,0.37059724349157736,2.578866768759571,0.07059724349157731
E-c,Emobloom-7b,mondrian,0.8,6,0.22358346094946402,1.8514548238897397,0.023583460949464063
E-c,Emobloom-7b,mondrian,0.9,6,0.1225114854517611,1.3001531393568146,0.022511485451761126
E-c,Emobloom-7b,mondrian,0.1,7,0.9476923076923077,9.010769230769231,0.0476923076923077
E-c,Emobloom-7b,mondrian,0.2,7,0.8738461538461538,6.943076923076923,0.07384615384615378
E-c,Emobloom-7b,mondrian,0.3,7,0.7923076923076923,5.613846153846154,0.09230769230769231
E-c,Emobloom-7b,mondrian,0.4,7,0.703076923076923,4.67076923076923,0.10307692307692307
E-c,Emobloom-7b,mondrian,0.5,7,0.5953846153846154,3.893846153846154,0.0953846153846154
E-c,Emobloom-7b,mondrian,0.6,7,0.4707692307692308,3.2169230769230768,0.07076923076923075
E-c,Emobloom-7b,mondrian,0.7,7,0.3707692307692308,2.5292307692307694,0.07076923076923075
E-c,Emobloom-7b,mondrian,0.8,7,0.24769230769230768,1.9276923076923076,0.04769230769230773
E-c,Emobloom-7b,mondrian,0.9,7,0.1276923076923077,1.243076923076923,0.02769230769230771
E-c,Emobloom-7b,mondrian,0.1,8,0.9261538461538461,8.895384615384616,0.026153846153846083
E-c,Emobloom-7b,mondrian,0.2,8,0.8415384615384616,7.087692307692308,0.041538461538461524
E-c,Emobloom-7b,mondrian,0.3,8,0.7753846153846153,5.775384615384615,0.07538461538461538
E-c,Emobloom-7b,mondrian,0.4,8,0.7061538461538461,4.878461538461538,0.10615384615384615
E-c,Emobloom-7b,mondrian,0.5,8,0.6276923076923077,4.130769230769231,0.12769230769230766
E-c,Emobloom-7b,mondrian,0.6,8,0.49538461538461537,3.4307692307692306,0.09538461538461535
E-c,Emobloom-7b,mondrian,0.7,8,0.4,2.6553846153846155,0.09999999999999998
E-c,Emobloom-7b,mondrian,0.8,8,0.2676923076923077,2.0076923076923077,0.06769230769230772
E-c,Emobloom-7b,mondrian,0.9,8,0.1276923076923077,1.2446153846153847,0.02769230769230771
E-c,Emobloom-7b,mondrian,0.1,9,0.9493087557603687,9.502304147465438,0.04930875576036864
E-c,Emobloom-7b,mondrian,0.2,9,0.8755760368663594,7.287250384024578,0.07557603686635939
E-c,Emobloom-7b,mondrian,0.3,9,0.7910906298003072,6.216589861751152,0.09109062980030724
E-c,Emobloom-7b,mondrian,0.4,9,0.728110599078341,5.411674347158218,0.128110599078341
E-c,Emobloom-7b,mondrian,0.5,9,0.6113671274961597,4.470046082949309,0.11136712749615973
E-c,Emobloom-7b,mondrian,0.6,9,0.5238095238095238,3.4700460829493087,0.12380952380952381
E-c,Emobloom-7b,mondrian,0.7,9,0.3686635944700461,2.5053763440860215,0.06866359447004605
E-c,Emobloom-7b,mondrian,0.8,9,0.2626728110599078,1.9370199692780339,0.06267281105990785
E-c,Emobloom-7b,mondrian,0.9,9,0.13671274961597543,1.2165898617511521,0.036712749615975454
E-c,Emollama-7b,global,0.1,0,0.9079754601226994,7.2315950920245395,0.00797546012269934
E-c,Emollama-7b,global,0.2,0,0.8144171779141104,5.168711656441718,0.014417177914110346
E-c,Emollama-7b,global,0.3,0,0.7239263803680982,3.986196319018405,0.023926380368098243
E-c,Emollama-7b,global,0.4,0,0.6088957055214724,3.1134969325153374,0.008895705521472452
E-c,Emollama-7b,global,0.5,0,0.4938650306748466,2.539877300613497,0.006134969325153394
E-c,Emollama-7b,global,0.6,0,0.40644171779141103,2.067484662576687,0.006441717791411006
E-c,Emollama-7b,global,0.7,0,0.3282208588957055,1.6702453987730062,0.02822085889570547
E-c,Emollama-7b,global,0.8,0,0.22392638036809817,1.3987730061349692,0.023926380368098216
E-c,Emollama-7b,global,0.9,0,0.15184049079754602,1.1104294478527608,0.051840490797546046
E-c,Emollama-7b,global,0.1,1,0.9216589861751152,7.28110599078341,0.02165898617511519
E-c,Emollama-7b,global,0.2,1,0.8141321044546851,5.170506912442396,0.014132104454685046
E-c,Emollama-7b,global,0.3,1,0.7127496159754224,3.9600614439324118,0.012749615975422457
E-c,Emollama-7b,global,0.4,1,0.6067588325652842,3.109062980030722,0.006758832565284201
E-c,Emollama-7b,global,0.5,1,0.5207373271889401,2.576036866359447,0.020737327188940058
E-c,Emollama-7b,global,0.6,1,0.44086021505376344,2.172043010752688,0.040860215053763416
E-c,Emollama-7b,global,0.7,1,0.3563748079877112,1.717357910906298,0.05637480798771116
E-c,Emollama-7b,global,0.8,1,0.25499231950844853,1.4193548387096775,0.05499231950844857
E-c,Emollama-7b,global,0.9,1,0.15360983102918588,1.1290322580645162,0.0536098310291859
E-c,Emollama-7b,global,0.1,2,0.9234303215926493,7.511485451761103,0.02343032159264924
E-c,Emollama-7b,global,0.2,2,0.7978560490045942,5.267993874425727,0.0021439509954058744
E-c,Emollama-7b,global,0.3,2,0.6983154670750383,4.078101071975498,0.0016845329249616237
E-c,Emollama-7b,global,0.4,2,0.6094946401225115,3.22052067381317,0.009494640122511555
E-c,Emollama-7b,global,0.5,2,0.5022970903522205,2.6156202143950997,0.0022970903522204766
E-c,Emollama-7b,global,0.6,2,0.4211332312404288,2.1699846860643186,0.021133231240428763
E-c,Emollama-7b,global,0.7,2,0.31393568147013784,1.6462480857580397,0.013935681470137795
E-c,Emollama-7b,global,0.8,2,0.225114854517611,1.3797856049004593,0.025114854517611057
E-c,Emollama-7b,global,0.9,2,0.11179173047473201,1.0826952526799387,0.011791730474732032
E-c,Emollama-7b,global,0.1,3,0.889739663093415,6.802450229709035,0.01026033690658501
E-c,Emollama-7b,global,0.2,3,0.7871362940275651,4.996937212863706,0.012863705972434913
E-c,Emollama-7b,global,0.3,3,0.7105666156202144,4.084226646248085,0.010566615620214437
E-c,Emollama-7b,global,0.4,3,0.6125574272588055,3.209800918836141,0.012557427258805487
E-c,Emollama-7b,global,0.5,3,0.4900459418070444,2.658499234303216,0.009954058192955584
E-c,Emollama-7b,global,0.6,3,0.37059724349157736,2.0627871362940278,0.029402756508422667
E-c,Emollama-7b,global,0.7,3,0.2649310872894334,1.5926493108728943,0.03506891271056667
E-c,Emollama-7b,global,0.8,3,0.1807044410413476,1.3093415007656968,0.019295558958652342
E-c,Emollama-7b,global,0.9,3,0.10260336906584992,1.098009188361409,0.0026033690658499448
E-c,Emollama-7b,global,0.1,4,0.9356814701378254,7.687595712098009,0.03568147013782541
E-c,Emollama-7b,global,0.2,4,0.8208269525267994,5.4548238897396635,0.020826952526799336
E-c,Emollama-7b,global,0.3,4,0.7304747320061256,4.287901990811639,0.030474732006125604
E-c,Emollama-7b,global,0.4,4,0.6462480857580398,3.523736600306279,0.04624808575803985
E-c,Emollama-7b,global,0.5,4,0.5635528330781011,3.0,0.06355283307810111
E-c,Emollama-7b,global,0.6,4,0.445635528330781,2.418070444104135,0.045635528330780994
E-c,Emollama-7b,global,0.7,4,0.32465543644716693,1.8085758039816233,0.02465543644716689
E-c,Emollama-7b,global,0.8,4,0.2113323124042879,1.4318529862174578,0.011332312404287948
E-c,Emollama-7b,global,0.9,4,0.11026033690658499,1.107197549770291,0.01026033690658501
E-c,Emollama-7b,global,0.1,5,0.886676875957121,6.647779479326187,0.013323124042879053
E-c,Emollama-7b,global,0.2,5,0.7702909647779479,4.788667687595712,0.02970903522205215
E-c,Emollama-7b,global,0.3,5,0.678407350689127,3.7396630934150075,0.021592649310872902
E-c,Emollama-7b,global,0.4,5,0.5696784073506891,3.003062787136294,0.03032159264931089
E-c,Emollama-7b,global,0.5,5,0.48392036753445633,2.447166921898928,0.01607963246554367
E-c,Emollama-7b,global,0.6,5,0.38591117917304746,1.989280245022971,0.014088820826952564
E-c,Emollama-7b,global,0.7,5,0.2879019908116386,1.6018376722817764,0.012098009188361458
E-c,Emollama-7b,global,0.8,5,0.18989280245022971,1.2664624808575804,0.010107197549770242
E-c,Emollama-7b,global,0.9,5,0.11638591117917305,1.0872894333843799,0.01638591117917307
E-c,Emollama-7b,global,0.1,6,0.8943338437978561,6.6049004594180705,0.005666156202143946
E-c,Emollama-7b,global,0.2,6,0.7993874425727412,4.944869831546708,0.000612557427258853
E-c,Emollama-7b,global,0.3,6,0.7243491577335375,4.0,0.02434915773353752
E-c,Emollama-7b,global,0.4,6,0.6186830015313936,3.196018376722818,0.018683001531393573
E-c,Emollama-7b,global,0.5,6,0.4900459418070444,2.5421133231240427,0.009954058192955584
E-c,Emollama-7b,global,0.6,6,0.38284839203675347,2.0336906584992342,0.01715160796324655
E-c,Emollama-7b,global,0.7,6,0.2894333843797856,1.6202143950995407,0.010566615620214437
E-c,Emollama-7b,global,0.8,6,0.1562021439509954,1.2496171516079633,0.04379785604900455
E-c,Emollama-7b,global,0.9,6,0.11179173047473201,1.108728943338438,0.011791730474732032
E-c,Emollama-7b,global,0.1,7,0.9203675344563553,7.188361408882082,0.020367534456355307
E-c,Emollama-7b,global,0.2,7,0.8208269525267994,5.229709035222052,0.020826952526799336
E-c,Emollama-7b,global,0.3,7,0.7442572741194488,4.14854517611026,0.0442572741194488
E-c,Emollama-7b,global,0.4,7,0.6477794793261868,3.194486983154671,0.04777947932618687
E-c,Emollama-7b,global,0.5,7,0.5313935681470138,2.594180704441041,0.03139356814701377
E-c,Emollama-7b,global,0.6,7,0.4226646248085758,2.0643185298621747,0.022664624808575784
E-c,Emollama-7b,global,0.7,7,0.33843797856049007,1.6860643185298623,0.03843797856049003
E-c,Emollama-7b,global,0.8,7,0.24808575803981622,1.437978560490046,0.04808575803981627
E-c,Emollama-7b,global,0.9,7,0.16539050535987748,1.1638591117917305,0.0653905053598775
E-c,Emollama-7b,global,0.1,8,0.9157733537519143,7.214395099540582,0.015773353751914243
E-c,Emollama-7b,global,0.2,8,0.7978560490045942,5.188361408882082,0.0021439509954058744
E-c,Emollama-7b,global,0.3,8,0.7044410413476263,4.110260336906585,0.004441041347626351
E-c,Emollama-7b,global,0.4,8,0.6156202143950995,3.258805513016845,0.01562021439509953
E-c,Emollama-7b,global,0.5,8,0.5160796324655437,2.655436447166922,0.01607963246554367
E-c,Emollama-7b,global,0.6,8,0.39203675344563554,2.0796324655436447,0.007963246554364478
E-c,Emollama-7b,global,0.7,8,0.30627871362940273,1.664624808575804,0.006278713629402688
E-c,Emollama-7b,global,0.8,8,0.20214395099540583,1.3522205206738132,0.0021439509954058744
E-c,Emollama-7b,global,0.9,8,0.12557427258805512,1.110260336906585,0.02557427258805514
E-c,Emollama-7b,global,0.1,9,0.9218989280245024,7.378254211332313,0.02189892802450233
E-c,Emollama-7b,global,0.2,9,0.8101071975497703,5.237366003062787,0.010107197549770297
E-c,Emollama-7b,global,0.3,9,0.6891271056661562,3.9632465543644715,0.010872894333843752
E-c,Emollama-7b,global,0.4,9,0.6033690658499234,3.1638591117917305,0.0033690658499234694
E-c,Emollama-7b,global,0.5,9,0.5130168453292496,2.650842266462481,0.013016845329249627
E-c,Emollama-7b,global,0.6,9,0.42879019908116384,2.1929555895865236,0.028790199081163814
E-c,Emollama-7b,global,0.7,9,0.3460949464012251,1.768759571209801,0.04609494640122508
E-c,Emollama-7b,global,0.8,9,0.225114854517611,1.3966309341500767,0.025114854517611057
E-c,Emollama-7b,global,0.9,9,0.14241960183767227,1.1332312404287903,0.042419601837672294
E-c,Emollama-7b,hybrid,0.1,0,0.9233128834355828,7.608895705521473,0.0233128834355828
E-c,Emollama-7b,hybrid,0.2,0,0.852760736196319,5.843558282208589,0.052760736196318936
E-c,Emollama-7b,hybrid,0.3,0,0.7638036809815951,4.607361963190184,0.06380368098159517
E-c,Emollama-7b,hybrid,0.4,0,0.6794478527607362,3.7423312883435584,0.07944785276073618
E-c,Emollama-7b,hybrid,0.5,0,0.553680981595092,3.0506134969325154,0.05368098159509205
E-c,Emollama-7b,hybrid,0.6,0,0.47699386503067487,2.6303680981595092,0.07699386503067485
E-c,Emollama-7b,hybrid,0.7,0,0.39263803680981596,2.1855828220858897,0.09263803680981592
E-c,Emollama-7b,hybrid,0.8,0,0.2776073619631902,1.7377300613496933,0.07760736196319024
E-c,Emollama-7b,hybrid,0.9,0,0.1656441717791411,1.2760736196319018,0.06564417177914111
E-c,Emollama-7b,hybrid,0.1,1,0.9339477726574501,7.789554531490015,0.03394777265745008
E-c,Emollama-7b,hybrid,0.2,1,0.8571428571428571,5.907834101382488,0.05714285714285705
E-c,Emollama-7b,hybrid,0.3,1,0.7619047619047619,4.614439324116743,0.06190476190476191
E-c,Emollama-7b,hybrid,0.4,1,0.6728110599078341,3.758832565284178,0.0728110599078341
E-c,Emollama-7b,hybrid,0.5,1,0.5806451612903226,3.121351766513057,0.08064516129032262
E-c,Emollama-7b,hybrid,0.6,1,0.4946236559139785,2.6881720430107525,0.09462365591397848
E-c,Emollama-7b,hybrid,0.7,1,0.42089093701996927,2.23963133640553,0.12089093701996922
E-c,Emollama-7b,hybrid,0.8,1,0.32872503840245776,1.792626728110599,0.1287250384024578
E-c,Emollama-7b,hybrid,0.9,1,0.18433179723502305,1.2780337941628264,0.08433179723502307
E-c,Emollama-7b,hybrid,0.1,2,0.9402756508422665,8.127105666156202,0.040275650842266475
E-c,Emollama-7b,hybrid,0.2,2,0.8483920367534457,5.973966309341501,0.04839203675344561
E-c,Emollama-7b,hybrid,0.3,2,0.7320061255742726,4.71822358346095,0.032006125574272626
E-c,Emollama-7b,hybrid,0.4,2,0.6584992343032159,3.8346094946401226,0.05849923430321591
E-c,Emollama-7b,hybrid,0.5,2,0.5788667687595712,3.2128637059724348,0.07886676875957122
E-c,Emollama-7b,hybrid,0.6,2,0.4762633996937213,2.69218989280245,0.07626339969372126
E-c,Emollama-7b,hybrid,0.7,2,0.3767228177641654,2.131699846860643,0.07672281776416534
E-c,Emollama-7b,hybrid,0.8,2,0.28024502297090353,1.7274119448698315,0.08024502297090358
E-c,Emollama-7b,hybrid,0.9,2,0.14548238897396631,1.206738131699847,0.04548238897396634
E-c,Emollama-7b,hybrid,0.1,3,0.9142419601837672,7.522205206738132,0.014241960183767222
E-c,Emollama-7b,hybrid,0.2,3,0.8300153139356815,5.732006125574273,0.030015313935681465
E-c,Emollama-7b,hybrid,0.3,3,0.7580398162327718,4.673813169984686,0.05803981623277188
E-c,Emollama-7b,hybrid,0.4,3,0.6722817764165391,3.8437978560490045,0.0722817764165391
E-c,Emollama-7b,hybrid,0.5,3,0.5834609494640123,3.2603369065849925,0.08346094946401228
E-c,Emollama-7b,hybrid,0.6,3,0.4548238897396631,2.658499234303216,0.05482388973966307
E-c,Emollama-7b,hybrid,0.7,3,0.3231240428790199,2.1301684532924963,0.023124042879019868
E-c,Emollama-7b,hybrid,0.8,3,0.20367534456355282,1.6033690658499233,0.003675344563552868
E-c,Emollama-7b,hybrid,0.9,3,0.11944869831546708,1.2021439509954057,0.019448698315467097
E-c,Emollama-7b,hybrid,0.1,4,0.9448698315467075,8.114854517611025,0.04486983154670743
E-c,Emollama-7b,hybrid,0.2,4,0.8575803981623277,6.131699846860643,0.05758039816232763
E-c,Emollama-7b,hybrid,0.3,4,0.7733537519142419,4.880551301684533,0.07335375191424198
E-c,Emollama-7b,hybrid,0.4,4,0.7059724349157733,4.084226646248085,0.10597243491577335
E-c,Emollama-7b,hybrid,0.5,4,0.6186830015313936,3.5114854517611027,0.11868300153139355
E-c,Emollama-7b,hybrid,0.6,4,0.5222052067381318,3.001531393568147,0.12220520673813173
E-c,Emollama-7b,hybrid,0.7,4,0.42725880551301687,2.4793261868300154,0.12725880551301683
E-c,Emollama-7b,hybrid,0.8,4,0.2664624808575804,1.8529862174578866,0.06646248085758044
E-c,Emollama-7b,hybrid,0.9,4,0.13782542113323124,1.2480857580398161,0.03782542113323126
E-c,Emollama-7b,hybrid,0.1,5,0.9096477794793262,7.258805513016846,0.009647779479326157
E-c,Emollama-7b,hybrid,0.2,5,0.8055130168453293,5.4104134762633995,0.005513016845329233
E-c,Emollama-7b,hybrid,0.3,5,0.7320061255742726,4.39969372128637,0.032006125574272626
E-c,Emollama-7b,hybrid,0.4,5,0.6370597243491577,3.5895865237366005,0.03705972434915772
E-c,Emollama-7b,hybrid,0.5,5,0.5405819295558959,3.012251148545176,0.0405819295558959
E-c,Emollama-7b,hybrid,0.6,5,0.4563552833078101,2.586523736600306,0.05635528330781009
E-c,Emollama-7b,hybrid,0.7,5,0.35222052067381315,2.091883614088821,0.05222052067381311
E-c,Emollama-7b,hybrid,0.8,5,0.22052067381316998,1.5727411944869831,0.02052067381317002
E-c,Emollama-7b,hybrid,0.9,5,0.14088820826952528,1.1868300153139357,0.0408882082695253
E-c,Emollama-7b,hybrid,0.1,6,0.9234303215926493,7.286370597243492,0.02343032159264924
E-c,Emollama-7b,hybrid,0.2,6,0.8453292496171516,5.66156202143951,0.04532924961715157
E-c,Emollama-7b,hybrid,0.3,6,0.7733537519142419,4.614088820826953,0.07335375191424198
E-c,Emollama-7b,hybrid,0.4,6,0.6937212863705973,3.776416539050536,0.09372128637059729
E-c,Emollama-7b,hybrid,0.5,6,0.5712098009188361,3.125574272588055,0.07120980091883611
E-c,Emollama-7b,hybrid,0.6,6,0.44104134762633995,2.5696784073506893,0.04104134762633993
E-c,Emollama-7b,hybrid,0.7,6,0.3537519142419602,2.104134762633997,0.05375191424196013
E-c,Emollama-7b,hybrid,0.8,6,0.1990811638591118,1.5267993874425727,0.0009188361408881685
E-c,Emollama-7b,hybrid,0.9,6,0.12710566615620214,1.1883614088820826,0.027105666156202163
E-c,Emollama-7b,hybrid,0.1,7,0.9418070444104135,7.891271056661562,0.041807044410413496
E-c,Emollama-7b,hybrid,0.2,7,0.8591117917304747,5.940275650842266,0.05911179173047465
E-c,Emollama-7b,hybrid,0.3,7,0.7917304747320061,4.7687595712098005,0.09173047473200613
E-c,Emollama-7b,hybrid,0.4,7,0.7090352220520674,3.875957120980092,0.1090352220520674
E-c,Emollama-7b,hybrid,0.5,7,0.6094946401225115,3.2664624808575806,0.10949464012251153
E-c,Emollama-7b,hybrid,0.6,7,0.48238897396630936,2.672281776416539,0.08238897396630934
E-c,Emollama-7b,hybrid,0.7,7,0.39203675344563554,2.2067381316998467,0.0920367534456355
E-c,Emollama-7b,hybrid,0.8,7,0.29249617151607965,1.773353751914242,0.0924961715160797
E-c,Emollama-7b,hybrid,0.9,7,0.18376722817764166,1.2434915773353752,0.08376722817764168
E-c,Emollama-7b,hybrid,0.1,8,0.9356814701378254,7.885145482388974,0.03568147013782541
E-c,Emollama-7b,hybrid,0.2,8,0.8330781010719756,5.695252679938744,0.03307810107197551
E-c,Emollama-7b,hybrid,0.3,8,0.7519142419601837,4.660030627871363,0.05191424196018379
E-c,Emollama-7b,hybrid,0.4,8,0.6799387442572741,3.8989280245022973,0.0799387442572741
E-c,Emollama-7b,hybrid,0.5,8,0.5880551301684533,3.2879019908116387,0.08805513016845334
E-c,Emollama-7b,hybrid,0.6,8,0.49617151607963245,2.7442572741194486,0.09617151607963242
E-c,Emollama-7b,hybrid,0.7,8,0.37978560490045943,2.1715160796324655,0.07978560490045938
E-c,Emollama-7b,hybrid,0.8,8,0.26186830015313933,1.7105666156202144,0.06186830015313938
E-c,Emollama-7b,hybrid,0.9,8,0.14241960183767227,1.1852986217457886,0.042419601837672294
E-c,Emollama-7b,hybrid,0.1,9,0.9418070444104135,8.131699846860643,0.041807044410413496
E-c,Emollama-7b,hybrid,0.2,9,0.8545176110260337,5.848392036753445,0.0545176110260337
E-c,Emollama-7b,hybrid,0.3,9,0.7457886676875957,4.526799387442573,0.04578866768759571
E-c,Emollama-7b,hybrid,0.4,9,0.666156202143951,3.7427258805513017,0.06615620214395102
E-c,Emollama-7b,hybrid,0.5,9,0.5803981623277182,3.1638591117917305,0.08039816232771824
E-c,Emollama-7b,hybrid,0.6,9,0.48238897396630936,2.664624808575804,0.08238897396630934
E-c,Emollama-7b,hybrid,0.7,9,0.3889739663093415,2.1761102603369067,0.08897396630934146
E-c,Emollama-7b,hybrid,0.8,9,0.29555895865237364,1.7503828483920367,0.09555895865237368
E-c,Emollama-7b,hybrid,0.9,9,0.17917304747320062,1.2756508422664625,0.07917304747320064
E-c,Emollama-7b,mondrian,0.1,0,0.9371165644171779,8.340490797546012,0.03711656441717792
E-c,Emollama-7b,mondrian,0.2,0,0.8788343558282209,6.455521472392638,0.07883435582822085
E-c,Emollama-7b,mondrian,0.3,0,0.7929447852760736,5.25,0.09294478527607364
E-c,Emollama-7b,mondrian,0.4,0,0.7147239263803681,4.4447852760736195,0.1147239263803681
E-c,Emollama-7b,mondrian,0.5,0,0.588957055214724,3.670245398773006,0.08895705521472397
E-c,Emollama-7b,mondrian,0.6,0,0.5076687116564417,3.0460122699386503,0.10766871165644165
E-c,Emollama-7b,mondrian,0.7,0,0.4125766871165644,2.483128834355828,0.11257668711656438
E-c,Emollama-7b,mondrian,0.8,0,0.2898773006134969,1.8987730061349692,0.08987730061349697
E-c,Emollama-7b,mondrian,0.9,0,0.16257668711656442,1.3450920245398772,0.06257668711656444
E-c,Emollama-7b,mondrian,0.1,1,0.9416282642089093,8.296466973886329,0.041628264208909305
E-c,Emollama-7b,mondrian,0.2,1,0.8847926267281107,6.691244239631336,0.08479262672811061
E-c,Emollama-7b,mondrian,0.3,1,0.7972350230414746,5.411674347158218,0.09723502304147469
E-c,Emollama-7b,mondrian,0.4,1,0.7250384024577573,4.516129032258065,0.12503840245775732
E-c,Emollama-7b,mondrian,0.5,1,0.6159754224270353,3.728110599078341,0.11597542242703529
E-c,Emollama-7b,mondrian,0.6,1,0.5192012288786483,3.055299539170507,0.11920122887864826
E-c,Emollama-7b,mondrian,0.7,1,0.43164362519201227,2.4301075268817205,0.13164362519201223
E-c,Emollama-7b,mondrian,0.8,1,0.3317972350230415,1.8632872503840245,0.13179723502304153
E-c,Emollama-7b,mondrian,0.9,1,0.19047619047619047,1.2964669738863288,0.09047619047619049
E-c,Emollama-7b,mondrian,0.1,2,0.9479326186830015,8.921898928024502,0.04793261868300147
E-c,Emollama-7b,mondrian,0.2,2,0.8728943338437979,6.888208269525268,0.07289433384379784
E-c,Emollama-7b,mondrian,0.3,2,0.7963246554364471,5.73353751914242,0.09632465543644719
E-c,Emollama-7b,mondrian,0.4,2,0.6952526799387443,4.6156202143951,0.09525267993874431
E-c,Emollama-7b,mondrian,0.5,2,0.6140888208269525,3.8545176110260337,0.11408882082695249
E-c,Emollama-7b,mondrian,0.6,2,0.49770290964777947,3.1424196018376724,0.09770290964777945
E-c,Emollama-7b,mondrian,0.7,2,0.3905053598774885,2.333843797856049,0.09050535987748848
E-c,Emollama-7b,mondrian,0.8,2,0.2879019908116386,1.8376722817764166,0.08790199081163863
E-c,Emollama-7b,mondrian,0.9,2,0.13935681470137826,1.2358346094946402,0.03935681470137828
E-c,Emollama-7b,mondrian,0.1,3,0.9280245022970903,8.258805513016846,0.028024502297090303
E-c,Emollama-7b,mondrian,0.2,3,0.8453292496171516,6.477794793261868,0.04532924961715157
E-c,Emollama-7b,mondrian,0.3,3,0.7825421133231241,5.392036753445636,0.08254211332312411
E-c,Emollama-7b,mondrian,0.4,3,0.7013782542113323,4.430321592649311,0.10137825421133229
E-c,Emollama-7b,mondrian,0.5,3,0.6110260336906586,3.7304747320061256,0.11102603369065855
E-c,Emollama-7b,mondrian,0.6,3,0.47473200612557426,3.0336906584992342,0.07473200612557424
E-c,Emollama-7b,mondrian,0.7,3,0.33996937212863704,2.2924961715160794,0.03996937212863699
E-c,Emollama-7b,mondrian,0.8,3,0.22970903522205208,1.7641653905053598,0.02970903522205212
E-c,Emollama-7b,mondrian,0.9,3,0.1225114854517611,1.226646248085758,0.022511485451761126
E-c,Emollama-7b,mondrian,0.1,4,0.9525267993874426,8.637059724349157,0.052526799387442535
E-c,Emollama-7b,mondrian,0.2,4,0.8744257274119449,6.725880551301684,0.07442572741194486
E-c,Emollama-7b,mondrian,0.3,4,0.8070444104134763,5.5742725880551305,0.10704441041347634
E-c,Emollama-7b,mondrian,0.4,4,0.7289433384379785,4.675344563552833,0.12894333843797856
E-c,Emollama-7b,mondrian,0.5,4,0.6539050535987749,4.0,0.15390505359877493
E-c,Emollama-7b,mondrian,0.6,4,0.5405819295558959,3.2986217457886675,0.14058192955589588
E-c,Emollama-7b,mondrian,0.7,4,0.444104134762634,2.7151607963246556,0.14410413476263395
E-c,Emollama-7b,mondrian,0.8,4,0.27565084226646247,1.9724349157733538,0.07565084226646251
E-c,Emollama-7b,mondrian,0.9,4,0.13476263399693722,1.2955589586523737,0.03476263399693724
E-c,Emollama-7b,mondrian,0.1,5,0.9234303215926493,8.113323124042878,0.02343032159264924
E-c,Emollama-7b,mondrian,0.2,5,0.8315467075038285,6.424196018376723,0.031546707503828486
E-c,Emollama-7b,mondrian,0.3,5,0.7534456355283308,5.284839203675345,0.053445635528330815
E-c,Emollama-7b,mondrian,0.4,5,0.6722817764165391,4.467075038284839,0.0722817764165391
E-c,Emollama-7b,mondrian,0.5,5,0.5742725880551302,3.6202143950995405,0.07427258805513015
E-c,Emollama-7b,mondrian,0.6,5,0.4793261868300153,3.0107197549770293,0.0793261868300153
E-c,Emollama-7b,mondrian,0.7,5,0.35987748851454826,2.339969372128637,0.059877488514548216
E-c,Emollama-7b,mondrian,0.8,5,0.22358346094946402,1.6845329249617151,0.023583460949464063
E-c,Emollama-7b,mondrian,0.9,5,0.14241960183767227,1.214395099540582,0.042419601837672294
E-c,Emollama-7b,mondrian,0.1,6,0.9387442572741195,7.993874425727412,0.038744257274119454
E-c,Emollama-7b,mondrian,0.2,6,0.8683001531393568,6.289433384379786,0.06830015313935678
E-c,Emollama-7b,mondrian,0.3,6,0.8009188361408882,5.271056661562022,0.10091883614088826
E-c,Emollama-7b,mondrian,0.4,6,0.7243491577335375,4.4548238897396635,0.1243491577335375
E-c,Emollama-7b,mondrian,0.5,6,0.6079632465543645,3.7243491577335375,0.10796324655436451
E-c,Emollama-7b,mondrian,0.6,6,0.4609494640122512,2.885145482388974,0.06094946401225115
E-c,Emollama-7b,mondrian,0.7,6,0.36447166921898927,2.2802450229709037,0.06447166921898922
E-c,Emollama-7b,mondrian,0.8,6,0.23736600306278713,1.7427258805513017,0.03736600306278717
E-c,Emollama-7b,mondrian,0.9,6,0.12404287901990811,1.231240428790199,0.024042879019908134
E-c,Emollama-7b,mondrian,0.1,7,0.9509954058192955,8.50229709035222,0.050995405819295514
E-c,Emollama-7b,mondrian,0.2,7,0.886676875957121,6.679938744257274,0.08667687595712092
E-c,Emollama-7b,mondrian,0.3,7,0.8269525267993875,5.551301684532925,0.1269525267993875
E-c,Emollama-7b,mondrian,0.4,7,0.7488514548238897,4.407350689127106,0.14885145482388973
E-c,Emollama-7b,mondrian,0.5,7,0.6416539050535988,3.7197549770290963,0.14165390505359876
E-c,Emollama-7b,mondrian,0.6,7,0.5053598774885145,2.970903522205207,0.1053598774885145
E-c,Emollama-7b,mondrian,0.7,7,0.40428790199081166,2.341500765696784,0.10428790199081162
E-c,Emollama-7b,mondrian,0.8,7,0.29402756508422667,1.8223583460949464,0.09402756508422672
E-c,Emollama-7b,mondrian,0.9,7,0.18529862174578868,1.2526799387442573,0.0852986217457887
E-c,Emollama-7b,mondrian,0.1,8,0.9525267993874426,8.820826952526799,0.052526799387442535
E-c,Emollama-7b,mondrian,0.2,8,0.8591117917304747,6.2603369065849925,0.05911179173047465
E-c,Emollama-7b,mondrian,0.3,8,0.77947932618683,5.35375191424196,0.07947932618683007
E-c,Emollama-7b,mondrian,0.4,8,0.7075038284839203,4.51301684532925,0.10750382848392037
E-c,Emollama-7b,mondrian,0.5,8,0.6186830015313936,3.670750382848392,0.11868300153139355
E-c,Emollama-7b,mondrian,0.6,8,0.5130168453292496,3.0336906584992342,0.1130168453292496
E-c,Emollama-7b,mondrian,0.7,8,0.39203675344563554,2.3828483920367534,0.0920367534456355
E-c,Emollama-7b,mondrian,0.8,8,0.2725880551301684,1.8208269525267995,0.07258805513016847
E-c,Emollama-7b,mondrian,0.9,8,0.13935681470137826,1.212863705972435,0.03935681470137828
E-c,Emollama-7b,mondrian,0.1,9,0.9555895865237366,8.946401225114855,0.05558958652373658
E-c,Emollama-7b,mondrian,0.2,9,0.877488514548239,6.74885145482389,0.07748851454823891
E-c,Emollama-7b,mondrian,0.3,9,0.7871362940275651,5.3644716692189895,0.08713629402756518
E-c,Emollama-7b,mondrian,0.4,9,0.7090352220520674,4.336906584992343,0.1090352220520674
E-c,Emollama-7b,mondrian,0.5,9,0.6202143950995406,3.532924961715161,0.12021439509954057
E-c,Emollama-7b,mondrian,0.6,9,0.5022970903522205,2.88208269525268,0.10229709035222045
E-c,Emollama-7b,mondrian,0.7,9,0.39509954058192953,2.2924961715160794,0.09509954058192949
E-c,Emollama-7b,mondrian,0.8,9,0.29709035222052066,1.785604900459418,0.0970903522205207
E-c,Emollama-7b,mondrian,0.9,9,0.18223583460949463,1.3016845329249618,0.08223583460949466
E-c,Emollama-chat-13b,global,0.1,0,0.901840490797546,6.9371165644171775,0.0018404907975460016
E-c,Emollama-chat-13b,global,0.2,0,0.7852760736196319,4.973926380368098,0.014723926380368124
E-c,Emollama-chat-13b,global,0.3,0,0.6901840490797546,3.8604294478527605,0.009815950920245342
E-c,Emollama-chat-13b,global,0.4,0,0.5659509202453987,2.934049079754601,0.03404907975460125
E-c,Emollama-chat-13b,global,0.5,0,0.46932515337423314,2.401840490797546,0.03067484662576686
E-c,Emollama-chat-13b,global,0.6,0,0.4049079754601227,2.065950920245399,0.004907975460122671
E-c,Emollama-chat-13b,global,0.7,0,0.3159509202453988,1.6886503067484662,0.015950920245398736
E-c,Emollama-chat-13b,global,0.8,0,0.2116564417177914,1.3742331288343559,0.011656441717791455
E-c,Emollama-chat-13b,global,0.9,0,0.14570552147239263,1.1180981595092025,0.04570552147239265
E-c,Emollama-chat-13b,global,0.1,1,0.9050535987748851,6.952526799387442,0.005053598774885093
E-c,Emollama-chat-13b,global,0.2,1,0.8116385911179173,5.111791730474732,0.011638591117917207
E-c,Emollama-chat-13b,global,0.3,1,0.7151607963246555,3.9632465543644715,0.015160796324655501
E-c,Emollama-chat-13b,global,0.4,1,0.6401225114854517,3.225114854517611,0.04012251148545176
E-c,Emollama-chat-13b,global,0.5,1,0.5283307810107197,2.578866768759571,0.02833078101071973
E-c,Emollama-chat-13b,global,0.6,1,0.44869831546707506,2.1577335375191424,0.04869831546707504
E-c,Emollama-chat-13b,global,0.7,1,0.3460949464012251,1.7182235834609494,0.04609494640122508
E-c,Emollama-chat-13b,global,0.8,1,0.21592649310872894,1.346094946401225,0.015926493108728984
E-c,Emollama-chat-13b,global,0.9,1,0.1439509954058193,1.0995405819295558,0.043950995405819315
E-c,Emollama-chat-13b,global,0.1,2,0.9065849923430321,6.966309341500765,0.0065849923430321144
E-c,Emollama-chat-13b,global,0.2,2,0.8101071975497703,5.241960183767228,0.010107197549770297
E-c,Emollama-chat-13b,global,0.3,2,0.7120980091883614,4.027565084226646,0.012098009188361458
E-c,Emollama-chat-13b,global,0.4,2,0.6003062787136294,3.1607963246554363,0.0003062787136294265
E-c,Emollama-chat-13b,global,0.5,2,0.49617151607963245,2.5635528330781012,0.0038284839203675536
E-c,Emollama-chat-13b,global,0.6,2,0.3996937212863706,2.11791730474732,0.0003062787136294265
E-c,Emollama-chat-13b,global,0.7,2,0.30474732006125577,1.66156202143951,0.004747320061255722
E-c,Emollama-chat-13b,global,0.8,2,0.20367534456355282,1.3598774885145481,0.003675344563552868
E-c,Emollama-chat-13b,global,0.9,2,0.11179173047473201,1.0658499234303216,0.011791730474732032
E-c,Emollama-chat-13b,global,0.1,3,0.9142419601837672,6.900459418070444,0.014241960183767222
E-c,Emollama-chat-13b,global,0.2,3,0.8208269525267994,5.14854517611026,0.020826952526799336
E-c,Emollama-chat-13b,global,0.3,3,0.7289433384379785,4.013782542113323,0.028943338437978583
E-c,Emollama-chat-13b,global,0.4,3,0.6217457886676876,3.125574272588055,0.021745788667687616
E-c,Emollama-chat-13b,global,0.5,3,0.5053598774885145,2.525267993874426,0.0053598774885145195
E-c,Emollama-chat-13b,global,0.6,3,0.39663093415007655,2.0673813169984685,0.0033690658499234694
E-c,Emollama-chat-13b,global,0.7,3,0.2833078101071976,1.5712098009188362,0.016692189892802467
E-c,Emollama-chat-13b,global,0.8,3,0.19448698315467075,1.2787136294027566,0.005513016845329205
E-c,Emollama-chat-13b,global,0.9,3,0.10566615620214395,1.0627871362940275,0.005666156202143974
E-c,Emollama-chat-13b,global,0.1,4,0.9248466257668712,7.314417177914111,0.024846625766871133
E-c,Emollama-chat-13b,global,0.2,4,0.8174846625766872,5.2975460122699385,0.017484662576687127
E-c,Emollama-chat-13b,global,0.3,4,0.7116564417177914,4.134969325153374,0.011656441717791455
E-c,Emollama-chat-13b,global,0.4,4,0.6380368098159509,3.3604294478527605,0.03803680981595092
E-c,Emollama-chat-13b,global,0.5,4,0.5291411042944786,2.665644171779141,0.02914110429447858
E-c,Emollama-chat-13b,global,0.6,4,0.42024539877300615,2.1671779141104293,0.02024539877300613
E-c,Emollama-chat-13b,global,0.7,4,0.3343558282208589,1.7453987730061349,0.034355828220858864
E-c,Emollama-chat-13b,global,0.8,4,0.2116564417177914,1.3420245398773005,0.011656441717791455
E-c,Emollama-chat-13b,global,0.9,4,0.14263803680981596,1.1058282208588956,0.04263803680981598
E-c,Emollama-chat-13b,global,0.1,5,0.9081163859111792,6.675344563552833,0.008116385911179136
E-c,Emollama-chat-13b,global,0.2,5,0.7932618683001531,4.860643185298621,0.006738131699846939
E-c,Emollama-chat-13b,global,0.3,5,0.666156202143951,3.664624808575804,0.03384379785604896
E-c,Emollama-chat-13b,global,0.4,5,0.5681470137825421,2.872894333843798,0.03185298621745791
E-c,Emollama-chat-13b,global,0.5,5,0.4777947932618683,2.3920367534456357,0.0222052067381317
E-c,Emollama-chat-13b,global,0.6,5,0.36906584992343033,1.9234303215926494,0.03093415007656969
E-c,Emollama-chat-13b,global,0.7,5,0.30627871362940273,1.6018376722817764,0.006278713629402688
E-c,Emollama-chat-13b,global,0.8,5,0.222052067381317,1.326186830015314,0.022052067381317042
E-c,Emollama-chat-13b,global,0.9,5,0.14241960183767227,1.0888208269525268,0.042419601837672294
E-c,Emollama-chat-13b,global,0.1,6,0.9035222052067381,6.549770290964778,0.0035222052067380716
E-c,Emollama-chat-13b,global,0.2,6,0.8192955589586524,5.010719754977029,0.019295558958652315
E-c,Emollama-chat-13b,global,0.3,6,0.7274119448698315,3.9601837672281777,0.02741194486983156
E-c,Emollama-chat-13b,global,0.4,6,0.6263399693721287,3.0781010719754978,0.02633996937212868
E-c,Emollama-chat-13b,global,0.5,6,0.5068912710566615,2.5206738131699846,0.006891271056661541
E-c,Emollama-chat-13b,global,0.6,6,0.38131699846860645,2.0306278713629404,0.018683001531393573
E-c,Emollama-chat-13b,global,0.7,6,0.28024502297090353,1.6217457886676876,0.01975497702909651
E-c,Emollama-chat-13b,global,0.8,6,0.18223583460949463,1.2741194486983154,0.01776416539050532
E-c,Emollama-chat-13b,global,0.9,6,0.10566615620214395,1.0719754977029097,0.005666156202143974
E-c,Emollama-chat-13b,global,0.1,7,0.9263803680981595,7.200920245398773,0.026380368098159468
E-c,Emollama-chat-13b,global,0.2,7,0.8282208588957055,5.217791411042945,0.02822085889570547
E-c,Emollama-chat-13b,global,0.3,7,0.7377300613496932,4.052147239263804,0.037730061349693256
E-c,Emollama-chat-13b,global,0.4,7,0.6303680981595092,3.1165644171779143,0.03036809815950925
E-c,Emollama-chat-13b,global,0.5,7,0.5720858895705522,2.687116564417178,0.07208588957055218
E-c,Emollama-chat-13b,global,0.6,7,0.4325153374233129,2.1533742331288344,0.03251533742331286
E-c,Emollama-chat-13b,global,0.7,7,0.3220858895705521,1.687116564417178,0.022085889570552075
E-c,Emollama-chat-13b,global,0.8,7,0.2361963190184049,1.3941717791411044,0.03619631901840495
E-c,Emollama-chat-13b,global,0.9,7,0.12883435582822086,1.0812883435582823,0.028834355828220887
E-c,Emollama-chat-13b,global,0.1,8,0.9127105666156202,7.16385911179173,0.0127105666156202
E-c,Emollama-chat-13b,global,0.2,8,0.7978560490045942,5.168453292496172,0.0021439509954058744
E-c,Emollama-chat-13b,global,0.3,8,0.6952526799387443,3.9892802450229707,0.0047473200612556665
E-c,Emollama-chat-13b,global,0.4,8,0.5957120980091883,3.1225114854517613,0.004287901990811638
E-c,Emollama-chat-13b,global,0.5,8,0.49157733537519144,2.509954058192956,0.008422664624808562
E-c,Emollama-chat-13b,global,0.6,8,0.39356814701378257,2.107197549770291,0.006431852986217457
E-c,Emollama-chat-13b,global,0.7,8,0.2725880551301684,1.6140888208269526,0.027411944869831617
E-c,Emollama-chat-13b,global,0.8,8,0.16998468606431852,1.2649310872894335,0.030015313935681437
E-c,Emollama-chat-13b,global,0.9,8,0.12098009188361408,1.0857580398162328,0.020980091883614105
E-c,Emollama-chat-13b,global,0.1,9,0.9372128637059725,7.2465543644716695,0.03721286370597243
E-c,Emollama-chat-13b,global,0.2,9,0.8361408882082695,5.330781010719755,0.03614088820826944
E-c,Emollama-chat-13b,global,0.3,9,0.7366003062787136,3.9892802450229707,0.03660030627871369
E-c,Emollama-chat-13b,global,0.4,9,0.6217457886676876,3.134762633996937,0.021745788667687616
E-c,Emollama-chat-13b,global,0.5,9,0.5405819295558959,2.5911179173047474,0.0405819295558959
E-c,Emollama-chat-13b,global,0.6,9,0.45788667687595713,2.215926493108729,0.05788667687595711
E-c,Emollama-chat-13b,global,0.7,9,0.3430321592649311,1.773353751914242,0.043032159264931036
E-c,Emollama-chat-13b,global,0.8,9,0.23124042879019907,1.3828483920367534,0.031240428790199115
E-c,Emollama-chat-13b,global,0.9,9,0.14854517611026033,1.122511485451761,0.04854517611026035
E-c,Emollama-chat-13b,hybrid,0.1,0,0.9401840490797546,7.691717791411043,0.04018404907975459
E-c,Emollama-chat-13b,hybrid,0.2,0,0.8297546012269938,5.852760736196319,0.029754601226993804
E-c,Emollama-chat-13b,hybrid,0.3,0,0.7607361963190185,4.733128834355829,0.0607361963190185
E-c,Emollama-chat-13b,hybrid,0.4,0,0.6411042944785276,3.6978527607361964,0.04110429447852759
E-c,Emollama-chat-13b,hybrid,0.5,0,0.5414110429447853,3.0306748466257667,0.04141104294478526
E-c,Emollama-chat-13b,hybrid,0.6,0,0.46319018404907975,2.6303680981595092,0.06319018404907972
E-c,Emollama-chat-13b,hybrid,0.7,0,0.3911042944785276,2.188650306748466,0.09110429447852758
E-c,Emollama-chat-13b,hybrid,0.8,0,0.26993865030674846,1.7116564417177915,0.0699386503067485
E-c,Emollama-chat-13b,hybrid,0.9,0,0.1411042944785276,1.2147239263803682,0.04110429447852762
E-c,Emollama-chat-13b,hybrid,0.1,1,0.9372128637059725,7.520673813169985,0.03721286370597243
E-c,Emollama-chat-13b,hybrid,0.2,1,0.8621745788667687,5.825421133231241,0.06217457886676869
E-c,Emollama-chat-13b,hybrid,0.3,1,0.774885145482389,4.597243491577335,0.074885145482389
E-c,Emollama-chat-13b,hybrid,0.4,1,0.6967840735068913,3.8698315467075037,0.09678407350689133
E-c,Emollama-chat-13b,hybrid,0.5,1,0.6263399693721287,3.2909647779479325,0.12633996937212866
E-c,Emollama-chat-13b,hybrid,0.6,1,0.5267993874425727,2.7656967840735067,0.1267993874425727
E-c,Emollama-chat-13b,hybrid,0.7,1,0.450229709035222,2.3751914241960184,0.15022970903522198
E-c,Emollama-chat-13b,hybrid,0.8,1,0.28483920367534454,1.7565084226646248,0.08483920367534459
E-c,Emollama-chat-13b,hybrid,0.9,1,0.16845329249617153,1.2358346094946402,0.06845329249617155
E-c,Emollama-chat-13b,hybrid,0.1,2,0.9173047473200613,7.405819295558959,0.017304747320061264
E-c,Emollama-chat-13b,hybrid,0.2,2,0.8591117917304747,5.9326186830015315,0.05911179173047465
E-c,Emollama-chat-13b,hybrid,0.3,2,0.7718223583460949,4.793261868300153,0.07182235834609496
E-c,Emollama-chat-13b,hybrid,0.4,2,0.664624808575804,3.872894333843798,0.064624808575804
E-c,Emollama-chat-13b,hybrid,0.5,2,0.5666156202143952,3.1500765696784074,0.06661562021439515
E-c,Emollama-chat-13b,hybrid,0.6,2,0.47013782542113325,2.644716692189893,0.07013782542113323
E-c,Emollama-chat-13b,hybrid,0.7,2,0.37059724349157736,2.222052067381317,0.07059724349157731
E-c,Emollama-chat-13b,hybrid,0.8,2,0.25267993874425726,1.6294027565084226,0.052679938744257304
E-c,Emollama-chat-13b,hybrid,0.9,2,0.15313935681470137,1.234303215926493,0.05313935681470139
E-c,Emollama-chat-13b,hybrid,0.1,3,0.9387442572741195,7.612557427258806,0.038744257274119454
E-c,Emollama-chat-13b,hybrid,0.2,3,0.8637059724349158,5.807044410413476,0.06370597243491571
E-c,Emollama-chat-13b,hybrid,0.3,3,0.7856049004594181,4.735068912710567,0.08560490045941815
E-c,Emollama-chat-13b,hybrid,0.4,3,0.6967840735068913,3.8483920367534457,0.09678407350689133
E-c,Emollama-chat-13b,hybrid,0.5,3,0.5880551301684533,3.1776416539050536,0.08805513016845334
E-c,Emollama-chat-13b,hybrid,0.6,3,0.46248085758039814,2.6232771822358347,0.06248085758039812
E-c,Emollama-chat-13b,hybrid,0.7,3,0.35834609494640124,2.124042879019908,0.058346094946401195
E-c,Emollama-chat-13b,hybrid,0.8,3,0.222052067381317,1.557427258805513,0.022052067381317042
E-c,Emollama-chat-13b,hybrid,0.9,3,0.12557427258805512,1.1822358346094946,0.02557427258805514
E-c,Emollama-chat-13b,hybrid,0.1,4,0.946319018404908,7.976993865030675,0.04631901840490793
E-c,Emollama-chat-13b,hybrid,0.2,4,0.8604294478527608,5.815950920245399,0.06042944785276072
E-c,Emollama-chat-13b,hybrid,0.3,4,0.7653374233128835,4.763803680981595,0.0653374233128835
E-c,Emollama-chat-13b,hybrid,0.4,4,0.691717791411043,3.98159509202454,0.09171779141104297
E-c,Emollama-chat-13b,hybrid,0.5,4,0.6042944785276073,3.348159509202454,0.10429447852760731
E-c,Emollama-chat-13b,hybrid,0.6,4,0.5015337423312883,2.7837423312883436,0.10153374233128831
E-c,Emollama-chat-13b,hybrid,0.7,4,0.3987730061349693,2.236196319018405,0.09877300613496925
E-c,Emollama-chat-13b,hybrid,0.8,4,0.25920245398773006,1.6610429447852761,0.05920245398773011
E-c,Emollama-chat-13b,hybrid,0.9,4,0.16257668711656442,1.2269938650306749,0.06257668711656444
E-c,Emollama-chat-13b,hybrid,0.1,5,0.9280245022970903,7.3843797856049,0.028024502297090303
E-c,Emollama-chat-13b,hybrid,0.2,5,0.8376722817764165,5.5742725880551305,0.03767228177641646
E-c,Emollama-chat-13b,hybrid,0.3,5,0.7381316998468607,4.451761102603369,0.03813169984686071
E-c,Emollama-chat-13b,hybrid,0.4,5,0.6294027565084227,3.57427258805513,0.029402756508422723
E-c,Emollama-chat-13b,hybrid,0.5,5,0.5604900459418071,3.0336906584992342,0.06049004594180707
E-c,Emollama-chat-13b,hybrid,0.6,5,0.45941807044410415,2.6110260336906586,0.05941807044410413
E-c,Emollama-chat-13b,hybrid,0.7,5,0.3460949464012251,2.098009188361409,0.04609494640122508
E-c,Emollama-chat-13b,hybrid,0.8,5,0.26186830015313933,1.660030627871363,0.06186830015313938
E-c,Emollama-chat-13b,hybrid,0.9,5,0.16998468606431852,1.199081163859112,0.06998468606431854
E-c,Emollama-chat-13b,hybrid,0.1,6,0.9372128637059725,7.3215926493108725,0.03721286370597243
E-c,Emollama-chat-13b,hybrid,0.2,6,0.8575803981623277,5.732006125574273,0.05758039816232763
E-c,Emollama-chat-13b,hybrid,0.3,6,0.7947932618683001,4.713629402756508,0.09479326186830017
E-c,Emollama-chat-13b,hybrid,0.4,6,0.6845329249617151,3.7871362940275652,0.08453292496171516
E-c,Emollama-chat-13b,hybrid,0.5,6,0.5681470137825421,3.1225114854517613,0.06814701378254207
E-c,Emollama-chat-13b,hybrid,0.6,6,0.4869831546707504,2.6094946401225116,0.08698315467075035
E-c,Emollama-chat-13b,hybrid,0.7,6,0.34915773353751917,2.107197549770291,0.04915773353751912
E-c,Emollama-chat-13b,hybrid,0.8,6,0.22970903522205208,1.5375191424196017,0.02970903522205212
E-c,Emollama-chat-13b,hybrid,0.9,6,0.13782542113323124,1.209800918836141,0.03782542113323126
E-c,Emollama-chat-13b,hybrid,0.1,7,0.950920245398773,7.99079754601227,0.050920245398772934
E-c,Emollama-chat-13b,hybrid,0.2,7,0.8680981595092024,6.029141104294479,0.0680981595092024
E-c,Emollama-chat-13b,hybrid,0.3,7,0.7914110429447853,4.756134969325154,0.0914110429447853
E-c,Emollama-chat-13b,hybrid,0.4,7,0.6809815950920245,3.785276073619632,0.08098159509202452
E-c,Emollama-chat-13b,hybrid,0.5,7,0.6196319018404908,3.245398773006135,0.11963190184049077
E-c,Emollama-chat-13b,hybrid,0.6,7,0.5352760736196319,2.799079754601227,0.1352760736196319
E-c,Emollama-chat-13b,hybrid,0.7,7,0.4003067484662577,2.207055214723926,0.10030674846625764
E-c,Emollama-chat-13b,hybrid,0.8,7,0.27300613496932513,1.6917177914110428,0.07300613496932518
E-c,Emollama-chat-13b,hybrid,0.9,7,0.14877300613496933,1.2147239263803682,0.04877300613496935
E-c,Emollama-chat-13b,hybrid,0.1,8,0.9448698315467075,7.522205206738132,0.04486983154670743
E-c,Emollama-chat-13b,hybrid,0.2,8,0.8315467075038285,5.7687595712098005,0.031546707503828486
E-c,Emollama-chat-13b,hybrid,0.3,8,0.7411944869831547,4.664624808575804,0.041194486983154754
E-c,Emollama-chat-13b,hybrid,0.4,8,0.6523736600306279,3.785604900459418,0.05237366003062793
E-c,Emollama-chat-13b,hybrid,0.5,8,0.5788667687595712,3.2618683001531394,0.07886676875957122
E-c,Emollama-chat-13b,hybrid,0.6,8,0.48085758039816234,2.796324655436447,0.08085758039816232
E-c,Emollama-chat-13b,hybrid,0.7,8,0.36906584992343033,2.25114854517611,0.06906584992343029
E-c,Emollama-chat-13b,hybrid,0.8,8,0.23583460949464014,1.6921898928024501,0.03583460949464018
E-c,Emollama-chat-13b,hybrid,0.9,8,0.12557427258805512,1.206738131699847,0.02557427258805514
E-c,Emollama-chat-13b,hybrid,0.1,9,0.9464012251148545,7.793261868300153,0.04640122511485445
E-c,Emollama-chat-13b,hybrid,0.2,9,0.889739663093415,6.050535987748852,0.08973966309341497
E-c,Emollama-chat-13b,hybrid,0.3,9,0.8009188361408882,4.696784073506891,0.10091883614088826
E-c,Emollama-chat-13b,hybrid,0.4,9,0.6860643185298622,3.8483920367534457,0.08606431852986218
E-c,Emollama-chat-13b,hybrid,0.5,9,0.6064318529862175,3.203675344563553,0.10643185298621749
E-c,Emollama-chat-13b,hybrid,0.6,9,0.5267993874425727,2.7595712098009186,0.1267993874425727
E-c,Emollama-chat-13b,hybrid,0.7,9,0.4241960183767228,2.2924961715160794,0.12419601837672278
E-c,Emollama-chat-13b,hybrid,0.8,9,0.2986217457886677,1.774885145482389,0.09862174578866773
E-c,Emollama-chat-13b,hybrid,0.9,9,0.1807044410413476,1.2741194486983154,0.08070444104134764
E-c,Emollama-chat-13b,mondrian,0.1,0,0.9432515337423313,7.961656441717792,0.04325153374233126
E-c,Emollama-chat-13b,mondrian,0.2,0,0.8604294478527608,6.423312883435583,0.06042944785276072
E-c,Emollama-chat-13b,mondrian,0.3,0,0.7914110429447853,5.412576687116564,0.0914110429447853
E-c,Emollama-chat-13b,mondrian,0.4,0,0.6825153374233128,4.423312883435583,0.08251533742331285
E-c,Emollama-chat-13b,mondrian,0.5,0,0.5705521472392638,3.5966257668711656,0.07055214723926384
E-c,Emollama-chat-13b,mondrian,0.6,0,0.48773006134969327,3.021472392638037,0.08773006134969324
E-c,Emollama-chat-13b,mondrian,0.7,0,0.39570552147239263,2.3588957055214723,0.09570552147239259
E-c,Emollama-chat-13b,mondrian,0.8,0,0.27300613496932513,1.8006134969325154,0.07300613496932518
E-c,Emollama-chat-13b,mondrian,0.9,0,0.1441717791411043,1.2423312883435582,0.04417177914110432
E-c,Emollama-chat-13b,mondrian,0.1,1,0.9509954058192955,7.975497702909648,0.050995405819295514
E-c,Emollama-chat-13b,mondrian,0.2,1,0.8805513016845329,6.378254211332313,0.08055130168453284
E-c,Emollama-chat-13b,mondrian,0.3,1,0.7947932618683001,5.094946401225115,0.09479326186830017
E-c,Emollama-chat-13b,mondrian,0.4,1,0.7258805513016845,4.372128637059724,0.12588055130168452
E-c,Emollama-chat-13b,mondrian,0.5,1,0.6523736600306279,3.790199081163859,0.1523736600306279
E-c,Emollama-chat-13b,mondrian,0.6,1,0.5513016845329249,3.1684532924961717,0.15130168453292492
E-c,Emollama-chat-13b,mondrian,0.7,1,0.46248085758039814,2.588055130168453,0.1624808575803981
E-c,Emollama-chat-13b,mondrian,0.8,1,0.2879019908116386,1.8085758039816233,0.08790199081163863
E-c,Emollama-chat-13b,mondrian,0.9,1,0.1669218989280245,1.2695252679938744,0.06692189892802453
E-c,Emollama-chat-13b,mondrian,0.1,2,0.9264931087289433,7.796324655436448,0.026493108728943282
E-c,Emollama-chat-13b,mondrian,0.2,2,0.8728943338437979,6.434915773353752,0.07289433384379784
E-c,Emollama-chat-13b,mondrian,0.3,2,0.8024502297090352,5.298621745788668,0.10245022970903528
E-c,Emollama-chat-13b,mondrian,0.4,2,0.7029096477794793,4.390505359877489,0.10290964777947931
E-c,Emollama-chat-13b,mondrian,0.5,2,0.5972434915773354,3.6232771822358347,0.09724349157733536
E-c,Emollama-chat-13b,mondrian,0.6,2,0.49770290964777947,2.9739663093415007,0.09770290964777945
E-c,Emollama-chat-13b,mondrian,0.7,2,0.3874425727411945,2.4716692189892804,0.08744257274119444
E-c,Emollama-chat-13b,mondrian,0.8,2,0.2542113323124043,1.7350689127105665,0.054211332312404326
E-c,Emollama-chat-13b,mondrian,0.9,2,0.1546707503828484,1.2603369065849923,0.05467075038284841
E-c,Emollama-chat-13b,mondrian,0.1,3,0.9464012251148545,8.082695252679938,0.04640122511485445
E-c,Emollama-chat-13b,mondrian,0.2,3,0.8744257274119449,6.32312404287902,0.07442572741194486
E-c,Emollama-chat-13b,mondrian,0.3,3,0.8085758039816233,5.316998468606432,0.10857580398162336
E-c,Emollama-chat-13b,mondrian,0.4,3,0.7228177641653905,4.367534456355283,0.12281776416539048
E-c,Emollama-chat-13b,mondrian,0.5,3,0.6156202143950995,3.6156202143950997,0.11562021439509951
E-c,Emollama-chat-13b,mondrian,0.6,3,0.47473200612557426,2.923430321592649,0.07473200612557424
E-c,Emollama-chat-13b,mondrian,0.7,3,0.3660030627871363,2.3093415007656968,0.06600306278713625
E-c,Emollama-chat-13b,mondrian,0.8,3,0.225114854517611,1.6370597243491578,0.025114854517611057
E-c,Emollama-chat-13b,mondrian,0.9,3,0.12863705972434916,1.217457886676876,0.028637059724349184
E-c,Emollama-chat-13b,mondrian,0.1,4,0.9539877300613497,8.60122699386503,0.053987730061349715
E-c,Emollama-chat-13b,mondrian,0.2,4,0.8788343558282209,6.368098159509202,0.07883435582822085
E-c,Emollama-chat-13b,mondrian,0.3,4,0.7944785276073619,5.345092024539877,0.09447852760736197
E-c,Emollama-chat-13b,mondrian,0.4,4,0.7269938650306749,4.559815950920245,0.1269938650306749
E-c,Emollama-chat-13b,mondrian,0.5,4,0.6349693251533742,3.8251533742331287,0.13496932515337423
E-c,Emollama-chat-13b,mondrian,0.6,4,0.5260736196319018,3.151840490797546,0.12607361963190178
E-c,Emollama-chat-13b,mondrian,0.7,4,0.4049079754601227,2.4217791411042944,0.10490797546012265
E-c,Emollama-chat-13b,mondrian,0.8,4,0.2684049079754601,1.8021472392638036,0.06840490797546017
E-c,Emollama-chat-13b,mondrian,0.9,4,0.1579754601226994,1.2469325153374233,0.05797546012269941
E-c,Emollama-chat-13b,mondrian,0.1,5,0.9387442572741195,7.950995405819295,0.038744257274119454
E-c,Emollama-chat-13b,mondrian,0.2,5,0.8575803981623277,6.347626339969372,0.05758039816232763
E-c,Emollama-chat-13b,mondrian,0.3,5,0.776416539050536,5.326186830015314,0.07641653905053603
E-c,Emollama-chat-13b,mondrian,0.4,5,0.664624808575804,4.474732006125574,0.064624808575804
E-c,Emollama-chat-13b,mondrian,0.5,5,0.5865237366003063,3.705972434915773,0.08652373660030632
E-c,Emollama-chat-13b,mondrian,0.6,5,0.48238897396630936,3.1990811638591117,0.08238897396630934
E-c,Emollama-chat-13b,mondrian,0.7,5,0.3552833078101072,2.4303215926493107,0.05528330781010715
E-c,Emollama-chat-13b,mondrian,0.8,5,0.26339969372128635,1.793261868300153,0.0633996937212864
E-c,Emollama-chat-13b,mondrian,0.9,5,0.16845329249617153,1.2327718223583461,0.06845329249617155
E-c,Emollama-chat-13b,mondrian,0.1,6,0.9464012251148545,7.905053598774885,0.04640122511485445
E-c,Emollama-chat-13b,mondrian,0.2,6,0.8820826952526799,6.505359877488514,0.08208269525267986
E-c,Emollama-chat-13b,mondrian,0.3,6,0.8284839203675345,5.267993874425727,0.12848392036753453
E-c,Emollama-chat-13b,mondrian,0.4,6,0.7228177641653905,4.336906584992343,0.12281776416539048
E-c,Emollama-chat-13b,mondrian,0.5,6,0.5941807044410413,3.545176110260337,0.09418070444104132
E-c,Emollama-chat-13b,mondrian,0.6,6,0.5022970903522205,2.9387442572741196,0.10229709035222045
E-c,Emollama-chat-13b,mondrian,0.7,6,0.3552833078101072,2.2970903522205206,0.05528330781010715
E-c,Emollama-chat-13b,mondrian,0.8,6,0.23124042879019907,1.6309341500765697,0.031240428790199115
E-c,Emollama-chat-13b,mondrian,0.9,6,0.14088820826952528,1.2404287901990811,0.0408882082695253
E-c,Emollama-chat-13b,mondrian,0.1,7,0.9601226993865031,8.319018404907975,0.06012269938650305
E-c,Emollama-chat-13b,mondrian,0.2,7,0.8880368098159509,6.588957055214724,0.08803680981595086
E-c,Emollama-chat-13b,mondrian,0.3,7,0.8113496932515337,5.329754601226994,0.11134969325153377
E-c,Emollama-chat-13b,mondrian,0.4,7,0.7177914110429447,4.335889570552148,0.11779141104294477
E-c,Emollama-chat-13b,mondrian,0.5,7,0.6441717791411042,3.6549079754601226,0.14417177914110424
E-c,Emollama-chat-13b,mondrian,0.6,7,0.549079754601227,3.124233128834356,0.14907975460122702
E-c,Emollama-chat-13b,mondrian,0.7,7,0.40644171779141103,2.3849693251533743,0.10644171779141098
E-c,Emollama-chat-13b,mondrian,0.8,7,0.27300613496932513,1.7822085889570551,0.07300613496932518
E-c,Emollama-chat-13b,mondrian,0.9,7,0.14877300613496933,1.2453987730061349,0.04877300613496935
E-c,Emollama-chat-13b,mondrian,0.1,8,0.9509954058192955,7.934150076569678,0.050995405819295514
E-c,Emollama-chat-13b,mondrian,0.2,8,0.8606431852986217,6.309341500765697,0.06064318529862167
E-c,Emollama-chat-13b,mondrian,0.3,8,0.7702909647779479,5.217457886676876,0.07029096477794794
E-c,Emollama-chat-13b,mondrian,0.4,8,0.6814701378254211,4.356814701378254,0.08147013782542112
E-c,Emollama-chat-13b,mondrian,0.5,8,0.6110260336906586,3.7243491577335375,0.11102603369065855
E-c,Emollama-chat-13b,mondrian,0.6,8,0.49310872894333846,3.1010719754977027,0.09310872894333844
E-c,Emollama-chat-13b,mondrian,0.7,8,0.3721286370597244,2.5068912710566615,0.07212863705972433
E-c,Emollama-chat-13b,mondrian,0.8,8,0.23889739663093415,1.8131699846860643,0.038897396630934195
E-c,Emollama-chat-13b,mondrian,0.9,8,0.12404287901990811,1.2388973966309342,0.024042879019908134
E-c,Emollama-chat-13b,mondrian,0.1,9,0.9586523736600306,8.120980091883615,0.05865237366003062
E-c,Emollama-chat-13b,mondrian,0.2,9,0.9050535987748851,6.696784073506891,0.10505359877488507
E-c,Emollama-chat-13b,mondrian,0.3,9,0.8238897396630934,5.35375191424196,0.12388973966309347
E-c,Emollama-chat-13b,mondrian,0.4,9,0.7243491577335375,4.433384379785605,0.1243491577335375
E-c,Emollama-chat-13b,mondrian,0.5,9,0.6278713629402757,3.641653905053599,0.12787136294027568
E-c,Emollama-chat-13b,mondrian,0.6,9,0.5482388973966309,3.0872894333843797,0.14823889739663088
E-c,Emollama-chat-13b,mondrian,0.7,9,0.445635528330781,2.546707503828484,0.14563552833078097
E-c,Emollama-chat-13b,mondrian,0.8,9,0.3016845329249617,1.8591117917304747,0.10168453292496177
E-c,Emollama-chat-13b,mondrian,0.9,9,0.17917304747320062,1.2924961715160797,0.07917304747320064
E-c,Emollama-chat-7b,global,0.1,0,0.8986175115207373,7.14900153609831,0.0013824884792627001
E-c,Emollama-chat-7b,global,0.2,0,0.7956989247311828,5.370199692780338,0.004301075268817289
E-c,Emollama-chat-7b,global,0.3,0,0.7004608294930875,4.1551459293394775,0.0004608294930875667
E-c,Emollama-chat-7b,global,0.4,0,0.6129032258064516,3.294930875576037,0.012903225806451646
E-c,Emollama-chat-7b,global,0.5,0,0.5099846390168971,2.5775729646697387,0.009984639016897057
E-c,Emollama-chat-7b,global,0.6,0,0.42089093701996927,2.086021505376344,0.020890937019969247
E-c,Emollama-chat-7b,global,0.7,0,0.31490015360983103,1.631336405529954,0.01490015360983099
E-c,Emollama-chat-7b,global,0.8,0,0.20430107526881722,1.3010752688172043,0.0043010752688172615
E-c,Emollama-chat-7b,global,0.9,0,0.1228878648233487,1.0706605222734256,0.022887864823348716
E-c,Emollama-chat-7b,global,0.1,1,0.8986175115207373,7.244239631336406,0.0013824884792627001
E-c,Emollama-chat-7b,global,0.2,1,0.7910906298003072,5.276497695852535,0.008909370199692845
E-c,Emollama-chat-7b,global,0.3,1,0.6943164362519201,3.946236559139785,0.005683563748079878
E-c,Emollama-chat-7b,global,0.4,1,0.6098310291858678,3.1321044546851,0.009831029185867868
E-c,Emollama-chat-7b,global,0.5,1,0.5299539170506913,2.5929339477726576,0.02995391705069128
E-c,Emollama-chat-7b,global,0.6,1,0.445468509984639,2.0798771121351765,0.04546850998463897
E-c,Emollama-chat-7b,global,0.7,1,0.3225806451612903,1.6497695852534562,0.02258064516129027
E-c,Emollama-chat-7b,global,0.8,1,0.2227342549923195,1.314900153609831,0.02273425499231954
E-c,Emollama-chat-7b,global,0.9,1,0.13671274961597543,1.0814132104454686,0.036712749615975454
E-c,Emollama-chat-7b,global,0.1,2,0.9033742331288344,7.6579754601226995,0.0033742331288343363
E-c,Emollama-chat-7b,global,0.2,2,0.8113496932515337,5.449386503067485,0.011349693251533677
E-c,Emollama-chat-7b,global,0.3,2,0.7131901840490797,4.219325153374233,0.01319018404907979
E-c,Emollama-chat-7b,global,0.4,2,0.6165644171779141,3.329754601226994,0.016564417177914126
E-c,Emollama-chat-7b,global,0.5,2,0.5122699386503068,2.581288343558282,0.012269938650306789
E-c,Emollama-chat-7b,global,0.6,2,0.40950920245398775,2.039877300613497,0.00950920245398773
E-c,Emollama-chat-7b,global,0.7,2,0.299079754601227,1.6273006134969326,0.0009202453987730563
E-c,Emollama-chat-7b,global,0.8,2,0.19785276073619631,1.3113496932515338,0.002147239263803641
E-c,Emollama-chat-7b,global,0.9,2,0.09815950920245399,1.0460122699386503,0.0018404907975459878
E-c,Emollama-chat-7b,global,0.1,3,0.8878648233486943,7.290322580645161,0.012135176651305701
E-c,Emollama-chat-7b,global,0.2,3,0.7864823348694316,5.321044546850999,0.013517665130568401
E-c,Emollama-chat-7b,global,0.3,3,0.6927803379416283,4.093701996927804,0.007219662058371656
E-c,Emollama-chat-7b,global,0.4,3,0.5775729646697388,3.164362519201229,0.022427035330261136
E-c,Emollama-chat-7b,global,0.5,3,0.511520737327189,2.672811059907834,0.011520737327188946
E-c,Emollama-chat-7b,global,0.6,3,0.41781874039938555,2.19815668202765,0.017818740399385524
E-c,Emollama-chat-7b,global,0.7,3,0.28417818740399386,1.6390168970814132,0.01582181259600618
E-c,Emollama-chat-7b,global,0.8,3,0.1858678955453149,1.293394777265745,0.014132104454685046
E-c,Emollama-chat-7b,global,0.9,3,0.10138248847926268,1.0614439324116745,0.0013824884792627001
E-c,Emollama-chat-7b,global,0.1,4,0.9248466257668712,7.651840490797546,0.024846625766871133
E-c,Emollama-chat-7b,global,0.2,4,0.8174846625766872,5.532208588957055,0.017484662576687127
E-c,Emollama-chat-7b,global,0.3,4,0.7315950920245399,4.424846625766871,0.03159509202453992
E-c,Emollama-chat-7b,global,0.4,4,0.6380368098159509,3.5751533742331287,0.03803680981595092
E-c,Emollama-chat-7b,global,0.5,4,0.5398773006134969,2.8251533742331287,0.039877300613496924
E-c,Emollama-chat-7b,global,0.6,4,0.44171779141104295,2.214723926380368,0.041717791411042926
E-c,Emollama-chat-7b,global,0.7,4,0.30828220858895705,1.696319018404908,0.008282208588957007
E-c,Emollama-chat-7b,global,0.8,4,0.20245398773006135,1.3496932515337423,0.002453987730061391
E-c,Emollama-chat-7b,global,0.9,4,0.12116564417177914,1.0552147239263803,0.021165644171779158
E-c,Emollama-chat-7b,global,0.1,5,0.8953846153846153,6.766153846153846,0.004615384615384688
E-c,Emollama-chat-7b,global,0.2,5,0.7907692307692308,4.978461538461539,0.009230769230769265
E-c,Emollama-chat-7b,global,0.3,5,0.6923076923076923,3.84,0.007692307692307665
E-c,Emollama-chat-7b,global,0.4,5,0.5923076923076923,3.1184615384615384,0.007692307692307665
E-c,Emollama-chat-7b,global,0.5,5,0.4938461538461538,2.4753846153846153,0.006153846153846176
E-c,Emollama-chat-7b,global,0.6,5,0.3953846153846154,2.0507692307692307,0.004615384615384632
E-c,Emollama-chat-7b,global,0.7,5,0.30923076923076925,1.6415384615384616,0.009230769230769209
E-c,Emollama-chat-7b,global,0.8,5,0.18769230769230769,1.2907692307692307,0.01230769230769227
E-c,Emollama-chat-7b,global,0.9,5,0.11076923076923077,1.0523076923076924,0.010769230769230795
E-c,Emollama-chat-7b,global,0.1,6,0.9320987654320988,7.825617283950617,0.032098765432098775
E-c,Emollama-chat-7b,global,0.2,6,0.845679012345679,5.643518518518518,0.04567901234567895
E-c,Emollama-chat-7b,global,0.3,6,0.7777777777777778,4.583333333333333,0.07777777777777783
E-c,Emollama-chat-7b,global,0.4,6,0.6450617283950617,3.3996913580246915,0.04506172839506173
E-c,Emollama-chat-7b,global,0.5,6,0.5246913580246914,2.6203703703703702,0.024691358024691357
E-c,Emollama-chat-7b,global,0.6,6,0.4228395061728395,2.1126543209876543,0.022839506172839474
E-c,Emollama-chat-7b,global,0.7,6,0.32253086419753085,1.6697530864197532,0.02253086419753081
E-c,Emollama-chat-7b,global,0.8,6,0.21141975308641975,1.3055555555555556,0.011419753086419793
E-c,Emollama-chat-7b,global,0.9,6,0.12191358024691358,1.0802469135802468,0.021913580246913603
E-c,Emollama-chat-7b,global,0.1,7,0.9075500770416025,7.5423728813559325,0.007550077041602488
E-c,Emollama-chat-7b,global,0.2,7,0.8073959938366718,5.590138674884438,0.007395993836671777
E-c,Emollama-chat-7b,global,0.3,7,0.7226502311248074,4.228043143297381,0.022650231124807463
E-c,Emollama-chat-7b,global,0.4,7,0.6209553158705701,3.3805855161787366,0.02095531587057009
E-c,Emollama-chat-7b,global,0.5,7,0.522342064714946,2.5978428351309706,0.02234206471494604
E-c,Emollama-chat-7b,global,0.6,7,0.43143297380585516,2.130970724191063,0.031432973805855136
E-c,Emollama-chat-7b,global,0.7,7,0.3066255778120185,1.6687211093990755,0.006625577812018446
E-c,Emollama-chat-7b,global,0.8,7,0.23266563944530047,1.4345146379044684,0.032665639445300515
E-c,Emollama-chat-7b,global,0.9,7,0.1510015408320493,1.1140215716486903,0.05100154083204933
E-c,Emollama-chat-7b,global,0.1,8,0.9106317411402157,7.539291217257319,0.0106317411402157
E-c,Emollama-chat-7b,global,0.2,8,0.8166409861325116,5.560862865947612,0.016640986132511526
E-c,Emollama-chat-7b,global,0.3,8,0.7211093990755008,4.3189522342064715,0.0211093990755008
E-c,Emollama-chat-7b,global,0.4,8,0.5901386748844376,3.1987673343605545,0.00986132511556237
E-c,Emollama-chat-7b,global,0.5,8,0.4930662557781202,2.5454545454545454,0.006933744221879812
E-c,Emollama-chat-7b,global,0.6,8,0.40215716486902925,2.0770416024653313,0.0021571648690292267
E-c,Emollama-chat-7b,global,0.7,8,0.29583975346687214,1.654853620955316,0.004160246533127909
E-c,Emollama-chat-7b,global,0.8,8,0.21879815100154082,1.411402157164869,0.018798151001540864
E-c,Emollama-chat-7b,global,0.9,8,0.11248073959938366,1.0647149460708782,0.012480739599383686
E-c,Emollama-chat-7b,global,0.1,9,0.9243827160493827,7.83641975308642,0.02438271604938269
E-c,Emollama-chat-7b,global,0.2,9,0.8271604938271605,5.484567901234568,0.02716049382716046
E-c,Emollama-chat-7b,global,0.3,9,0.7191358024691358,4.166666666666667,0.01913580246913582
E-c,Emollama-chat-7b,global,0.4,9,0.6435185185185185,3.3996913580246915,0.04351851851851851
E-c,Emollama-chat-7b,global,0.5,9,0.5524691358024691,2.763888888888889,0.05246913580246915
E-c,Emollama-chat-7b,global,0.6,9,0.4382716049382716,2.1589506172839505,0.038271604938271586
E-c,Emollama-chat-7b,global,0.7,9,0.32407407407407407,1.7083333333333333,0.024074074074074026
E-c,Emollama-chat-7b,global,0.8,9,0.20679012345679013,1.3364197530864197,0.00679012345679017
E-c,Emollama-chat-7b,global,0.9,9,0.125,1.0787037037037037,0.025000000000000022
E-c,Emollama-chat-7b,hybrid,0.1,0,0.9155145929339478,7.599078341013825,0.015514592933947746
E-c,Emollama-chat-7b,hybrid,0.2,0,0.8433179723502304,5.912442396313364,0.04331797235023038
E-c,Emollama-chat-7b,hybrid,0.3,0,0.738863287250384,4.757296466973886,0.038863287250384015
E-c,Emollama-chat-7b,hybrid,0.4,0,0.6497695852534562,3.774193548387097,0.049769585253456206
E-c,Emollama-chat-7b,hybrid,0.5,0,0.5745007680491552,3.0937019969278032,0.07450076804915517
E-c,Emollama-chat-7b,hybrid,0.6,0,0.4792626728110599,2.554531490015361,0.07926267281105986
E-c,Emollama-chat-7b,hybrid,0.7,0,0.39938556067588327,2.162826420890937,0.09938556067588322
E-c,Emollama-chat-7b,hybrid,0.8,0,0.2304147465437788,1.6236559139784945,0.030414746543778848
E-c,Emollama-chat-7b,hybrid,0.9,0,0.15668202764976957,1.250384024577573,0.056682027649769595
E-c,Emollama-chat-7b,hybrid,0.1,1,0.9324116743471582,7.771121351766513,0.03241167434715819
E-c,Emollama-chat-7b,hybrid,0.2,1,0.8356374807987711,5.798771121351766,0.03563748079877105
E-c,Emollama-chat-7b,hybrid,0.3,1,0.7557603686635944,4.643625192012289,0.05576036866359446
E-c,Emollama-chat-7b,hybrid,0.4,1,0.6620583717357911,3.7004608294930876,0.062058371735791096
E-c,Emollama-chat-7b,hybrid,0.5,1,0.5883256528417818,3.0952380952380953,0.08832565284178184
E-c,Emollama-chat-7b,hybrid,0.6,1,0.49923195084485406,2.58678955453149,0.09923195084485403
E-c,Emollama-chat-7b,hybrid,0.7,1,0.41781874039938555,2.164362519201229,0.1178187403993855
E-c,Emollama-chat-7b,hybrid,0.8,1,0.2626728110599078,1.6605222734254992,0.06267281105990785
E-c,Emollama-chat-7b,hybrid,0.9,1,0.17972350230414746,1.2764976958525345,0.07972350230414749
E-c,Emollama-chat-7b,hybrid,0.1,2,0.9294478527607362,8.274539877300613,0.029447852760736137
E-c,Emollama-chat-7b,hybrid,0.2,2,0.848159509202454,6.085889570552148,0.04815950920245393
E-c,Emollama-chat-7b,hybrid,0.3,2,0.7684049079754601,4.894171779141105,0.06840490797546017
E-c,Emollama-chat-7b,hybrid,0.4,2,0.6595092024539877,3.911042944785276,0.05950920245398772
E-c,Emollama-chat-7b,hybrid,0.5,2,0.5521472392638037,3.1012269938650308,0.05214723926380371
E-c,Emollama-chat-7b,hybrid,0.6,2,0.4785276073619632,2.5782208588957056,0.07852760736196318
E-c,Emollama-chat-7b,hybrid,0.7,2,0.38650306748466257,2.1395705521472395,0.08650306748466252
E-c,Emollama-chat-7b,hybrid,0.8,2,0.2361963190184049,1.5950920245398772,0.03619631901840495
E-c,Emollama-chat-7b,hybrid,0.9,2,0.1196319018404908,1.2085889570552146,0.019631901840490823
E-c,Emollama-chat-7b,hybrid,0.1,3,0.9109062980030722,8.00768049155146,0.01090629800307219
E-c,Emollama-chat-7b,hybrid,0.2,3,0.8141321044546851,5.9201228878648235,0.014132104454685046
E-c,Emollama-chat-7b,hybrid,0.3,3,0.7450076804915514,4.763440860215054,0.04500768049155146
E-c,Emollama-chat-7b,hybrid,0.4,3,0.65284178187404,3.8294930875576036,0.052841781874039984
E-c,Emollama-chat-7b,hybrid,0.5,3,0.576036866359447,3.250384024577573,0.07603686635944695
E-c,Emollama-chat-7b,hybrid,0.6,3,0.4930875576036866,2.7112135176651306,0.09308755760368659
E-c,Emollama-chat-7b,hybrid,0.7,3,0.3640552995391705,2.1351766513056836,0.06405529953917044
E-c,Emollama-chat-7b,hybrid,0.8,3,0.21351766513056836,1.6129032258064515,0.013517665130568401
E-c,Emollama-chat-7b,hybrid,0.9,3,0.11367127496159754,1.1490015360983103,0.013671274961597563
E-c,Emollama-chat-7b,hybrid,0.1,4,0.9386503067484663,8.28834355828221,0.03865030674846626
E-c,Emollama-chat-7b,hybrid,0.2,4,0.8512269938650306,6.03680981595092,0.0512269938650306
E-c,Emollama-chat-7b,hybrid,0.3,4,0.7714723926380368,4.993865030674846,0.07147239263803684
E-c,Emollama-chat-7b,hybrid,0.4,4,0.6978527607361963,4.193251533742331,0.09785276073619631
E-c,Emollama-chat-7b,hybrid,0.5,4,0.6134969325153374,3.4708588957055215,0.11349693251533743
E-c,Emollama-chat-7b,hybrid,0.6,4,0.49846625766871167,2.8006134969325154,0.09846625766871164
E-c,Emollama-chat-7b,hybrid,0.7,4,0.37576687116564417,2.2561349693251533,0.07576687116564412
E-c,Emollama-chat-7b,hybrid,0.8,4,0.24539877300613497,1.6625766871165644,0.04539877300613501
E-c,Emollama-chat-7b,hybrid,0.9,4,0.15644171779141106,1.2484662576687116,0.05644171779141108
E-c,Emollama-chat-7b,hybrid,0.1,5,0.9246153846153846,7.515384615384615,0.024615384615384595
E-c,Emollama-chat-7b,hybrid,0.2,5,0.8307692307692308,5.752307692307692,0.03076923076923077
E-c,Emollama-chat-7b,hybrid,0.3,5,0.7307692307692307,4.435384615384615,0.03076923076923077
E-c,Emollama-chat-7b,hybrid,0.4,5,0.6446153846153846,3.6046153846153848,0.04461538461538461
E-c,Emollama-chat-7b,hybrid,0.5,5,0.5507692307692308,3.0,0.05076923076923079
E-c,Emollama-chat-7b,hybrid,0.6,5,0.44,2.5246153846153847,0.03999999999999998
E-c,Emollama-chat-7b,hybrid,0.7,5,0.3569230769230769,2.103076923076923,0.056923076923076854
E-c,Emollama-chat-7b,hybrid,0.8,5,0.23076923076923078,1.62,0.030769230769230826
E-c,Emollama-chat-7b,hybrid,0.9,5,0.14923076923076922,1.22,0.049230769230769245
E-c,Emollama-chat-7b,hybrid,0.1,6,0.9521604938271605,8.141975308641975,0.05216049382716048
E-c,Emollama-chat-7b,hybrid,0.2,6,0.8827160493827161,6.396604938271605,0.08271604938271604
E-c,Emollama-chat-7b,hybrid,0.3,6,0.8333333333333334,5.290123456790123,0.13333333333333341
E-c,Emollama-chat-7b,hybrid,0.4,6,0.7160493827160493,4.087962962962963,0.11604938271604937
E-c,Emollama-chat-7b,hybrid,0.5,6,0.6033950617283951,3.2299382716049383,0.10339506172839508
E-c,Emollama-chat-7b,hybrid,0.6,6,0.5169753086419753,2.7175925925925926,0.11697530864197525
E-c,Emollama-chat-7b,hybrid,0.7,6,0.3950617283950617,2.185185185185185,0.09506172839506166
E-c,Emollama-chat-7b,hybrid,0.8,6,0.22993827160493827,1.5771604938271604,0.02993827160493831
E-c,Emollama-chat-7b,hybrid,0.9,6,0.16203703703703703,1.2253086419753085,0.06203703703703706
E-c,Emollama-chat-7b,hybrid,0.1,7,0.9306625577812019,8.328197226502311,0.03066255778120186
E-c,Emollama-chat-7b,hybrid,0.2,7,0.8443759630200308,6.11402157164869,0.04437596302003077
E-c,Emollama-chat-7b,hybrid,0.3,7,0.7565485362095532,4.955315870570108,0.056548536209553246
E-c,Emollama-chat-7b,hybrid,0.4,7,0.6795069337442219,3.913713405238829,0.07950693374422191
E-c,Emollama-chat-7b,hybrid,0.5,7,0.5855161787365177,3.1171032357473036,0.08551617873651773
E-c,Emollama-chat-7b,hybrid,0.6,7,0.49768875192604006,2.633281972265023,0.09768875192604004
E-c,Emollama-chat-7b,hybrid,0.7,7,0.36363636363636365,2.140215716486903,0.0636363636363636
E-c,Emollama-chat-7b,hybrid,0.8,7,0.26348228043143296,1.7534668721109399,0.063482280431433
E-c,Emollama-chat-7b,hybrid,0.9,7,0.1633281972265023,1.2696456086286594,0.06332819722650232
E-c,Emollama-chat-7b,hybrid,0.1,8,0.9337442218798151,8.244992295839754,0.03374422187981507
E-c,Emollama-chat-7b,hybrid,0.2,8,0.8443759630200308,6.064714946070878,0.04437596302003077
E-c,Emollama-chat-7b,hybrid,0.3,8,0.7642526964560863,4.85362095531587,0.06425269645608633
E-c,Emollama-chat-7b,hybrid,0.4,8,0.6471494607087828,3.8243451463790445,0.04714946070878279
E-c,Emollama-chat-7b,hybrid,0.5,8,0.559322033898305,3.1016949152542375,0.05932203389830504
E-c,Emollama-chat-7b,hybrid,0.6,8,0.46687211093990755,2.5808936825885977,0.06687211093990753
E-c,Emollama-chat-7b,hybrid,0.7,8,0.362095531587057,2.1664098613251155,0.06209553158705694
E-c,Emollama-chat-7b,hybrid,0.8,8,0.2665639445300462,1.761171032357473,0.06656394453004627
E-c,Emollama-chat-7b,hybrid,0.9,8,0.14946070878274267,1.2573189522342065,0.049460708782742696
E-c,Emollama-chat-7b,hybrid,0.1,9,0.9475308641975309,8.506172839506172,0.04753086419753083
E-c,Emollama-chat-7b,hybrid,0.2,9,0.8657407407407407,6.075617283950617,0.06574074074074066
E-c,Emollama-chat-7b,hybrid,0.3,9,0.7654320987654321,4.7484567901234565,0.0654320987654321
E-c,Emollama-chat-7b,hybrid,0.4,9,0.6944444444444444,3.984567901234568,0.09444444444444444
E-c,Emollama-chat-7b,hybrid,0.5,9,0.6033950617283951,3.197530864197531,0.10339506172839508
E-c,Emollama-chat-7b,hybrid,0.6,9,0.5,2.6728395061728394,0.09999999999999998
E-c,Emollama-chat-7b,hybrid,0.7,9,0.3873456790123457,2.138888888888889,0.08734567901234563
E-c,Emollama-chat-7b,hybrid,0.8,9,0.24382716049382716,1.6635802469135803,0.043827160493827205
E-c,Emollama-chat-7b,hybrid,0.9,9,0.15895061728395063,1.2191358024691359,0.05895061728395065
E-c,Emollama-chat-7b,mondrian,0.1,0,0.9278033794162827,7.912442396313364,0.027803379416282636
E-c,Emollama-chat-7b,mondrian,0.2,0,0.8571428571428571,6.311827956989247,0.05714285714285705
E-c,Emollama-chat-7b,mondrian,0.3,0,0.7695852534562212,5.21505376344086,0.06958525345622124
E-c,Emollama-chat-7b,mondrian,0.4,0,0.6774193548387096,4.287250384024578,0.07741935483870965
E-c,Emollama-chat-7b,mondrian,0.5,0,0.5975422427035331,3.6282642089093704,0.09754224270353307
E-c,Emollama-chat-7b,mondrian,0.6,0,0.5069124423963134,2.9692780337941627,0.10691244239631337
E-c,Emollama-chat-7b,mondrian,0.7,0,0.41935483870967744,2.4086021505376345,0.11935483870967739
E-c,Emollama-chat-7b,mondrian,0.8,0,0.27956989247311825,1.8755760368663594,0.0795698924731183
E-c,Emollama-chat-7b,mondrian,0.9,0,0.15514592933947774,1.2811059907834101,0.05514592933947776
E-c,Emollama-chat-7b,mondrian,0.1,1,0.9400921658986175,8.316436251920123,0.04009216589861753
E-c,Emollama-chat-7b,mondrian,0.2,1,0.858678955453149,6.296466973886329,0.05867895545314894
E-c,Emollama-chat-7b,mondrian,0.3,1,0.7910906298003072,5.393241167434716,0.09109062980030724
E-c,Emollama-chat-7b,mondrian,0.4,1,0.7004608294930875,4.351766513056836,0.10046082949308754
E-c,Emollama-chat-7b,mondrian,0.5,1,0.6175115207373272,3.5560675883256527,0.11751152073732718
E-c,Emollama-chat-7b,mondrian,0.6,1,0.5176651305683564,2.8678955453149,0.11766513056835637
E-c,Emollama-chat-7b,mondrian,0.7,1,0.42089093701996927,2.3425499231950844,0.12089093701996922
E-c,Emollama-chat-7b,mondrian,0.8,1,0.29185867895545314,1.8433179723502304,0.09185867895545319
E-c,Emollama-chat-7b,mondrian,0.9,1,0.18125960061443933,1.3179723502304148,0.08125960061443935
E-c,Emollama-chat-7b,mondrian,0.1,2,0.9371165644171779,8.923312883435583,0.03711656441717792
E-c,Emollama-chat-7b,mondrian,0.2,2,0.8788343558282209,6.889570552147239,0.07883435582822085
E-c,Emollama-chat-7b,mondrian,0.3,2,0.8021472392638037,5.54601226993865,0.10214723926380376
E-c,Emollama-chat-7b,mondrian,0.4,2,0.6978527607361963,4.610429447852761,0.09785276073619631
E-c,Emollama-chat-7b,mondrian,0.5,2,0.5812883435582822,3.6165644171779143,0.08128834355828218
E-c,Emollama-chat-7b,mondrian,0.6,2,0.495398773006135,2.9493865030674846,0.09539877300613497
E-c,Emollama-chat-7b,mondrian,0.7,2,0.39263803680981596,2.4355828220858897,0.09263803680981592
E-c,Emollama-chat-7b,mondrian,0.8,2,0.24233128834355827,1.7346625766871167,0.042331288343558315
E-c,Emollama-chat-7b,mondrian,0.9,2,0.11809815950920245,1.26840490797546,0.018098159509202474
E-c,Emollama-chat-7b,mondrian,0.1,3,0.9293394777265745,8.7357910906298,0.029339477726574525
E-c,Emollama-chat-7b,mondrian,0.2,3,0.8310291858678955,6.629800307219662,0.031029185867895492
E-c,Emollama-chat-7b,mondrian,0.3,3,0.7726574500768049,5.580645161290323,0.07265745007680491
E-c,Emollama-chat-7b,mondrian,0.4,3,0.6927803379416283,4.622119815668203,0.09278033794162832
E-c,Emollama-chat-7b,mondrian,0.5,3,0.6067588325652842,3.8202764976958523,0.10675883256528418
E-c,Emollama-chat-7b,mondrian,0.6,3,0.5161290322580645,3.1367127496159752,0.11612903225806448
E-c,Emollama-chat-7b,mondrian,0.7,3,0.3763440860215054,2.410138248847926,0.07634408602150533
E-c,Emollama-chat-7b,mondrian,0.8,3,0.2227342549923195,1.803379416282642,0.02273425499231954
E-c,Emollama-chat-7b,mondrian,0.9,3,0.11367127496159754,1.1874039938556067,0.013671274961597563
E-c,Emollama-chat-7b,mondrian,0.1,4,0.9447852760736196,8.794478527607362,0.044785276073619595
E-c,Emollama-chat-7b,mondrian,0.2,4,0.8665644171779141,6.5,0.06656441717791406
E-c,Emollama-chat-7b,mondrian,0.3,4,0.7898773006134969,5.52760736196319,0.08987730061349697
E-c,Emollama-chat-7b,mondrian,0.4,4,0.7208588957055214,4.717791411042945,0.12085889570552144
E-c,Emollama-chat-7b,mondrian,0.5,4,0.6380368098159509,3.9677914110429446,0.1380368098159509
E-c,Emollama-chat-7b,mondrian,0.6,4,0.5368098159509203,3.3006134969325154,0.13680981595092023
E-c,Emollama-chat-7b,mondrian,0.7,4,0.40644171779141103,2.6579754601226995,0.10644171779141098
E-c,Emollama-chat-7b,mondrian,0.8,4,0.25306748466257667,1.8374233128834356,0.053067484662576714
E-c,Emollama-chat-7b,mondrian,0.9,4,0.1579754601226994,1.294478527607362,0.05797546012269941
E-c,Emollama-chat-7b,mondrian,0.1,5,0.9323076923076923,8.361538461538462,0.03230769230769226
E-c,Emollama-chat-7b,mondrian,0.2,5,0.8553846153846154,6.644615384615385,0.055384615384615365
E-c,Emollama-chat-7b,mondrian,0.3,5,0.7615384615384615,5.26,0.06153846153846154
E-c,Emollama-chat-7b,mondrian,0.4,5,0.6753846153846154,4.489230769230769,0.07538461538461538
E-c,Emollama-chat-7b,mondrian,0.5,5,0.5892307692307692,3.6984615384615385,0.08923076923076922
E-c,Emollama-chat-7b,mondrian,0.6,5,0.46923076923076923,3.04,0.0692307692307692
E-c,Emollama-chat-7b,mondrian,0.7,5,0.3646153846153846,2.312307692307692,0.06461538461538457
E-c,Emollama-chat-7b,mondrian,0.8,5,0.25076923076923074,1.823076923076923,0.05076923076923079
E-c,Emollama-chat-7b,mondrian,0.9,5,0.15076923076923077,1.256923076923077,0.05076923076923079
E-c,Emollama-chat-7b,mondrian,0.1,6,0.9598765432098766,8.74074074074074,0.059876543209876565
E-c,Emollama-chat-7b,mondrian,0.2,6,0.8981481481481481,6.882716049382716,0.0981481481481481
E-c,Emollama-chat-7b,mondrian,0.3,6,0.8564814814814815,5.822530864197531,0.15648148148148155
E-c,Emollama-chat-7b,mondrian,0.4,6,0.7453703703703703,4.773148148148148,0.14537037037037037
E-c,Emollama-chat-7b,mondrian,0.5,6,0.6450617283950617,3.9891975308641974,0.1450617283950617
E-c,Emollama-chat-7b,mondrian,0.6,6,0.5478395061728395,3.1558641975308643,0.14783950617283947
E-c,Emollama-chat-7b,mondrian,0.7,6,0.4058641975308642,2.441358024691358,0.10586419753086418
E-c,Emollama-chat-7b,mondrian,0.8,6,0.25771604938271603,1.75,0.05771604938271607
E-c,Emollama-chat-7b,mondrian,0.9,6,0.15895061728395063,1.25,0.05895061728395065
E-c,Emollama-chat-7b,mondrian,0.1,7,0.938366718027735,8.861325115562403,0.03836671802773495
E-c,Emollama-chat-7b,mondrian,0.2,7,0.864406779661017,6.63020030816641,0.06440677966101693
E-c,Emollama-chat-7b,mondrian,0.3,7,0.7919876733436055,5.37904468412943,0.09198767334360558
E-c,Emollama-chat-7b,mondrian,0.4,7,0.7072419106317411,4.411402157164869,0.10724191063174116
E-c,Emollama-chat-7b,mondrian,0.5,7,0.6240369799691834,3.6271186440677967,0.12403697996918339
E-c,Emollama-chat-7b,mondrian,0.6,7,0.5254237288135594,2.9938366718027734,0.12542372881355934
E-c,Emollama-chat-7b,mondrian,0.7,7,0.38212634822804314,2.3759630200308166,0.0821263482280431
E-c,Emollama-chat-7b,mondrian,0.8,7,0.26810477657935283,1.8613251155624038,0.06810477657935288
E-c,Emollama-chat-7b,mondrian,0.9,7,0.16024653312788906,1.3035439137134053,0.06024653312788908
E-c,Emollama-chat-7b,mondrian,0.1,8,0.9445300462249615,8.89060092449923,0.044530046224961484
E-c,Emollama-chat-7b,mondrian,0.2,8,0.8582434514637904,6.479198767334361,0.0582434514637904
E-c,Emollama-chat-7b,mondrian,0.3,8,0.7904468412942989,5.417565485362095,0.09044684129429892
E-c,Emollama-chat-7b,mondrian,0.4,8,0.6825885978428351,4.473035439137134,0.08258859784283512
E-c,Emollama-chat-7b,mondrian,0.5,8,0.5808936825885979,3.5531587057010787,0.08089368258859786
E-c,Emollama-chat-7b,mondrian,0.6,8,0.4915254237288136,2.910631741140216,0.09152542372881356
E-c,Emollama-chat-7b,mondrian,0.7,8,0.37596302003081666,2.4052388289676427,0.07596302003081662
E-c,Emollama-chat-7b,mondrian,0.8,8,0.2711864406779661,1.9460708782742682,0.07118644067796615
E-c,Emollama-chat-7b,mondrian,0.9,8,0.14637904468412943,1.3220338983050848,0.046379044684129456
E-c,Emollama-chat-7b,mondrian,0.1,9,0.9537037037037037,9.212962962962964,0.0537037037037037
E-c,Emollama-chat-7b,mondrian,0.2,9,0.8811728395061729,6.631172839506172,0.08117283950617282
E-c,Emollama-chat-7b,mondrian,0.3,9,0.7885802469135802,5.486111111111111,0.08858024691358024
E-c,Emollama-chat-7b,mondrian,0.4,9,0.7345679012345679,4.589506172839506,0.13456790123456797
E-c,Emollama-chat-7b,mondrian,0.5,9,0.6203703703703703,3.566358024691358,0.12037037037037035
E-c,Emollama-chat-7b,mondrian,0.6,9,0.5216049382716049,2.9598765432098766,0.1216049382716049
E-c,Emollama-chat-7b,mondrian,0.7,9,0.3888888888888889,2.2685185185185186,0.08888888888888885
E-c,Emollama-chat-7b,mondrian,0.8,9,0.25771604938271603,1.779320987654321,0.05771604938271607
E-c,Emollama-chat-7b,mondrian,0.9,9,0.1558641975308642,1.2299382716049383,0.05586419753086422
E-c,Emoopt-13b,global,0.1,0,0.9141104294478528,9.45398773006135,0.01411042944785279
E-c,Emoopt-13b,global,0.2,0,0.8297546012269938,7.909509202453988,0.029754601226993804
E-c,Emoopt-13b,global,0.3,0,0.6978527607361963,6.628834355828221,0.0021472392638036686
E-c,Emoopt-13b,global,0.4,0,0.6088957055214724,5.556748466257669,0.008895705521472452
E-c,Emoopt-13b,global,0.5,0,0.49693251533742333,4.526073619631902,0.0030674846625766694
E-c,Emoopt-13b,global,0.6,0,0.42024539877300615,3.71319018404908,0.02024539877300613
E-c,Emoopt-13b,global,0.7,0,0.3236196319018405,2.8435582822085887,0.023619631901840465
E-c,Emoopt-13b,global,0.8,0,0.2331288343558282,2.098159509202454,0.03312883435582825
E-c,Emoopt-13b,global,0.9,0,0.12883435582822086,1.4447852760736197,0.028834355828220887
E-c,Emoopt-13b,global,0.1,1,0.9157733537519143,9.431852986217457,0.015773353751914243
E-c,Emoopt-13b,global,0.2,1,0.8192955589586524,7.961715160796325,0.019295558958652315
E-c,Emoopt-13b,global,0.3,1,0.6952526799387443,6.6508422664624804,0.0047473200612556665
E-c,Emoopt-13b,global,0.4,1,0.6248085758039816,5.871362940275651,0.02480857580398166
E-c,Emoopt-13b,global,0.5,1,0.5283307810107197,4.819295558958652,0.02833078101071973
E-c,Emoopt-13b,global,0.6,1,0.4119448698315467,3.7595712098009186,0.01194486983154669
E-c,Emoopt-13b,global,0.7,1,0.31546707503828486,2.8223583460949464,0.015467075038284817
E-c,Emoopt-13b,global,0.8,1,0.20673813169984687,2.0321592649310873,0.006738131699846911
E-c,Emoopt-13b,global,0.9,1,0.10107197549770292,1.245022970903522,0.0010719754977029372
E-c,Emoopt-13b,global,0.1,2,0.9418070444104135,9.751914241960185,0.041807044410413496
E-c,Emoopt-13b,global,0.2,2,0.8238897396630934,8.15926493108729,0.02388973966309338
E-c,Emoopt-13b,global,0.3,2,0.7427258805513017,7.150076569678407,0.042725880551301776
E-c,Emoopt-13b,global,0.4,2,0.6569678407350689,6.197549770290965,0.056967840735068886
E-c,Emoopt-13b,global,0.5,2,0.5650842266462481,5.078101071975498,0.06508422664624813
E-c,Emoopt-13b,global,0.6,2,0.4869831546707504,4.301684532924962,0.08698315467075035
E-c,Emoopt-13b,global,0.7,2,0.3568147013782542,3.140888208269525,0.05681470137825417
E-c,Emoopt-13b,global,0.8,2,0.22358346094946402,2.225114854517611,0.023583460949464063
E-c,Emoopt-13b,global,0.9,2,0.1225114854517611,1.5359877488514548,0.022511485451761126
E-c,Emoopt-13b,global,0.1,3,0.8865030674846626,9.191717791411042,0.013496932515337456
E-c,Emoopt-13b,global,0.2,3,0.7929447852760736,7.901840490797546,0.007055214723926451
E-c,Emoopt-13b,global,0.3,3,0.6947852760736196,6.7024539877300615,0.005214723926380338
E-c,Emoopt-13b,global,0.4,3,0.5996932515337423,5.512269938650307,0.00030674846625766694
E-c,Emoopt-13b,global,0.5,3,0.5061349693251533,4.53680981595092,0.006134969325153339
E-c,Emoopt-13b,global,0.6,3,0.4003067484662577,3.6365030674846626,0.00030674846625766694
E-c,Emoopt-13b,global,0.7,3,0.2883435582822086,2.75,0.011656441717791455
E-c,Emoopt-13b,global,0.8,3,0.18098159509202455,2.0322085889570554,0.019018404907975406
E-c,Emoopt-13b,global,0.9,3,0.08588957055214724,1.3113496932515338,0.014110429447852735
E-c,Emoopt-13b,global,0.1,4,0.9033742331288344,9.507668711656441,0.0033742331288343363
E-c,Emoopt-13b,global,0.2,4,0.8236196319018405,8.39723926380368,0.023619631901840465
E-c,Emoopt-13b,global,0.3,4,0.7346625766871165,7.1579754601226995,0.034662576687116586
E-c,Emoopt-13b,global,0.4,4,0.6273006134969326,6.029141104294479,0.02730061349693258
E-c,Emoopt-13b,global,0.5,4,0.5352760736196319,5.0475460122699385,0.03527607361963192
E-c,Emoopt-13b,global,0.6,4,0.4340490797546012,4.138036809815951,0.0340490797546012
E-c,Emoopt-13b,global,0.7,4,0.36503067484662577,3.3588957055214723,0.06503067484662572
E-c,Emoopt-13b,global,0.8,4,0.24079754601226994,2.361963190184049,0.04079754601226998
E-c,Emoopt-13b,global,0.9,4,0.1273006134969325,1.5337423312883436,0.027300613496932524
E-c,Emoopt-13b,global,0.1,5,0.9079754601226994,9.090490797546012,0.00797546012269934
E-c,Emoopt-13b,global,0.2,5,0.8144171779141104,7.806748466257669,0.014417177914110346
E-c,Emoopt-13b,global,0.3,5,0.7208588957055214,6.75920245398773,0.020858895705521463
E-c,Emoopt-13b,global,0.4,5,0.6119631901840491,5.515337423312883,0.011963190184049122
E-c,Emoopt-13b,global,0.5,5,0.5138036809815951,4.5184049079754605,0.013803680981595123
E-c,Emoopt-13b,global,0.6,5,0.40797546012269936,3.673312883435583,0.00797546012269934
E-c,Emoopt-13b,global,0.7,5,0.27607361963190186,2.598159509202454,0.023926380368098188
E-c,Emoopt-13b,global,0.8,5,0.19631901840490798,1.969325153374233,0.0036809815950919755
E-c,Emoopt-13b,global,0.9,5,0.08128834355828221,1.2116564417177915,0.018711656441717767
E-c,Emoopt-13b,global,0.1,6,0.9371165644171779,9.616564417177914,0.03711656441717792
E-c,Emoopt-13b,global,0.2,6,0.8236196319018405,7.950920245398773,0.023619631901840465
E-c,Emoopt-13b,global,0.3,6,0.7147239263803681,6.684049079754601,0.014723926380368124
E-c,Emoopt-13b,global,0.4,6,0.5996932515337423,5.570552147239264,0.00030674846625766694
E-c,Emoopt-13b,global,0.5,6,0.48773006134969327,4.470858895705521,0.012269938650306733
E-c,Emoopt-13b,global,0.6,6,0.39723926380368096,3.5690184049079754,0.002760736196319058
E-c,Emoopt-13b,global,0.7,6,0.3052147239263804,2.829754601226994,0.005214723926380338
E-c,Emoopt-13b,global,0.8,6,0.18711656441717792,2.053680981595092,0.01288343558282204
E-c,Emoopt-13b,global,0.9,6,0.08895705521472393,1.3266871165644172,0.011042944785276052
E-c,Emoopt-13b,global,0.1,7,0.885145482388974,9.188361408882082,0.014854517611026075
E-c,Emoopt-13b,global,0.2,7,0.7886676875957122,7.7687595712098005,0.011332312404287892
E-c,Emoopt-13b,global,0.3,7,0.6998468606431854,6.756508422664624,0.00015313935681460222
E-c,Emoopt-13b,global,0.4,7,0.6094946401225115,5.854517611026034,0.009494640122511555
E-c,Emoopt-13b,global,0.5,7,0.5375191424196019,4.816232771822358,0.03751914241960186
E-c,Emoopt-13b,global,0.6,7,0.4349157733537519,3.892802450229709,0.0349157733537519
E-c,Emoopt-13b,global,0.7,7,0.32924961715160794,2.9372128637059722,0.0292496171516079
E-c,Emoopt-13b,global,0.8,7,0.23736600306278713,2.211332312404288,0.03736600306278717
E-c,Emoopt-13b,global,0.9,7,0.12098009188361408,1.4211332312404288,0.020980091883614105
E-c,Emoopt-13b,global,0.1,8,0.9341500765696784,9.60490045941807,0.03415007656967839
E-c,Emoopt-13b,global,0.2,8,0.7947932618683001,7.719754977029097,0.005206738131699917
E-c,Emoopt-13b,global,0.3,8,0.7013782542113323,6.647779479326187,0.0013782542113323082
E-c,Emoopt-13b,global,0.4,8,0.6248085758039816,5.687595712098009,0.02480857580398166
E-c,Emoopt-13b,global,0.5,8,0.5267993874425727,4.73353751914242,0.02679938744257271
E-c,Emoopt-13b,global,0.6,8,0.37059724349157736,3.5053598774885146,0.029402756508422667
E-c,Emoopt-13b,global,0.7,8,0.2542113323124043,2.552833078101072,0.04578866768759576
E-c,Emoopt-13b,global,0.8,8,0.16845329249617153,1.9540581929555896,0.03154670750382843
E-c,Emoopt-13b,global,0.9,8,0.10107197549770292,1.318529862174579,0.0010719754977029372
E-c,Emoopt-13b,global,0.1,9,0.8880368098159509,9.153374233128835,0.011963190184049122
E-c,Emoopt-13b,global,0.2,9,0.7960122699386503,7.754601226993865,0.003987730061349781
E-c,Emoopt-13b,global,0.3,9,0.6886503067484663,6.664110429447852,0.011349693251533677
E-c,Emoopt-13b,global,0.4,9,0.5950920245398773,5.638036809815951,0.004907975460122671
E-c,Emoopt-13b,global,0.5,9,0.49079754601226994,4.487730061349693,0.009202453987730064
E-c,Emoopt-13b,global,0.6,9,0.3941717791411043,3.5245398773006134,0.005828220858895727
E-c,Emoopt-13b,global,0.7,9,0.3113496932515337,2.766871165644172,0.011349693251533677
E-c,Emoopt-13b,global,0.8,9,0.2147239263803681,2.058282208588957,0.014723926380368152
E-c,Emoopt-13b,global,0.9,9,0.12423312883435583,1.4003067484662577,0.024233128834355855
E-c,Emoopt-13b,hybrid,0.1,0,0.9202453987730062,9.075153374233128,0.02024539877300613
E-c,Emoopt-13b,hybrid,0.2,0,0.8420245398773006,7.7315950920245395,0.04202453987730059
E-c,Emoopt-13b,hybrid,0.3,0,0.754601226993865,6.634969325153374,0.05460122699386505
E-c,Emoopt-13b,hybrid,0.4,0,0.6426380368098159,5.4524539877300615,0.04263803680981593
E-c,Emoopt-13b,hybrid,0.5,0,0.558282208588957,4.630368098159509,0.05828220858895705
E-c,Emoopt-13b,hybrid,0.6,0,0.45858895705521474,3.8328220858895707,0.05858895705521472
E-c,Emoopt-13b,hybrid,0.7,0,0.3665644171779141,3.1319018404907975,0.06656441717791406
E-c,Emoopt-13b,hybrid,0.8,0,0.26993865030674846,2.375766871165644,0.0699386503067485
E-c,Emoopt-13b,hybrid,0.9,0,0.18404907975460122,1.7346625766871167,0.08404907975460124
E-c,Emoopt-13b,hybrid,0.1,1,0.9280245022970903,9.238897396630934,0.028024502297090303
E-c,Emoopt-13b,hybrid,0.2,1,0.8392036753445635,7.803981623277182,0.03920367534456348
E-c,Emoopt-13b,hybrid,0.3,1,0.7442572741194488,6.704441041347627,0.0442572741194488
E-c,Emoopt-13b,hybrid,0.4,1,0.6615620214395099,5.7687595712098005,0.06156202143950995
E-c,Emoopt-13b,hybrid,0.5,1,0.5635528330781011,4.909647779479326,0.06355283307810111
E-c,Emoopt-13b,hybrid,0.6,1,0.4670750382848392,4.094946401225115,0.06707503828483918
E-c,Emoopt-13b,hybrid,0.7,1,0.3568147013782542,3.196018376722818,0.05681470137825417
E-c,Emoopt-13b,hybrid,0.8,1,0.2664624808575804,2.442572741194487,0.06646248085758044
E-c,Emoopt-13b,hybrid,0.9,1,0.15313935681470137,1.656967840735069,0.05313935681470139
E-c,Emoopt-13b,hybrid,0.1,2,0.9464012251148545,9.924961715160796,0.04640122511485445
E-c,Emoopt-13b,hybrid,0.2,2,0.8575803981623277,8.084226646248085,0.05758039816232763
E-c,Emoopt-13b,hybrid,0.3,2,0.7626339969372129,6.983154670750383,0.06263399693721294
E-c,Emoopt-13b,hybrid,0.4,2,0.667687595712098,6.064318529862175,0.06768759571209804
E-c,Emoopt-13b,hybrid,0.5,2,0.5849923430321593,5.157733537519142,0.0849923430321593
E-c,Emoopt-13b,hybrid,0.6,2,0.4946401225114854,4.300153139356815,0.0946401225114854
E-c,Emoopt-13b,hybrid,0.7,2,0.41347626339969373,3.5007656967840735,0.11347626339969369
E-c,Emoopt-13b,hybrid,0.8,2,0.29096477794793263,2.5834609494640124,0.09096477794793267
E-c,Emoopt-13b,hybrid,0.9,2,0.16539050535987748,1.8147013782542114,0.0653905053598775
E-c,Emoopt-13b,hybrid,0.1,3,0.9202453987730062,9.338957055214724,0.02024539877300613
E-c,Emoopt-13b,hybrid,0.2,3,0.8220858895705522,7.636503067484663,0.02208588957055213
E-c,Emoopt-13b,hybrid,0.3,3,0.7239263803680982,6.46319018404908,0.023926380368098243
E-c,Emoopt-13b,hybrid,0.4,3,0.6303680981595092,5.526073619631902,0.03036809815950925
E-c,Emoopt-13b,hybrid,0.5,3,0.5429447852760736,4.674846625766871,0.042944785276073594
E-c,Emoopt-13b,hybrid,0.6,3,0.46319018404907975,3.854294478527607,0.06319018404907972
E-c,Emoopt-13b,hybrid,0.7,3,0.3512269938650307,3.1395705521472395,0.05122699386503066
E-c,Emoopt-13b,hybrid,0.8,3,0.2392638036809816,2.3696319018404908,0.039263803680981646
E-c,Emoopt-13b,hybrid,0.9,3,0.11503067484662577,1.6610429447852761,0.015030674846625791
E-c,Emoopt-13b,hybrid,0.1,4,0.9171779141104295,9.345092024539877,0.01717791411042946
E-c,Emoopt-13b,hybrid,0.2,4,0.8374233128834356,8.019938650306749,0.03742331288343559
E-c,Emoopt-13b,hybrid,0.3,4,0.75920245398773,7.00920245398773,0.05920245398773005
E-c,Emoopt-13b,hybrid,0.4,4,0.656441717791411,5.946319018404908,0.05644171779141105
E-c,Emoopt-13b,hybrid,0.5,4,0.5506134969325154,5.061349693251533,0.05061349693251538
E-c,Emoopt-13b,hybrid,0.6,4,0.4708588957055215,4.294478527607362,0.07085889570552145
E-c,Emoopt-13b,hybrid,0.7,4,0.3834355828220859,3.6150306748466257,0.08343558282208585
E-c,Emoopt-13b,hybrid,0.8,4,0.29754601226993865,2.736196319018405,0.0975460122699387
E-c,Emoopt-13b,hybrid,0.9,4,0.17791411042944785,1.8496932515337423,0.07791411042944787
E-c,Emoopt-13b,hybrid,0.1,5,0.9156441717791411,9.072085889570552,0.015644171779141125
E-c,Emoopt-13b,hybrid,0.2,5,0.843558282208589,7.707055214723926,0.04355828220858893
E-c,Emoopt-13b,hybrid,0.3,5,0.754601226993865,6.680981595092025,0.05460122699386505
E-c,Emoopt-13b,hybrid,0.4,5,0.6579754601226994,5.668711656441718,0.057975460122699385
E-c,Emoopt-13b,hybrid,0.5,5,0.553680981595092,4.808282208588957,0.05368098159509205
E-c,Emoopt-13b,hybrid,0.6,5,0.4432515337423313,3.9309815950920246,0.04325153374233126
E-c,Emoopt-13b,hybrid,0.7,5,0.3374233128834356,2.996932515337423,0.03742331288343553
E-c,Emoopt-13b,hybrid,0.8,5,0.25766871165644173,2.3205521472392636,0.05766871165644177
E-c,Emoopt-13b,hybrid,0.9,5,0.14263803680981596,1.5644171779141105,0.04263803680981598
E-c,Emoopt-13b,hybrid,0.1,6,0.9585889570552147,9.498466257668712,0.05858895705521472
E-c,Emoopt-13b,hybrid,0.2,6,0.8634969325153374,7.934049079754601,0.06349693251533739
E-c,Emoopt-13b,hybrid,0.3,6,0.7714723926380368,6.707055214723926,0.07147239263803684
E-c,Emoopt-13b,hybrid,0.4,6,0.6533742331288344,5.621165644171779,0.05337423312883438
E-c,Emoopt-13b,hybrid,0.5,6,0.5567484662576687,4.728527607361963,0.05674846625766872
E-c,Emoopt-13b,hybrid,0.6,6,0.44785276073619634,3.8634969325153374,0.04785276073619632
E-c,Emoopt-13b,hybrid,0.7,6,0.3496932515337423,3.124233128834356,0.049693251533742266
E-c,Emoopt-13b,hybrid,0.8,6,0.23773006134969324,2.423312883435583,0.037730061349693284
E-c,Emoopt-13b,hybrid,0.9,6,0.14877300613496933,1.7453987730061349,0.04877300613496935
E-c,Emoopt-13b,hybrid,0.1,7,0.9050535987748851,8.98468606431853,0.005053598774885093
E-c,Emoopt-13b,hybrid,0.2,7,0.8039816232771823,7.548238897396631,0.003981623277182211
E-c,Emoopt-13b,hybrid,0.3,7,0.7289433384379785,6.6937212863705975,0.028943338437978583
E-c,Emoopt-13b,hybrid,0.4,7,0.6462480857580398,5.77947932618683,0.04624808575803985
E-c,Emoopt-13b,hybrid,0.5,7,0.55895865237366,4.883614088820827,0.05895865237366005
E-c,Emoopt-13b,hybrid,0.6,7,0.4762633996937213,4.0673813169984685,0.07626339969372126
E-c,Emoopt-13b,hybrid,0.7,7,0.38437978560490044,3.2725880551301683,0.08437978560490039
E-c,Emoopt-13b,hybrid,0.8,7,0.2833078101071976,2.601837672281776,0.08330781010719762
E-c,Emoopt-13b,hybrid,0.9,7,0.16845329249617153,1.7381316998468606,0.06845329249617155
E-c,Emoopt-13b,hybrid,0.1,8,0.9188361408882083,8.972434915773354,0.018836140888208286
E-c,Emoopt-13b,hybrid,0.2,8,0.8070444104134763,7.560490045941807,0.007044410413476254
E-c,Emoopt-13b,hybrid,0.3,8,0.7320061255742726,6.623277182235834,0.032006125574272626
E-c,Emoopt-13b,hybrid,0.4,8,0.6493108728943339,5.601837672281777,0.04931087289433389
E-c,Emoopt-13b,hybrid,0.5,8,0.5344563552833078,4.673813169984686,0.034456355283307816
E-c,Emoopt-13b,hybrid,0.6,8,0.42725880551301687,3.7320061255742725,0.02725880551301685
E-c,Emoopt-13b,hybrid,0.7,8,0.32924961715160794,2.9295558958652372,0.0292496171516079
E-c,Emoopt-13b,hybrid,0.8,8,0.225114854517611,2.2404287901990814,0.025114854517611057
E-c,Emoopt-13b,hybrid,0.9,8,0.13169984686064318,1.562021439509954,0.0316998468606432
E-c,Emoopt-13b,hybrid,0.1,9,0.9049079754601227,8.983128834355828,0.004907975460122671
E-c,Emoopt-13b,hybrid,0.2,9,0.8128834355828221,7.631901840490798,0.012883435582822012
E-c,Emoopt-13b,hybrid,0.3,9,0.696319018404908,6.513803680981595,0.0036809815950920033
E-c,Emoopt-13b,hybrid,0.4,9,0.598159509202454,5.4447852760736195,0.0018404907975460016
E-c,Emoopt-13b,hybrid,0.5,9,0.5153374233128835,4.533742331288344,0.015337423312883458
E-c,Emoopt-13b,hybrid,0.6,9,0.43098159509202455,3.7254601226993866,0.030981595092024528
E-c,Emoopt-13b,hybrid,0.7,9,0.348159509202454,3.0782208588957056,0.04815950920245393
E-c,Emoopt-13b,hybrid,0.8,9,0.26226993865030673,2.388036809815951,0.06226993865030678
E-c,Emoopt-13b,hybrid,0.9,9,0.15184049079754602,1.5766871165644172,0.051840490797546046
E-c,Emoopt-13b,mondrian,0.1,0,0.9233128834355828,9.331288343558283,0.0233128834355828
E-c,Emoopt-13b,mondrian,0.2,0,0.852760736196319,8.170245398773005,0.052760736196318936
E-c,Emoopt-13b,mondrian,0.3,0,0.7714723926380368,7.059815950920245,0.07147239263803684
E-c,Emoopt-13b,mondrian,0.4,0,0.6671779141104295,5.91717791411043,0.0671779141104295
E-c,Emoopt-13b,mondrian,0.5,0,0.5797546012269938,4.984662576687117,0.07975460122699385
E-c,Emoopt-13b,mondrian,0.6,0,0.48466257668711654,4.151840490797546,0.08466257668711652
E-c,Emoopt-13b,mondrian,0.7,0,0.4003067484662577,3.4493865030674846,0.10030674846625764
E-c,Emoopt-13b,mondrian,0.8,0,0.294478527607362,2.5996932515337425,0.09447852760736203
E-c,Emoopt-13b,mondrian,0.9,0,0.1901840490797546,1.8696319018404908,0.09018404907975464
E-c,Emoopt-13b,mondrian,0.1,1,0.9341500765696784,9.486983154670751,0.03415007656967839
E-c,Emoopt-13b,mondrian,0.2,1,0.8514548238897397,8.214395099540582,0.051454823889739654
E-c,Emoopt-13b,mondrian,0.3,1,0.7672281776416539,7.139356814701379,0.0672281776416539
E-c,Emoopt-13b,mondrian,0.4,1,0.6799387442572741,6.182235834609495,0.0799387442572741
E-c,Emoopt-13b,mondrian,0.5,1,0.5819295558958653,5.272588055130169,0.08192955589586526
E-c,Emoopt-13b,mondrian,0.6,1,0.49770290964777947,4.51301684532925,0.09770290964777945
E-c,Emoopt-13b,mondrian,0.7,1,0.39509954058192953,3.578866768759571,0.09509954058192949
E-c,Emoopt-13b,mondrian,0.8,1,0.29402756508422667,2.6952526799387444,0.09402756508422672
E-c,Emoopt-13b,mondrian,0.9,1,0.17151607963246554,1.8269525267993874,0.07151607963246556
E-c,Emoopt-13b,mondrian,0.1,2,0.9509954058192955,10.085758039816232,0.050995405819295514
E-c,Emoopt-13b,mondrian,0.2,2,0.8621745788667687,8.42572741194487,0.06217457886676869
E-c,Emoopt-13b,mondrian,0.3,2,0.774885145482389,7.330781010719755,0.074885145482389
E-c,Emoopt-13b,mondrian,0.4,2,0.6814701378254211,6.460949464012251,0.08147013782542112
E-c,Emoopt-13b,mondrian,0.5,2,0.6140888208269525,5.611026033690658,0.11408882082695249
E-c,Emoopt-13b,mondrian,0.6,2,0.5176110260336907,4.683001531393568,0.11761102603369067
E-c,Emoopt-13b,mondrian,0.7,2,0.445635528330781,3.8346094946401226,0.14563552833078097
E-c,Emoopt-13b,mondrian,0.8,2,0.3445635528330781,2.972434915773354,0.14456355283307815
E-c,Emoopt-13b,mondrian,0.9,2,0.1807044410413476,1.9739663093415007,0.08070444104134764
E-c,Emoopt-13b,mondrian,0.1,3,0.9263803680981595,9.688650306748466,0.026380368098159468
E-c,Emoopt-13b,mondrian,0.2,3,0.8312883435582822,8.067484662576687,0.03128834355828214
E-c,Emoopt-13b,mondrian,0.3,3,0.7377300613496932,6.950920245398773,0.037730061349693256
E-c,Emoopt-13b,mondrian,0.4,3,0.6503067484662577,6.00920245398773,0.05030674846625771
E-c,Emoopt-13b,mondrian,0.5,3,0.5598159509202454,5.070552147239264,0.059815950920245387
E-c,Emoopt-13b,mondrian,0.6,3,0.4831288343558282,4.24079754601227,0.08312883435582819
E-c,Emoopt-13b,mondrian,0.7,3,0.3773006134969325,3.46319018404908,0.07730061349693246
E-c,Emoopt-13b,mondrian,0.8,3,0.24846625766871167,2.5720858895705523,0.04846625766871171
E-c,Emoopt-13b,mondrian,0.9,3,0.12576687116564417,1.7760736196319018,0.02576687116564419
E-c,Emoopt-13b,mondrian,0.1,4,0.9233128834355828,9.515337423312884,0.0233128834355828
E-c,Emoopt-13b,mondrian,0.2,4,0.843558282208589,8.269938650306749,0.04355828220858893
E-c,Emoopt-13b,mondrian,0.3,4,0.7760736196319018,7.325153374233129,0.07607361963190185
E-c,Emoopt-13b,mondrian,0.4,4,0.6794478527607362,6.331288343558282,0.07944785276073618
E-c,Emoopt-13b,mondrian,0.5,4,0.5705521472392638,5.457055214723926,0.07055214723926384
E-c,Emoopt-13b,mondrian,0.6,4,0.495398773006135,4.696319018404908,0.09539877300613497
E-c,Emoopt-13b,mondrian,0.7,4,0.40797546012269936,3.973926380368098,0.10797546012269932
E-c,Emoopt-13b,mondrian,0.8,4,0.3128834355828221,3.016871165644172,0.11288343558282216
E-c,Emoopt-13b,mondrian,0.9,4,0.18865030674846625,2.0736196319018405,0.08865030674846627
E-c,Emoopt-13b,mondrian,0.1,5,0.9263803680981595,9.460122699386503,0.026380368098159468
E-c,Emoopt-13b,mondrian,0.2,5,0.8619631901840491,8.029141104294478,0.061963190184049055
E-c,Emoopt-13b,mondrian,0.3,5,0.7776073619631901,7.052147239263804,0.07760736196319018
E-c,Emoopt-13b,mondrian,0.4,5,0.6763803680981595,6.016871165644171,0.07638036809815951
E-c,Emoopt-13b,mondrian,0.5,5,0.5766871165644172,5.319018404907975,0.07668711656441718
E-c,Emoopt-13b,mondrian,0.6,5,0.4723926380368098,4.380368098159509,0.07239263803680979
E-c,Emoopt-13b,mondrian,0.7,5,0.38650306748466257,3.598159509202454,0.08650306748466252
E-c,Emoopt-13b,mondrian,0.8,5,0.29141104294478526,2.647239263803681,0.0914110429447853
E-c,Emoopt-13b,mondrian,0.9,5,0.16717791411042945,1.7515337423312884,0.06717791411042948
E-c,Emoopt-13b,mondrian,0.1,6,0.9677914110429447,9.743865030674847,0.06779141104294473
E-c,Emoopt-13b,mondrian,0.2,6,0.8895705521472392,8.492331288343559,0.08957055214723919
E-c,Emoopt-13b,mondrian,0.3,6,0.7898773006134969,7.188650306748467,0.08987730061349697
E-c,Emoopt-13b,mondrian,0.4,6,0.6825153374233128,6.133435582822086,0.08251533742331285
E-c,Emoopt-13b,mondrian,0.5,6,0.5874233128834356,5.237730061349693,0.08742331288343563
E-c,Emoopt-13b,mondrian,0.6,6,0.4892638036809816,4.380368098159509,0.08926380368098158
E-c,Emoopt-13b,mondrian,0.7,6,0.3834355828220859,3.607361963190184,0.08343558282208585
E-c,Emoopt-13b,mondrian,0.8,6,0.2684049079754601,2.7883435582822087,0.06840490797546017
E-c,Emoopt-13b,mondrian,0.9,6,0.17024539877300612,1.883435582822086,0.07024539877300615
E-c,Emoopt-13b,mondrian,0.1,7,0.9157733537519143,9.309341500765697,0.015773353751914243
E-c,Emoopt-13b,mondrian,0.2,7,0.8238897396630934,7.961715160796325,0.02388973966309338
E-c,Emoopt-13b,mondrian,0.3,7,0.7519142419601837,7.150076569678407,0.05191424196018379
E-c,Emoopt-13b,mondrian,0.4,7,0.663093415007657,6.1271056661562024,0.06309341500765697
E-c,Emoopt-13b,mondrian,0.5,7,0.5788667687595712,5.11791730474732,0.07886676875957122
E-c,Emoopt-13b,mondrian,0.6,7,0.49310872894333846,4.267993874425727,0.09310872894333844
E-c,Emoopt-13b,mondrian,0.7,7,0.40735068912710565,3.460949464012251,0.1073506891271056
E-c,Emoopt-13b,mondrian,0.8,7,0.29555895865237364,2.785604900459418,0.09555895865237368
E-c,Emoopt-13b,mondrian,0.9,7,0.1807044410413476,1.8499234303215926,0.08070444104134764
E-c,Emoopt-13b,mondrian,0.1,8,0.9218989280245024,9.130168453292496,0.02189892802450233
E-c,Emoopt-13b,mondrian,0.2,8,0.8238897396630934,8.049004594180705,0.02388973966309338
E-c,Emoopt-13b,mondrian,0.3,8,0.7549770290964778,7.075038284839204,0.054977029096477836
E-c,Emoopt-13b,mondrian,0.4,8,0.6799387442572741,6.099540581929556,0.0799387442572741
E-c,Emoopt-13b,mondrian,0.5,8,0.5650842266462481,5.093415007656968,0.06508422664624813
E-c,Emoopt-13b,mondrian,0.6,8,0.46401225114854516,4.122511485451761,0.06401225114854514
E-c,Emoopt-13b,mondrian,0.7,8,0.37519142419601836,3.343032159264931,0.07519142419601832
E-c,Emoopt-13b,mondrian,0.8,8,0.24655436447166923,2.551301684532925,0.046554364471669274
E-c,Emoopt-13b,mondrian,0.9,8,0.14088820826952528,1.7105666156202144,0.0408882082695253
E-c,Emoopt-13b,mondrian,0.1,9,0.9171779141104295,9.328220858895705,0.01717791411042946
E-c,Emoopt-13b,mondrian,0.2,9,0.8266871165644172,7.892638036809816,0.026687116564417135
E-c,Emoopt-13b,mondrian,0.3,9,0.7162576687116564,6.858895705521473,0.01625766871165646
E-c,Emoopt-13b,mondrian,0.4,9,0.6134969325153374,5.743865030674846,0.013496932515337456
E-c,Emoopt-13b,mondrian,0.5,9,0.5368098159509203,4.886503067484663,0.036809815950920255
E-c,Emoopt-13b,mondrian,0.6,9,0.45858895705521474,4.122699386503068,0.05858895705521472
E-c,Emoopt-13b,mondrian,0.7,9,0.3773006134969325,3.4616564417177913,0.07730061349693246
E-c,Emoopt-13b,mondrian,0.8,9,0.29141104294478526,2.723926380368098,0.0914110429447853
E-c,Emoopt-13b,mondrian,0.9,9,0.16257668711656442,1.7699386503067485,0.06257668711656444
GoEmotions,Emobloom-7b,global,0.1,0,0.9084181313598519,5.293246993524514,0.008418131359851921
GoEmotions,Emobloom-7b,global,0.2,0,0.849213691026827,4.3746530989824235,0.04921369102682693
GoEmotions,Emobloom-7b,global,0.3,0,0.7585568917668826,3.703977798334875,0.05855689176688261
GoEmotions,Emobloom-7b,global,0.4,0,0.6882516188714154,3.103607770582794,0.08825161887141542
GoEmotions,Emobloom-7b,global,0.5,0,0.4976873265494912,1.515263644773358,0.0023126734505087843
GoEmotions,Emobloom-7b,global,0.6,0,0.43940795559666973,1.2395929694727104,0.03940795559666971
GoEmotions,Emobloom-7b,global,0.7,0,0.40795559666975023,1.0453283996299723,0.10795559666975019
GoEmotions,Emobloom-7b,global,0.8,0,0.39592969472710454,1.0,0.1959296947271046
GoEmotions,Emobloom-7b,global,0.9,0,0.39592969472710454,1.0,0.29592969472710456
GoEmotions,Emobloom-7b,global,0.1,1,0.9250693802035153,5.360777058279371,0.025069380203515235
GoEmotions,Emobloom-7b,global,0.2,1,0.8547641073080481,4.493061979648473,0.05476410730804804
GoEmotions,Emobloom-7b,global,0.3,1,0.7705827937095282,3.795559666975023,0.07058279370952825
GoEmotions,Emobloom-7b,global,0.4,1,0.6919518963922294,3.172062904717854,0.09195189639222945
GoEmotions,Emobloom-7b,global,0.5,1,0.47733580018501387,1.3940795559666974,0.02266419981498613
GoEmotions,Emobloom-7b,global,0.6,1,0.4320074005550416,1.147086031452359,0.03200740055504159
GoEmotions,Emobloom-7b,global,0.7,1,0.4125809435707678,1.0166512488436632,0.11258094357076776
GoEmotions,Emobloom-7b,global,0.8,1,0.40888066604995377,1.0,0.2088806660499538
GoEmotions,Emobloom-7b,global,0.9,1,0.40888066604995377,1.0,0.3088806660499538
GoEmotions,Emobloom-7b,global,0.1,2,0.9189686924493554,5.359116022099448,0.018968692449355395
GoEmotions,Emobloom-7b,global,0.2,2,0.8314917127071824,4.248618784530387,0.03149171270718232
GoEmotions,Emobloom-7b,global,0.3,2,0.7605893186003683,3.6141804788213627,0.060589318600368314
GoEmotions,Emobloom-7b,global,0.4,2,0.6924493554327809,3.1022099447513813,0.09244935543278088
GoEmotions,Emobloom-7b,global,0.5,2,0.5147329650092081,1.5451197053406998,0.014732965009208066
GoEmotions,Emobloom-7b,global,0.6,2,0.4594843462246777,1.2154696132596685,0.05948434622467769
GoEmotions,Emobloom-7b,global,0.7,2,0.4281767955801105,1.054327808471455,0.12817679558011047
GoEmotions,Emobloom-7b,global,0.8,2,0.4208103130755064,1.0,0.22081031307550647
GoEmotions,Emobloom-7b,global,0.9,2,0.4208103130755064,1.0,0.32081031307550645
GoEmotions,Emobloom-7b,global,0.1,3,0.9142066420664207,5.306273062730627,0.014206642066420638
GoEmotions,Emobloom-7b,global,0.2,3,0.8376383763837638,4.330258302583026,0.03763837638376377
GoEmotions,Emobloom-7b,global,0.3,3,0.7629151291512916,3.680811808118081,0.0629151291512916
GoEmotions,Emobloom-7b,global,0.4,3,0.6974169741697417,3.1125461254612548,0.09741697416974171
GoEmotions,Emobloom-7b,global,0.5,3,0.5083025830258303,1.5424354243542435,0.008302583025830312
GoEmotions,Emobloom-7b,global,0.6,3,0.45571955719557194,1.2306273062730628,0.05571955719557192
GoEmotions,Emobloom-7b,global,0.7,3,0.42435424354243545,1.047970479704797,0.1243542435424354
GoEmotions,Emobloom-7b,global,0.8,3,0.41420664206642066,1.0009225092250922,0.2142066420664207
GoEmotions,Emobloom-7b,global,0.9,3,0.41420664206642066,1.0,0.3142066420664207
GoEmotions,Emobloom-7b,global,0.1,4,0.9252767527675276,5.347785977859779,0.02527675276752761
GoEmotions,Emobloom-7b,global,0.2,4,0.8607011070110702,4.492619926199262,0.06070110701107012
GoEmotions,Emobloom-7b,global,0.3,4,0.772140221402214,3.6642066420664205,0.0721402214022141
GoEmotions,Emobloom-7b,global,0.4,4,0.6872693726937269,3.0636531365313653,0.08726937269372692
GoEmotions,Emobloom-7b,global,0.5,4,0.5138376383763837,1.455719557195572,0.013837638376383743
GoEmotions,Emobloom-7b,global,0.6,4,0.4603321033210332,1.1900369003690037,0.06033210332103317
GoEmotions,Emobloom-7b,global,0.7,4,0.43634686346863466,1.0387453874538746,0.13634686346863462
GoEmotions,Emobloom-7b,global,0.8,4,0.4261992619926199,1.0,0.22619926199261997
GoEmotions,Emobloom-7b,global,0.9,4,0.4261992619926199,1.0,0.32619926199261995
GoEmotions,Emobloom-7b,global,0.1,5,0.9250693802035153,5.38667900092507,0.025069380203515235
GoEmotions,Emobloom-7b,global,0.2,5,0.8297872340425532,4.340425531914893,0.029787234042553123
GoEmotions,Emobloom-7b,global,0.3,5,0.7456059204440333,3.6993524514338576,0.04560592044403333
GoEmotions,Emobloom-7b,global,0.4,5,0.6743755781683626,3.1480111008325626,0.0743755781683626
GoEmotions,Emobloom-7b,global,0.5,5,0.48751156336725254,1.4782608695652173,0.012488436632747457
GoEmotions,Emobloom-7b,global,0.6,5,0.43940795559666973,1.2432932469935245,0.03940795559666971
GoEmotions,Emobloom-7b,global,0.7,5,0.4181313598519889,1.0545790934320074,0.11813135985198886
GoEmotions,Emobloom-7b,global,0.8,5,0.4051803885291397,1.0,0.20518038852913972
GoEmotions,Emobloom-7b,global,0.9,5,0.4051803885291397,1.0,0.3051803885291397
GoEmotions,Emobloom-7b,global,0.1,6,0.9105166051660517,5.3357933579335795,0.010516605166051685
GoEmotions,Emobloom-7b,global,0.2,6,0.8404059040590406,4.350553505535055,0.04040590405904054
GoEmotions,Emobloom-7b,global,0.3,6,0.7693726937269373,3.7850553505535056,0.06937269372693733
GoEmotions,Emobloom-7b,global,0.4,6,0.6780442804428044,3.1374538745387452,0.07804428044280443
GoEmotions,Emobloom-7b,global,0.5,6,0.47509225092250923,1.4261992619926198,0.02490774907749077
GoEmotions,Emobloom-7b,global,0.6,6,0.43357933579335795,1.2001845018450183,0.03357933579335792
GoEmotions,Emobloom-7b,global,0.7,6,0.41420664206642066,1.0498154981549817,0.11420664206642062
GoEmotions,Emobloom-7b,global,0.8,6,0.4040590405904059,1.0,0.20405904059040597
GoEmotions,Emobloom-7b,global,0.9,6,0.4040590405904059,1.0,0.30405904059040595
GoEmotions,Emobloom-7b,global,0.1,7,0.933579335793358,5.469557195571956,0.03357933579335792
GoEmotions,Emobloom-7b,global,0.2,7,0.8662361623616236,4.486162361623617,0.06623616236162355
GoEmotions,Emobloom-7b,global,0.3,7,0.7952029520295203,3.7924354243542435,0.09520295202952034
GoEmotions,Emobloom-7b,global,0.4,7,0.698339483394834,3.1190036900369003,0.098339483394834
GoEmotions,Emobloom-7b,global,0.5,7,0.514760147601476,1.477859778597786,0.014760147601476037
GoEmotions,Emobloom-7b,global,0.6,7,0.47232472324723246,1.2472324723247232,0.07232472324723244
GoEmotions,Emobloom-7b,global,0.7,7,0.44649446494464945,1.0673431734317342,0.1464944649446494
GoEmotions,Emobloom-7b,global,0.8,7,0.4289667896678967,1.0,0.22896678966789674
GoEmotions,Emobloom-7b,global,0.9,7,0.4289667896678967,1.0,0.3289667896678967
GoEmotions,Emobloom-7b,global,0.1,8,0.9160516605166051,5.4206642066420665,0.016051660516605115
GoEmotions,Emobloom-7b,global,0.2,8,0.8311808118081181,4.402214022140221,0.031180811808118047
GoEmotions,Emobloom-7b,global,0.3,8,0.7453874538745388,3.6568265682656826,0.0453874538745388
GoEmotions,Emobloom-7b,global,0.4,8,0.5369003690036901,1.8404059040590406,0.06309963099630989
GoEmotions,Emobloom-7b,global,0.5,8,0.45018450184501846,1.411439114391144,0.04981549815498154
GoEmotions,Emobloom-7b,global,0.6,8,0.4188191881918819,1.1632841328413284,0.018819188191881886
GoEmotions,Emobloom-7b,global,0.7,8,0.39206642066420666,1.0101476014760147,0.09206642066420662
GoEmotions,Emobloom-7b,global,0.8,8,0.3892988929889299,1.0,0.18929889298892993
GoEmotions,Emobloom-7b,global,0.9,8,0.3892988929889299,1.0,0.2892988929889299
GoEmotions,Emobloom-7b,global,0.1,9,0.9132841328413284,5.339483394833948,0.013284132841328344
GoEmotions,Emobloom-7b,global,0.2,9,0.8238007380073801,4.349630996309963,0.02380073800738003
GoEmotions,Emobloom-7b,global,0.3,9,0.7472324723247232,3.6669741697416973,0.047232472324723274
GoEmotions,Emobloom-7b,global,0.4,9,0.6632841328413284,3.088560885608856,0.06328413284132839
GoEmotions,Emobloom-7b,global,0.5,9,0.47509225092250923,1.522140221402214,0.02490774907749077
GoEmotions,Emobloom-7b,global,0.6,9,0.4354243542435424,1.2933579335793357,0.0354243542435424
GoEmotions,Emobloom-7b,global,0.7,9,0.4086715867158672,1.095018450184502,0.10867158671586713
GoEmotions,Emobloom-7b,global,0.8,9,0.3892988929889299,1.0018450184501846,0.18929889298892993
GoEmotions,Emobloom-7b,global,0.9,9,0.3892988929889299,1.0,0.2892988929889299
GoEmotions,Emobloom-7b,hybrid,0.1,0,0.9287696577243293,5.016651248843663,0.028769657724329267
GoEmotions,Emobloom-7b,hybrid,0.2,0,0.8418131359851989,3.791859389454209,0.04181313598519887
GoEmotions,Emobloom-7b,hybrid,0.3,0,0.6919518963922294,2.6604995374653098,0.00804810360777053
GoEmotions,Emobloom-7b,hybrid,0.4,0,0.6022201665124884,2.064754856614246,0.002220166512488464
GoEmotions,Emobloom-7b,hybrid,0.5,0,0.5300647548566142,1.7215541165587418,0.030064754856614195
GoEmotions,Emobloom-7b,hybrid,0.6,0,0.4782608695652174,1.5716928769657725,0.07826086956521738
GoEmotions,Emobloom-7b,hybrid,0.7,0,0.37835337650323775,1.3478260869565217,0.0783533765032377
GoEmotions,Emobloom-7b,hybrid,0.8,0,0.31822386679000925,1.0397779833487513,0.11822386679000929
GoEmotions,Emobloom-7b,hybrid,0.9,0,0.39592969472710454,1.0,0.29592969472710456
GoEmotions,Emobloom-7b,hybrid,0.1,1,0.9232192414431082,5.372802960222017,0.023219241443108163
GoEmotions,Emobloom-7b,hybrid,0.2,1,0.8547641073080481,4.419981498612396,0.05476410730804804
GoEmotions,Emobloom-7b,hybrid,0.3,1,0.7012025901942646,3.364477335800185,0.0012025901942646078
GoEmotions,Emobloom-7b,hybrid,0.4,1,0.6318223866790009,2.643848288621647,0.03182238667900095
GoEmotions,Emobloom-7b,hybrid,0.5,1,0.5411655874190564,1.793709528214616,0.041165587419056404
GoEmotions,Emobloom-7b,hybrid,0.6,1,0.4662349676225717,1.493987049028677,0.0662349676225717
GoEmotions,Emobloom-7b,hybrid,0.7,1,0.3681776133209991,1.122109158186864,0.06817761332099903
GoEmotions,Emobloom-7b,hybrid,0.8,1,0.34967622571692875,1.0444033302497688,0.1496762257169288
GoEmotions,Emobloom-7b,hybrid,0.9,1,0.40888066604995377,1.0,0.3088806660499538
GoEmotions,Emobloom-7b,hybrid,0.1,2,0.932780847145488,5.181399631675875,0.03278084714548801
GoEmotions,Emobloom-7b,hybrid,0.2,2,0.8287292817679558,3.7375690607734806,0.02872928176795575
GoEmotions,Emobloom-7b,hybrid,0.3,2,0.7090239410681399,2.7302025782688766,0.009023941068139973
GoEmotions,Emobloom-7b,hybrid,0.4,2,0.6160220994475138,2.029465930018416,0.01602209944751387
GoEmotions,Emobloom-7b,hybrid,0.5,2,0.5607734806629834,1.707182320441989,0.06077348066298338
GoEmotions,Emobloom-7b,hybrid,0.6,2,0.4889502762430939,1.5165745856353592,0.08895027624309387
GoEmotions,Emobloom-7b,hybrid,0.7,2,0.3692449355432781,1.1243093922651934,0.06924493554327804
GoEmotions,Emobloom-7b,hybrid,0.8,2,0.3406998158379374,1.0257826887661141,0.14069981583793745
GoEmotions,Emobloom-7b,hybrid,0.9,2,0.34990791896869244,1.0,0.24990791896869247
GoEmotions,Emobloom-7b,hybrid,0.1,3,0.933579335793358,5.074723247232472,0.03357933579335792
GoEmotions,Emobloom-7b,hybrid,0.2,3,0.8468634686346863,3.9603321033210332,0.04686346863468627
GoEmotions,Emobloom-7b,hybrid,0.3,3,0.6992619926199262,2.88929889298893,0.0007380073800737907
GoEmotions,Emobloom-7b,hybrid,0.4,3,0.6190036900369004,2.272140221402214,0.01900369003690039
GoEmotions,Emobloom-7b,hybrid,0.5,3,0.5387453874538746,1.746309963099631,0.03874538745387457
GoEmotions,Emobloom-7b,hybrid,0.6,3,0.45571955719557194,1.3477859778597785,0.05571955719557192
GoEmotions,Emobloom-7b,hybrid,0.7,3,0.3837638376383764,1.1789667896678966,0.08376383763837636
GoEmotions,Emobloom-7b,hybrid,0.8,3,0.3477859778597786,1.0359778597785978,0.14778597785977865
GoEmotions,Emobloom-7b,hybrid,0.9,3,0.4123616236162362,1.0,0.3123616236162362
GoEmotions,Emobloom-7b,hybrid,0.1,4,0.9464944649446494,5.131918819188192,0.04649446494464937
GoEmotions,Emobloom-7b,hybrid,0.2,4,0.8662361623616236,4.0249077490774905,0.06623616236162355
GoEmotions,Emobloom-7b,hybrid,0.3,4,0.7186346863468634,3.024907749077491,0.018634686346863494
GoEmotions,Emobloom-7b,hybrid,0.4,4,0.6217712177121771,2.327490774907749,0.02177121771217716
GoEmotions,Emobloom-7b,hybrid,0.5,4,0.5249077490774908,1.7011070110701108,0.024907749077490826
GoEmotions,Emobloom-7b,hybrid,0.6,4,0.4603321033210332,1.4797047970479704,0.06033210332103317
GoEmotions,Emobloom-7b,hybrid,0.7,4,0.35239852398523985,1.0774907749077491,0.05239852398523981
GoEmotions,Emobloom-7b,hybrid,0.8,4,0.34870848708487084,1.0156826568265682,0.1487084870848709
GoEmotions,Emobloom-7b,hybrid,0.9,4,0.4261992619926199,1.0,0.32619926199261995
GoEmotions,Emobloom-7b,hybrid,0.1,5,0.9444958371877891,5.396854764107308,0.044495837187789045
GoEmotions,Emobloom-7b,hybrid,0.2,5,0.8519888991674376,4.209990749306198,0.05198889916743754
GoEmotions,Emobloom-7b,hybrid,0.3,5,0.7021276595744681,3.091581868640148,0.0021276595744681437
GoEmotions,Emobloom-7b,hybrid,0.4,5,0.5901942645698427,2.2830712303422755,0.00980573543015728
GoEmotions,Emobloom-7b,hybrid,0.5,5,0.5300647548566142,1.7261794634597596,0.030064754856614195
GoEmotions,Emobloom-7b,hybrid,0.6,5,0.4921369102682701,1.572617946345976,0.09213691026827009
GoEmotions,Emobloom-7b,hybrid,0.7,5,0.38390379278445885,1.148936170212766,0.08390379278445881
GoEmotions,Emobloom-7b,hybrid,0.8,5,0.3385753931544866,1.0240518038852915,0.13857539315448664
GoEmotions,Emobloom-7b,hybrid,0.9,5,0.4070305272895467,1.001850138760407,0.3070305272895467
GoEmotions,Emobloom-7b,hybrid,0.1,6,0.9326568265682657,4.9944649446494465,0.03265682656826563
GoEmotions,Emobloom-7b,hybrid,0.2,6,0.8145756457564576,3.967712177121771,0.014575645756457534
GoEmotions,Emobloom-7b,hybrid,0.3,6,0.6789667896678967,2.9981549815498156,0.021033210332103258
GoEmotions,Emobloom-7b,hybrid,0.4,6,0.6153136531365314,2.5387453874538743,0.015313653136531435
GoEmotions,Emobloom-7b,hybrid,0.5,6,0.533210332103321,2.003690036900369,0.03321033210332103
GoEmotions,Emobloom-7b,hybrid,0.6,6,0.4280442804428044,1.331180811808118,0.02804428044280438
GoEmotions,Emobloom-7b,hybrid,0.7,6,0.3440959409594096,1.1485239852398523,0.04409594095940955
GoEmotions,Emobloom-7b,hybrid,0.8,6,0.35239852398523985,1.0313653136531364,0.1523985239852399
GoEmotions,Emobloom-7b,hybrid,0.9,6,0.4086715867158672,1.0018450184501846,0.3086715867158672
GoEmotions,Emobloom-7b,hybrid,0.1,7,0.948339483394834,5.307195571955719,0.04833948339483396
GoEmotions,Emobloom-7b,hybrid,0.2,7,0.8625461254612546,4.249077490774908,0.0625461254612546
GoEmotions,Emobloom-7b,hybrid,0.3,7,0.7297047970479705,2.8431734317343174,0.029704797047970577
GoEmotions,Emobloom-7b,hybrid,0.4,7,0.6568265682656826,2.42619926199262,0.056826568265682664
GoEmotions,Emobloom-7b,hybrid,0.5,7,0.5654981549815498,1.7140221402214022,0.06549815498154976
GoEmotions,Emobloom-7b,hybrid,0.6,7,0.4797047970479705,1.3570110701107012,0.07970479704797045
GoEmotions,Emobloom-7b,hybrid,0.7,7,0.41051660516605165,1.150369003690037,0.1105166051660516
GoEmotions,Emobloom-7b,hybrid,0.8,7,0.4003690036900369,1.0193726937269372,0.20036900369003696
GoEmotions,Emobloom-7b,hybrid,0.9,7,0.4289667896678967,1.0,0.3289667896678967
GoEmotions,Emobloom-7b,hybrid,0.1,8,0.9345018450184502,5.1881918819188195,0.03450184501845022
GoEmotions,Emobloom-7b,hybrid,0.2,8,0.8330258302583026,4.114391143911439,0.033025830258302524
GoEmotions,Emobloom-7b,hybrid,0.3,8,0.698339483394834,2.86070110701107,0.0016605166051659737
GoEmotions,Emobloom-7b,hybrid,0.4,8,0.6033210332103321,2.263837638376384,0.0033210332103321694
GoEmotions,Emobloom-7b,hybrid,0.5,8,0.522140221402214,1.71309963099631,0.022140221402214055
GoEmotions,Emobloom-7b,hybrid,0.6,8,0.4474169741697417,1.4714022140221403,0.047416974169741666
GoEmotions,Emobloom-7b,hybrid,0.7,8,0.32011070110701106,1.0710332103321034,0.02011070110701102
GoEmotions,Emobloom-7b,hybrid,0.8,8,0.30719557195571956,1.0138376383763839,0.1071955719557196
GoEmotions,Emobloom-7b,hybrid,0.9,8,0.3892988929889299,1.0,0.2892988929889299
GoEmotions,Emobloom-7b,hybrid,0.1,9,0.9215867158671587,4.9206642066420665,0.021586715867158657
GoEmotions,Emobloom-7b,hybrid,0.2,9,0.834870848708487,3.7518450184501844,0.034870848708487
GoEmotions,Emobloom-7b,hybrid,0.3,9,0.698339483394834,2.875461254612546,0.0016605166051659737
GoEmotions,Emobloom-7b,hybrid,0.4,9,0.6033210332103321,2.2416974169741697,0.0033210332103321694
GoEmotions,Emobloom-7b,hybrid,0.5,9,0.5396678966789668,1.7666051660516606,0.03966789667896675
GoEmotions,Emobloom-7b,hybrid,0.6,9,0.5129151291512916,1.6448339483394834,0.11291512915129154
GoEmotions,Emobloom-7b,hybrid,0.7,9,0.4059040590405904,1.3929889298892988,0.10590405904059036
GoEmotions,Emobloom-7b,hybrid,0.8,9,0.31642066420664205,1.0498154981549817,0.1164206642066421
GoEmotions,Emobloom-7b,hybrid,0.9,9,0.39391143911439114,1.003690036900369,0.29391143911439116
GoEmotions,Emobloom-7b,mondrian,0.1,0,0.9315448658649399,5.0370027752081405,0.031544865864939875
GoEmotions,Emobloom-7b,mondrian,0.2,0,0.8538390379278445,3.8381128584643847,0.0538390379278445
GoEmotions,Emobloom-7b,mondrian,0.3,0,0.7086031452358927,2.7141535615171137,0.008603145235892784
GoEmotions,Emobloom-7b,mondrian,0.4,0,0.6133209990749307,2.0943570767807587,0.013320999074930673
GoEmotions,Emobloom-7b,mondrian,0.5,0,0.5356151711378353,1.7150786308973174,0.0356151711378353
GoEmotions,Emobloom-7b,mondrian,0.6,0,0.45790934320074006,1.5171137835337651,0.05790934320074004
GoEmotions,Emobloom-7b,mondrian,0.7,0,0.3774283071230342,1.3478260869565217,0.07742830712303417
GoEmotions,Emobloom-7b,mondrian,0.8,0,0.3172987974098057,1.0407030527289547,0.11729879740980576
GoEmotions,Emobloom-7b,mondrian,0.9,0,0.3348751156336725,1.0,0.23487511563367253
GoEmotions,Emobloom-7b,mondrian,0.1,1,0.9269195189639223,5.426456984273821,0.026919518963922306
GoEmotions,Emobloom-7b,mondrian,0.2,1,0.8575393154486587,4.4597594819611475,0.057539315448658646
GoEmotions,Emobloom-7b,mondrian,0.3,1,0.723404255319149,3.5383903792784457,0.023404255319149025
GoEmotions,Emobloom-7b,mondrian,0.4,1,0.6419981498612396,2.7567067530064753,0.04199814986123962
GoEmotions,Emobloom-7b,mondrian,0.5,1,0.543940795559667,1.8704902867715079,0.04394079555966701
GoEmotions,Emobloom-7b,mondrian,0.6,1,0.4708603145235893,1.4976873265494912,0.07086031452358926
GoEmotions,Emobloom-7b,mondrian,0.7,1,0.4051803885291397,1.3487511563367252,0.10518038852913963
GoEmotions,Emobloom-7b,mondrian,0.8,1,0.34967622571692875,1.0462534690101757,0.1496762257169288
GoEmotions,Emobloom-7b,mondrian,0.9,1,0.39222941720629045,1.0,0.2922294172062905
GoEmotions,Emobloom-7b,mondrian,0.1,2,0.9383057090239411,5.193370165745856,0.03830570902394104
GoEmotions,Emobloom-7b,mondrian,0.2,2,0.8471454880294659,3.8259668508287294,0.04714548802946583
GoEmotions,Emobloom-7b,mondrian,0.3,2,0.7237569060773481,2.8093922651933703,0.02375690607734815
GoEmotions,Emobloom-7b,mondrian,0.4,2,0.6224677716390423,2.020257826887661,0.022467771639042344
GoEmotions,Emobloom-7b,mondrian,0.5,2,0.5386740331491713,1.6694290976058932,0.03867403314917128
GoEmotions,Emobloom-7b,mondrian,0.6,2,0.47882136279926335,1.4640883977900552,0.07882136279926333
GoEmotions,Emobloom-7b,mondrian,0.7,2,0.36279926335174956,1.1114180478821363,0.06279926335174951
GoEmotions,Emobloom-7b,mondrian,0.8,2,0.3406998158379374,1.0257826887661141,0.14069981583793745
GoEmotions,Emobloom-7b,mondrian,0.9,2,0.3462246777163904,1.0,0.24622467771639045
GoEmotions,Emobloom-7b,mondrian,0.1,3,0.9363468634686347,5.113468634686347,0.036346863468634694
GoEmotions,Emobloom-7b,mondrian,0.2,3,0.8643911439114391,4.046125461254612,0.06439114391143907
GoEmotions,Emobloom-7b,mondrian,0.3,3,0.7232472324723247,2.955719557195572,0.02324723247232474
GoEmotions,Emobloom-7b,mondrian,0.4,3,0.6309963099630996,2.319188191881919,0.030996309963099655
GoEmotions,Emobloom-7b,mondrian,0.5,3,0.5424354243542435,1.7619926199261993,0.04243542435424352
GoEmotions,Emobloom-7b,mondrian,0.6,3,0.44649446494464945,1.334870848708487,0.04649446494464943
GoEmotions,Emobloom-7b,mondrian,0.7,3,0.38099630996309963,1.1900369003690037,0.08099630996309959
GoEmotions,Emobloom-7b,mondrian,0.8,3,0.34501845018450183,1.03690036900369,0.14501845018450188
GoEmotions,Emobloom-7b,mondrian,0.9,3,0.39114391143911437,1.0027675276752768,0.2911439114391144
GoEmotions,Emobloom-7b,mondrian,0.1,4,0.9547970479704797,5.2011070110701105,0.054797047970479684
GoEmotions,Emobloom-7b,mondrian,0.2,4,0.8763837638376384,4.071033210332104,0.07638376383763834
GoEmotions,Emobloom-7b,mondrian,0.3,4,0.7398523985239852,3.11070110701107,0.039852398523985255
GoEmotions,Emobloom-7b,mondrian,0.4,4,0.6466789667896679,2.4206642066420665,0.046678966789667875
GoEmotions,Emobloom-7b,mondrian,0.5,4,0.5350553505535055,1.753690036900369,0.035055350553505504
GoEmotions,Emobloom-7b,mondrian,0.6,4,0.4446494464944649,1.4575645756457565,0.044649446494464895
GoEmotions,Emobloom-7b,mondrian,0.7,4,0.35885608856088563,1.0913284132841328,0.05885608856088559
GoEmotions,Emobloom-7b,mondrian,0.8,4,0.34686346863468637,1.0175276752767528,0.1468634686346864
GoEmotions,Emobloom-7b,mondrian,0.9,4,0.37177121771217714,1.0,0.27177121771217716
GoEmotions,Emobloom-7b,mondrian,0.1,5,0.9481961147086031,5.479185938945421,0.04819611470860308
GoEmotions,Emobloom-7b,mondrian,0.2,5,0.8769657724329325,4.295097132284921,0.07696577243293246
GoEmotions,Emobloom-7b,mondrian,0.3,5,0.7326549491211841,3.183163737280296,0.03265494912118416
GoEmotions,Emobloom-7b,mondrian,0.4,5,0.6253469010175763,2.3450508788159112,0.025346901017576307
GoEmotions,Emobloom-7b,mondrian,0.5,5,0.5467160037002775,1.7335800185013877,0.04671600370027751
GoEmotions,Emobloom-7b,mondrian,0.6,5,0.47548566142460685,1.5069380203515264,0.07548566142460683
GoEmotions,Emobloom-7b,mondrian,0.7,5,0.38020351526364476,1.147086031452359,0.08020351526364472
GoEmotions,Emobloom-7b,mondrian,0.8,5,0.3385753931544866,1.0259019426456983,0.13857539315448664
GoEmotions,Emobloom-7b,mondrian,0.9,5,0.37465309898242366,1.0027752081406105,0.2746530989824237
GoEmotions,Emobloom-7b,mondrian,0.1,6,0.9391143911439115,5.014760147601476,0.039114391143911464
GoEmotions,Emobloom-7b,mondrian,0.2,6,0.8284132841328413,4.0599630996309966,0.028413284132841277
GoEmotions,Emobloom-7b,mondrian,0.3,6,0.6946494464944649,3.087638376383764,0.005350553505535038
GoEmotions,Emobloom-7b,mondrian,0.4,6,0.6190036900369004,2.617158671586716,0.01900369003690039
GoEmotions,Emobloom-7b,mondrian,0.5,6,0.5387453874538746,2.109778597785978,0.03874538745387457
GoEmotions,Emobloom-7b,mondrian,0.6,6,0.4095940959409594,1.334870848708487,0.00959409594095939
GoEmotions,Emobloom-7b,mondrian,0.7,6,0.34686346863468637,1.161439114391144,0.04686346863468632
GoEmotions,Emobloom-7b,mondrian,0.8,6,0.3533210332103321,1.0341328413284132,0.15332103321033214
GoEmotions,Emobloom-7b,mondrian,0.9,6,0.39760147601476015,1.0018450184501846,0.29760147601476017
GoEmotions,Emobloom-7b,mondrian,0.1,7,0.9529520295202952,5.354243542435424,0.05295202952029521
GoEmotions,Emobloom-7b,mondrian,0.2,7,0.8726937269372693,4.268450184501845,0.07269372693726928
GoEmotions,Emobloom-7b,mondrian,0.3,7,0.7444649446494465,2.8690036900369003,0.0444649446494465
GoEmotions,Emobloom-7b,mondrian,0.4,7,0.6761992619926199,2.220479704797048,0.07619926199261995
GoEmotions,Emobloom-7b,mondrian,0.5,7,0.5738007380073801,1.7011070110701108,0.07380073800738007
GoEmotions,Emobloom-7b,mondrian,0.6,7,0.46586715867158673,1.283210332103321,0.06586715867158671
GoEmotions,Emobloom-7b,mondrian,0.7,7,0.4114391143911439,1.1448339483394834,0.11143911439114385
GoEmotions,Emobloom-7b,mondrian,0.8,7,0.3994464944649446,1.0202952029520296,0.19944649446494467
GoEmotions,Emobloom-7b,mondrian,0.9,7,0.41974169741697415,1.0009225092250922,0.31974169741697417
GoEmotions,Emobloom-7b,mondrian,0.1,8,0.9363468634686347,5.228782287822878,0.036346863468634694
GoEmotions,Emobloom-7b,mondrian,0.2,8,0.8477859778597786,4.193726937269373,0.04778597785977856
GoEmotions,Emobloom-7b,mondrian,0.3,8,0.7075645756457565,2.893911439114391,0.007564575645756522
GoEmotions,Emobloom-7b,mondrian,0.4,8,0.6429889298892989,2.3496309963099633,0.04298892988929892
GoEmotions,Emobloom-7b,mondrian,0.5,8,0.5119926199261993,1.7407749077490775,0.011992619926199266
GoEmotions,Emobloom-7b,mondrian,0.6,8,0.4215867158671587,1.4132841328413284,0.021586715867158657
GoEmotions,Emobloom-7b,mondrian,0.7,8,0.32287822878228783,1.0765682656826567,0.02287822878228779
GoEmotions,Emobloom-7b,mondrian,0.8,8,0.3053505535055351,1.0138376383763839,0.10535055350553513
GoEmotions,Emobloom-7b,mondrian,0.9,8,0.3514760147601476,1.0,0.25147601476014764
GoEmotions,Emobloom-7b,mondrian,0.1,9,0.9271217712177122,4.919741697416974,0.0271217712177122
GoEmotions,Emobloom-7b,mondrian,0.2,9,0.8523985239852399,3.8339483394833946,0.05239852398523981
GoEmotions,Emobloom-7b,mondrian,0.3,9,0.7130996309963099,2.9603321033210332,0.013099630996309952
GoEmotions,Emobloom-7b,mondrian,0.4,9,0.6328413284132841,2.3265682656826567,0.03284132841328413
GoEmotions,Emobloom-7b,mondrian,0.5,9,0.559040590405904,1.8191881918819188,0.059040590405904037
GoEmotions,Emobloom-7b,mondrian,0.6,9,0.48616236162361626,1.599630996309963,0.08616236162361623
GoEmotions,Emobloom-7b,mondrian,0.7,9,0.3985239852398524,1.3809963099630995,0.09852398523985234
GoEmotions,Emobloom-7b,mondrian,0.8,9,0.3182656826568266,1.0535055350553506,0.11826568265682663
GoEmotions,Emobloom-7b,mondrian,0.9,9,0.3376383763837638,1.0055350553505535,0.23763837638376384
GoEmotions,Emollama-7b,global,0.1,0,0.8976014760147601,5.023985239852398,0.0023985239852398754
GoEmotions,Emollama-7b,global,0.2,0,0.7979704797047971,3.9732472324723247,0.00202952029520298
GoEmotions,Emollama-7b,global,0.3,0,0.7140221402214022,3.2038745387453873,0.014022140221402246
GoEmotions,Emollama-7b,global,0.4,0,0.6125461254612546,2.447416974169742,0.012546125461254665
GoEmotions,Emollama-7b,global,0.5,0,0.5064575645756457,1.7103321033210332,0.0064575645756457245
GoEmotions,Emollama-7b,global,0.6,0,0.4326568265682657,1.3035055350553506,0.032656826568265684
GoEmotions,Emollama-7b,global,0.7,0,0.38837638376383765,1.0793357933579335,0.08837638376383761
GoEmotions,Emollama-7b,global,0.8,0,0.3643911439114391,1.0,0.16439114391143916
GoEmotions,Emollama-7b,global,0.9,0,0.3643911439114391,1.0,0.26439114391143914
GoEmotions,Emollama-7b,global,0.1,1,0.8979591836734694,5.084415584415584,0.0020408163265306367
GoEmotions,Emollama-7b,global,0.2,1,0.7884972170686456,3.891465677179963,0.011502782931354427
GoEmotions,Emollama-7b,global,0.3,1,0.7059369202226345,3.1437847866419295,0.00593692022263459
GoEmotions,Emollama-7b,global,0.4,1,0.6029684601113172,2.4174397031539887,0.0029684601113172393
GoEmotions,Emollama-7b,global,0.5,1,0.4935064935064935,1.6159554730983303,0.006493506493506496
GoEmotions,Emollama-7b,global,0.6,1,0.4202226345083488,1.2578849721706864,0.02022263450834877
GoEmotions,Emollama-7b,global,0.7,1,0.37569573283859,1.0612244897959184,0.07569573283858994
GoEmotions,Emollama-7b,global,0.8,1,0.35064935064935066,1.0,0.1506493506493507
GoEmotions,Emollama-7b,global,0.9,1,0.35064935064935066,1.0,0.2506493506493507
GoEmotions,Emollama-7b,global,0.1,2,0.9038817005545287,5.036968576709796,0.003881700554528633
GoEmotions,Emollama-7b,global,0.2,2,0.7920517560073937,3.9482439926062844,0.007948243992606296
GoEmotions,Emollama-7b,global,0.3,2,0.6950092421441775,3.05452865064695,0.004990757855822481
GoEmotions,Emollama-7b,global,0.4,2,0.5979667282809612,2.3687615526802217,0.002033271719038776
GoEmotions,Emollama-7b,global,0.5,2,0.5092421441774492,1.6709796672828097,0.009242144177449174
GoEmotions,Emollama-7b,global,0.6,2,0.44731977818853974,1.355822550831793,0.04731977818853972
GoEmotions,Emollama-7b,global,0.7,2,0.39371534195933455,1.0850277264325323,0.09371534195933451
GoEmotions,Emollama-7b,global,0.8,2,0.36506469500924216,1.0,0.1650646950092422
GoEmotions,Emollama-7b,global,0.9,2,0.36506469500924216,1.0,0.2650646950092422
GoEmotions,Emollama-7b,global,0.1,3,0.8880666049953746,4.969472710453284,0.011933395004625424
GoEmotions,Emollama-7b,global,0.2,3,0.7835337650323775,3.913968547641073,0.01646623496762256
GoEmotions,Emollama-7b,global,0.3,3,0.696577243293247,3.1914893617021276,0.0034227567067529607
GoEmotions,Emollama-7b,global,0.4,3,0.6040703052728955,2.4782608695652173,0.004070305272895536
GoEmotions,Emollama-7b,global,0.5,3,0.49306197964847365,1.7502312673450509,0.006938020351526353
GoEmotions,Emollama-7b,global,0.6,3,0.42738205365402404,1.3432007400555042,0.02738205365402402
GoEmotions,Emollama-7b,global,0.7,3,0.3792784458834413,1.0777058279370952,0.07927844588344124
GoEmotions,Emollama-7b,global,0.8,3,0.35522664199814985,1.0,0.1552266419981499
GoEmotions,Emollama-7b,global,0.9,3,0.35522664199814985,1.0,0.2552266419981499
GoEmotions,Emollama-7b,global,0.1,4,0.904147465437788,4.972350230414746,0.004147465437787989
GoEmotions,Emollama-7b,global,0.2,4,0.8092165898617512,4.031336405529954,0.009216589861751112
GoEmotions,Emollama-7b,global,0.3,4,0.7188940092165899,3.1705069124423964,0.018894009216589902
GoEmotions,Emollama-7b,global,0.4,4,0.6304147465437788,2.4783410138248847,0.030414746543778848
GoEmotions,Emollama-7b,global,0.5,4,0.5373271889400921,1.799078341013825,0.037327188940092126
GoEmotions,Emollama-7b,global,0.6,4,0.45069124423963136,1.3317972350230414,0.05069124423963134
GoEmotions,Emollama-7b,global,0.7,4,0.4055299539170507,1.0903225806451613,0.10552995391705067
GoEmotions,Emollama-7b,global,0.8,4,0.3705069124423963,1.0,0.17050691244239635
GoEmotions,Emollama-7b,global,0.9,4,0.3705069124423963,1.0,0.27050691244239633
GoEmotions,Emollama-7b,global,0.1,5,0.9067405355493998,5.090489381348107,0.006740535549399795
GoEmotions,Emollama-7b,global,0.2,5,0.8125577100646353,4.0701754385964914,0.012557710064635241
GoEmotions,Emollama-7b,global,0.3,5,0.6888273314866112,3.149584487534626,0.011172668513388717
GoEmotions,Emollama-7b,global,0.4,5,0.6094182825484764,2.4709141274238227,0.009418282548476431
GoEmotions,Emollama-7b,global,0.5,5,0.5198522622345337,1.7663896583564174,0.019852262234533735
GoEmotions,Emollama-7b,global,0.6,5,0.45706371191135736,1.3674976915974146,0.05706371191135734
GoEmotions,Emollama-7b,global,0.7,5,0.40443213296398894,1.0914127423822715,0.1044321329639889
GoEmotions,Emollama-7b,global,0.8,5,0.37765466297322253,1.0,0.17765466297322258
GoEmotions,Emollama-7b,global,0.9,5,0.37765466297322253,1.0,0.27765466297322255
GoEmotions,Emollama-7b,global,0.1,6,0.8955637707948244,5.024029574861368,0.0044362292051756125
GoEmotions,Emollama-7b,global,0.2,6,0.8068391866913124,4.05822550831793,0.006839186691312338
GoEmotions,Emollama-7b,global,0.3,6,0.7079482439926063,3.133086876155268,0.007948243992606296
GoEmotions,Emollama-7b,global,0.4,6,0.609981515711645,2.4085027726432533,0.009981515711645073
GoEmotions,Emollama-7b,global,0.5,6,0.5175600739371534,1.6728280961182995,0.01756007393715342
GoEmotions,Emollama-7b,global,0.6,6,0.44731977818853974,1.322550831792976,0.04731977818853972
GoEmotions,Emollama-7b,global,0.7,6,0.39371534195933455,1.0859519408502774,0.09371534195933451
GoEmotions,Emollama-7b,global,0.8,6,0.36691312384473196,1.0,0.166913123844732
GoEmotions,Emollama-7b,global,0.9,6,0.36691312384473196,1.0,0.266913123844732
GoEmotions,Emollama-7b,global,0.1,7,0.8918669131238447,4.915896487985212,0.008133086876155327
GoEmotions,Emollama-7b,global,0.2,7,0.7966728280961183,3.9704251386321627,0.003327171903881765
GoEmotions,Emollama-7b,global,0.3,7,0.7181146025878004,3.188539741219963,0.0181146025878004
GoEmotions,Emollama-7b,global,0.4,7,0.6441774491682071,2.548059149722736,0.044177449168207095
GoEmotions,Emollama-7b,global,0.5,7,0.5388170055452866,1.733826247689464,0.038817005545286554
GoEmotions,Emollama-7b,global,0.6,7,0.4519408502772643,1.3077634011090573,0.051940850277264305
GoEmotions,Emollama-7b,global,0.7,7,0.41312384473197783,1.1164510166358594,0.11312384473197779
GoEmotions,Emollama-7b,global,0.8,7,0.37153419593345655,1.0083179297597042,0.1715341959334566
GoEmotions,Emollama-7b,global,0.9,7,0.3706099815157117,1.0,0.2706099815157117
GoEmotions,Emollama-7b,global,0.1,8,0.9099350046425255,5.134633240482823,0.009935004642525502
GoEmotions,Emollama-7b,global,0.2,8,0.7966573816155988,4.047353760445683,0.003342618384401197
GoEmotions,Emollama-7b,global,0.3,8,0.6787372330547818,3.0204271123491178,0.021262766945218115
GoEmotions,Emollama-7b,global,0.4,8,0.5877437325905293,2.3138347260909935,0.012256267409470722
GoEmotions,Emollama-7b,global,0.5,8,0.48375116063138346,1.5840297121634168,0.01624883936861654
GoEmotions,Emollama-7b,global,0.6,8,0.42525533890436396,1.3017641597028784,0.025255338904363933
GoEmotions,Emollama-7b,global,0.7,8,0.3816155988857939,1.0770659238625813,0.08161559888579384
GoEmotions,Emollama-7b,global,0.8,8,0.3574744661095636,1.0,0.15747446610956367
GoEmotions,Emollama-7b,global,0.9,8,0.3574744661095636,1.0,0.25747446610956365
GoEmotions,Emollama-7b,global,0.1,9,0.885899814471243,5.076066790352504,0.014100185528757025
GoEmotions,Emollama-7b,global,0.2,9,0.7912801484230055,4.058441558441558,0.008719851576994508
GoEmotions,Emollama-7b,global,0.3,9,0.7003710575139147,3.2105751391465676,0.00037105751391475206
GoEmotions,Emollama-7b,global,0.4,9,0.5955473098330241,2.4285714285714284,0.0044526901669759145
GoEmotions,Emollama-7b,global,0.5,9,0.5037105751391465,1.7476808905380334,0.0037105751391465214
GoEmotions,Emollama-7b,global,0.6,9,0.424860853432282,1.3450834879406308,0.024860853432282004
GoEmotions,Emollama-7b,global,0.7,9,0.3868274582560297,1.1048237476808906,0.08682745825602967
GoEmotions,Emollama-7b,global,0.8,9,0.35528756957328383,1.0,0.15528756957328388
GoEmotions,Emollama-7b,global,0.9,9,0.35528756957328383,1.0,0.25528756957328386
GoEmotions,Emollama-7b,hybrid,0.1,0,0.915129151291513,4.509225092250922,0.015129151291512932
GoEmotions,Emollama-7b,hybrid,0.2,0,0.8293357933579336,3.452029520295203,0.02933579335793357
GoEmotions,Emollama-7b,hybrid,0.3,0,0.7038745387453874,2.5673431734317345,0.003874538745387457
GoEmotions,Emollama-7b,hybrid,0.4,0,0.5996309963099631,2.0581180811808117,0.00036900369003689537
GoEmotions,Emollama-7b,hybrid,0.5,0,0.5267527675276753,1.738929889298893,0.026752767527675303
GoEmotions,Emollama-7b,hybrid,0.6,0,0.45571955719557194,1.4760147601476015,0.05571955719557192
GoEmotions,Emollama-7b,hybrid,0.7,0,0.3440959409594096,1.2038745387453875,0.04409594095940955
GoEmotions,Emollama-7b,hybrid,0.8,0,0.34870848708487084,1.0239852398523985,0.1487084870848709
GoEmotions,Emollama-7b,hybrid,0.9,0,0.3496309963099631,1.0,0.2496309963099631
GoEmotions,Emollama-7b,hybrid,0.1,1,0.9230055658627088,5.133580705009276,0.023005565862708743
GoEmotions,Emollama-7b,hybrid,0.2,1,0.8172541743970315,3.8320964749536177,0.017254174397031474
GoEmotions,Emollama-7b,hybrid,0.3,1,0.7207792207792207,3.031539888682746,0.020779220779220786
GoEmotions,Emollama-7b,hybrid,0.4,1,0.6150278293135436,2.1957328385899815,0.015027829313543628
GoEmotions,Emollama-7b,hybrid,0.5,1,0.5333951762523191,1.771799628942486,0.033395176252319136
GoEmotions,Emollama-7b,hybrid,0.6,1,0.43413729128014844,1.4137291280148423,0.03413729128014842
GoEmotions,Emollama-7b,hybrid,0.7,1,0.3320964749536178,1.1484230055658626,0.03209647495361778
GoEmotions,Emollama-7b,hybrid,0.8,1,0.33766233766233766,1.0241187384044528,0.1376623376623377
GoEmotions,Emollama-7b,hybrid,0.9,1,0.3423005565862709,1.0,0.24230055658627092
GoEmotions,Emollama-7b,hybrid,0.1,2,0.9195933456561922,4.94731977818854,0.019593345656192196
GoEmotions,Emollama-7b,hybrid,0.2,2,0.8133086876155268,3.2689463955637708,0.013308687615526726
GoEmotions,Emollama-7b,hybrid,0.3,2,0.7171903881700554,2.598890942698706,0.01719038817005547
GoEmotions,Emollama-7b,hybrid,0.4,2,0.609981515711645,2.069316081330869,0.009981515711645073
GoEmotions,Emollama-7b,hybrid,0.5,2,0.544362292051756,1.744916820702403,0.044362292051756014
GoEmotions,Emollama-7b,hybrid,0.6,2,0.46487985212569316,1.487985212569316,0.06487985212569314
GoEmotions,Emollama-7b,hybrid,0.7,2,0.34011090573012936,1.1414048059149722,0.04011090573012932
GoEmotions,Emollama-7b,hybrid,0.8,2,0.3585951940850277,1.0277264325323474,0.15859519408502776
GoEmotions,Emollama-7b,hybrid,0.9,2,0.3465804066543438,1.0,0.24658040665434383
GoEmotions,Emollama-7b,hybrid,0.1,3,0.8982423681776133,4.534690101757632,0.0017576318223867515
GoEmotions,Emollama-7b,hybrid,0.2,3,0.8020351526364478,3.4264569842738206,0.0020351526364477124
GoEmotions,Emollama-7b,hybrid,0.3,3,0.7123034227567068,2.7261794634597596,0.012303422756706817
GoEmotions,Emollama-7b,hybrid,0.4,3,0.603145235892692,2.165587419056429,0.003145235892692
GoEmotions,Emollama-7b,hybrid,0.5,3,0.5143385753931545,1.7604070305272896,0.014338575393154529
GoEmotions,Emollama-7b,hybrid,0.6,3,0.4246068455134135,1.4782608695652173,0.024606845513413467
GoEmotions,Emollama-7b,hybrid,0.7,3,0.3691026827012026,1.145235892691952,0.06910268270120257
GoEmotions,Emollama-7b,hybrid,0.8,3,0.333950046253469,1.0101757631822386,0.13395004625346907
GoEmotions,Emollama-7b,hybrid,0.9,3,0.3404255319148936,1.0,0.24042553191489363
GoEmotions,Emollama-7b,hybrid,0.1,4,0.911520737327189,4.295852534562212,0.011520737327188946
GoEmotions,Emollama-7b,hybrid,0.2,4,0.8258064516129032,3.4921658986175115,0.02580645161290318
GoEmotions,Emollama-7b,hybrid,0.3,4,0.7152073732718894,2.680184331797235,0.01520737327188948
GoEmotions,Emollama-7b,hybrid,0.4,4,0.6138248847926268,2.136405529953917,0.01382488479262678
GoEmotions,Emollama-7b,hybrid,0.5,4,0.5456221198156682,1.7631336405529954,0.045622119815668216
GoEmotions,Emollama-7b,hybrid,0.6,4,0.46912442396313364,1.463594470046083,0.06912442396313362
GoEmotions,Emollama-7b,hybrid,0.7,4,0.3631336405529954,1.192626728110599,0.06313364055299536
GoEmotions,Emollama-7b,hybrid,0.8,4,0.37880184331797234,1.017511520737327,0.1788018433179724
GoEmotions,Emollama-7b,hybrid,0.9,4,0.3576036866359447,1.0,0.25760368663594474
GoEmotions,Emollama-7b,hybrid,0.1,5,0.9242843951985226,5.265927977839335,0.024284395198522546
GoEmotions,Emollama-7b,hybrid,0.2,5,0.8421052631578947,3.731301939058172,0.042105263157894646
GoEmotions,Emollama-7b,hybrid,0.3,5,0.7488457987072945,2.891043397968606,0.04884579870729455
GoEmotions,Emollama-7b,hybrid,0.4,5,0.6297322253000923,2.234533702677747,0.02973222530009234
GoEmotions,Emollama-7b,hybrid,0.5,5,0.5401662049861495,1.8264081255771007,0.040166204986149534
GoEmotions,Emollama-7b,hybrid,0.6,5,0.4709141274238227,1.5226223453370267,0.07091412742382269
GoEmotions,Emollama-7b,hybrid,0.7,5,0.38227146814404434,1.2077562326869806,0.08227146814404429
GoEmotions,Emollama-7b,hybrid,0.8,5,0.37950138504155123,1.0581717451523547,0.17950138504155128
GoEmotions,Emollama-7b,hybrid,0.9,5,0.3610341643582641,1.0,0.2610341643582641
GoEmotions,Emollama-7b,hybrid,0.1,6,0.9158964879852126,4.94362292051756,0.015896487985212593
GoEmotions,Emollama-7b,hybrid,0.2,6,0.8096118299445472,3.61090573012939,0.009611829944547123
GoEmotions,Emollama-7b,hybrid,0.3,6,0.7125693160813309,2.702402957486137,0.012569316081330939
GoEmotions,Emollama-7b,hybrid,0.4,6,0.6090573012939002,2.1580406654343807,0.009057301293900255
GoEmotions,Emollama-7b,hybrid,0.5,6,0.5369685767097967,1.8280961182994455,0.0369685767097967
GoEmotions,Emollama-7b,hybrid,0.6,6,0.4676524953789279,1.4824399260628467,0.06765249537892787
GoEmotions,Emollama-7b,hybrid,0.7,6,0.34935304990757854,1.2375231053604436,0.049353049907578495
GoEmotions,Emollama-7b,hybrid,0.8,6,0.3576709796672828,1.0415896487985212,0.15767097966728283
GoEmotions,Emollama-7b,hybrid,0.9,6,0.3521256931608133,1.0,0.25212569316081335
GoEmotions,Emollama-7b,hybrid,0.1,7,0.9195933456561922,4.728280961182994,0.019593345656192196
GoEmotions,Emollama-7b,hybrid,0.2,7,0.8475046210720887,3.4842883548983363,0.04750462107208864
GoEmotions,Emollama-7b,hybrid,0.3,7,0.7292051756007394,2.7171903881700556,0.02920517560073943
GoEmotions,Emollama-7b,hybrid,0.4,7,0.6386321626617375,2.1765249537892792,0.038632162661737524
GoEmotions,Emollama-7b,hybrid,0.5,7,0.5600739371534196,1.7301293900184842,0.060073937153419577
GoEmotions,Emollama-7b,hybrid,0.6,7,0.4926062846580407,1.4704251386321627,0.09260628465804066
GoEmotions,Emollama-7b,hybrid,0.7,7,0.4075785582255083,1.2171903881700554,0.10757855822550827
GoEmotions,Emollama-7b,hybrid,0.8,7,0.3853974121996303,1.024029574861368,0.18539741219963035
GoEmotions,Emollama-7b,hybrid,0.9,7,0.3659889094269871,1.0,0.2659889094269871
GoEmotions,Emollama-7b,hybrid,0.1,8,0.9340761374187558,5.094707520891365,0.034076137418755814
GoEmotions,Emollama-7b,hybrid,0.2,8,0.8310120705663882,3.55338904363974,0.031012070566388106
GoEmotions,Emollama-7b,hybrid,0.3,8,0.7158774373259053,2.5923862581244195,0.015877437325905297
GoEmotions,Emollama-7b,hybrid,0.4,8,0.6146703806870938,2.115134633240483,0.01467038068709381
GoEmotions,Emollama-7b,hybrid,0.5,8,0.5143918291550603,1.7010213556174558,0.01439182915506032
GoEmotions,Emollama-7b,hybrid,0.6,8,0.4438254410399257,1.501392757660167,0.043825441039925694
GoEmotions,Emollama-7b,hybrid,0.7,8,0.3268337975858867,1.21355617455896,0.026833797585886665
GoEmotions,Emollama-7b,hybrid,0.8,8,0.33797585886722376,1.054781801299907,0.1379758588672238
GoEmotions,Emollama-7b,hybrid,0.9,8,0.33797585886722376,1.0,0.23797585886722378
GoEmotions,Emollama-7b,hybrid,0.1,9,0.9072356215213359,4.7810760667903525,0.007235621521335833
GoEmotions,Emollama-7b,hybrid,0.2,9,0.8181818181818182,3.684601113172542,0.018181818181818188
GoEmotions,Emollama-7b,hybrid,0.3,9,0.712430426716141,2.6595547309833023,0.01243042671614103
GoEmotions,Emollama-7b,hybrid,0.4,9,0.6335807050092764,2.193877551020408,0.03358070500927646
GoEmotions,Emollama-7b,hybrid,0.5,9,0.5510204081632653,1.8089053803339519,0.05102040816326525
GoEmotions,Emollama-7b,hybrid,0.6,9,0.45269016697588127,1.4870129870129871,0.05269016697588125
GoEmotions,Emollama-7b,hybrid,0.7,9,0.336734693877551,1.2133580705009277,0.03673469387755096
GoEmotions,Emollama-7b,hybrid,0.8,9,0.33302411873840443,1.010204081632653,0.13302411873840447
GoEmotions,Emollama-7b,hybrid,0.9,9,0.32838589981447125,1.0,0.22838589981447127
GoEmotions,Emollama-7b,mondrian,0.1,0,0.9280442804428044,4.6337638376383765,0.02804428044280438
GoEmotions,Emollama-7b,mondrian,0.2,0,0.8459409594095941,3.6134686346863467,0.045940959409594084
GoEmotions,Emollama-7b,mondrian,0.3,0,0.724169741697417,2.654059040590406,0.024169741697417035
GoEmotions,Emollama-7b,mondrian,0.4,0,0.6079335793357934,2.142066420664207,0.007933579335793417
GoEmotions,Emollama-7b,mondrian,0.5,0,0.5230627306273062,1.78690036900369,0.023062730627306238
GoEmotions,Emollama-7b,mondrian,0.6,0,0.42435424354243545,1.5,0.024354243542435428
GoEmotions,Emollama-7b,mondrian,0.7,0,0.3496309963099631,1.242619926199262,0.04963099630996304
GoEmotions,Emollama-7b,mondrian,0.8,0,0.3459409594095941,1.029520295202952,0.14594095940959412
GoEmotions,Emollama-7b,mondrian,0.9,0,0.35239852398523985,1.0,0.2523985239852399
GoEmotions,Emollama-7b,mondrian,0.1,1,0.935064935064935,5.2690166975881265,0.03506493506493502
GoEmotions,Emollama-7b,mondrian,0.2,1,0.8376623376623377,3.9833024118738405,0.03766233766233762
GoEmotions,Emollama-7b,mondrian,0.3,1,0.7411873840445269,3.1873840445269015,0.04118738404452693
GoEmotions,Emollama-7b,mondrian,0.4,1,0.6335807050092764,2.331168831168831,0.03358070500927646
GoEmotions,Emollama-7b,mondrian,0.5,1,0.5306122448979592,1.8413729128014842,0.030612244897959218
GoEmotions,Emollama-7b,mondrian,0.6,1,0.4109461966604824,1.4424860853432282,0.010946196660482355
GoEmotions,Emollama-7b,mondrian,0.7,1,0.336734693877551,1.1688311688311688,0.03673469387755096
GoEmotions,Emollama-7b,mondrian,0.8,1,0.33766233766233766,1.025974025974026,0.1376623376623377
GoEmotions,Emollama-7b,mondrian,0.9,1,0.3450834879406308,1.0046382189239331,0.24508348794063084
GoEmotions,Emollama-7b,mondrian,0.1,2,0.9306839186691312,5.048059149722736,0.030683918669131227
GoEmotions,Emollama-7b,mondrian,0.2,2,0.8253234750462107,3.38539741219963,0.025323475046210686
GoEmotions,Emollama-7b,mondrian,0.3,2,0.732902033271719,2.675600739371534,0.03290203327171903
GoEmotions,Emollama-7b,mondrian,0.4,2,0.633086876155268,2.157116451016636,0.033086876155268063
GoEmotions,Emollama-7b,mondrian,0.5,2,0.544362292051756,1.855822550831793,0.044362292051756014
GoEmotions,Emollama-7b,mondrian,0.6,2,0.4491682070240296,1.5351201478743068,0.049168207024029575
GoEmotions,Emollama-7b,mondrian,0.7,2,0.34011090573012936,1.1534195933456561,0.04011090573012932
GoEmotions,Emollama-7b,mondrian,0.8,2,0.3576709796672828,1.0286506469500925,0.15767097966728283
GoEmotions,Emollama-7b,mondrian,0.9,2,0.35304990757855825,1.0,0.2530499075785583
GoEmotions,Emollama-7b,mondrian,0.1,3,0.9121184088806661,4.637372802960222,0.012118408880666065
GoEmotions,Emollama-7b,mondrian,0.2,3,0.8094357076780758,3.4625346901017577,0.009435707678075778
GoEmotions,Emollama-7b,mondrian,0.3,3,0.7197039777983348,2.74468085106383,0.019703977798334882
GoEmotions,Emollama-7b,mondrian,0.4,3,0.6114708603145236,2.201665124884366,0.011470860314523601
GoEmotions,Emollama-7b,mondrian,0.5,3,0.5041628122109159,1.7724329324699353,0.004162812210915856
GoEmotions,Emollama-7b,mondrian,0.6,3,0.391304347826087,1.4727104532839963,0.008695652173913049
GoEmotions,Emollama-7b,mondrian,0.7,3,0.364477335800185,1.150786308973173,0.06447733580018494
GoEmotions,Emollama-7b,mondrian,0.8,3,0.33024976873265494,1.0240518038852915,0.13024976873265498
GoEmotions,Emollama-7b,mondrian,0.9,3,0.3422756706753006,1.0,0.24227567067530065
GoEmotions,Emollama-7b,mondrian,0.1,4,0.9216589861751152,4.4,0.02165898617511519
GoEmotions,Emollama-7b,mondrian,0.2,4,0.8414746543778802,3.583410138248848,0.041474654377880116
GoEmotions,Emollama-7b,mondrian,0.3,4,0.7336405529953917,2.7391705069124423,0.033640552995391704
GoEmotions,Emollama-7b,mondrian,0.4,4,0.6258064516129033,2.1861751152073734,0.02580645161290329
GoEmotions,Emollama-7b,mondrian,0.5,4,0.5198156682027649,1.7705069124423962,0.019815668202764924
GoEmotions,Emollama-7b,mondrian,0.6,4,0.432258064516129,1.463594470046083,0.032258064516129004
GoEmotions,Emollama-7b,mondrian,0.7,4,0.3686635944700461,1.2138248847926267,0.06866359447004605
GoEmotions,Emollama-7b,mondrian,0.8,4,0.3778801843317972,1.0221198156682028,0.17788018433179725
GoEmotions,Emollama-7b,mondrian,0.9,4,0.3576036866359447,1.0,0.25760368663594474
GoEmotions,Emollama-7b,mondrian,0.1,5,0.9335180055401662,5.469067405355494,0.03351800554016615
GoEmotions,Emollama-7b,mondrian,0.2,5,0.8494921514312096,3.7737765466297324,0.04949215143120955
GoEmotions,Emollama-7b,mondrian,0.3,5,0.7571560480147738,2.953831948291782,0.05715604801477381
GoEmotions,Emollama-7b,mondrian,0.4,5,0.6602031394275162,2.3213296398891967,0.060203139427516206
GoEmotions,Emollama-7b,mondrian,0.5,5,0.541089566020314,1.8651892890120036,0.041089566020313995
GoEmotions,Emollama-7b,mondrian,0.6,5,0.46075715604801476,1.5355493998153278,0.06075715604801474
GoEmotions,Emollama-7b,mondrian,0.7,5,0.37580794090489383,1.2188365650969528,0.07580794090489379
GoEmotions,Emollama-7b,mondrian,0.8,5,0.37765466297322253,1.0609418282548477,0.17765466297322258
GoEmotions,Emollama-7b,mondrian,0.9,5,0.36657433056325023,1.0166204986149585,0.26657433056325025
GoEmotions,Emollama-7b,mondrian,0.1,6,0.9205175600739371,5.05822550831793,0.020517560073937124
GoEmotions,Emollama-7b,mondrian,0.2,6,0.821626617375231,3.72365988909427,0.021626617375230972
GoEmotions,Emollama-7b,mondrian,0.3,6,0.7301293900184843,2.809611829944547,0.03012939001848436
GoEmotions,Emollama-7b,mondrian,0.4,6,0.634011090573013,2.2643253234750462,0.03401109057301299
GoEmotions,Emollama-7b,mondrian,0.5,6,0.5314232902033271,1.9103512014787432,0.031423290203327126
GoEmotions,Emollama-7b,mondrian,0.6,6,0.4343807763401109,1.5138632162661738,0.034380776340110886
GoEmotions,Emollama-7b,mondrian,0.7,6,0.3539741219963031,1.28003696857671,0.05397412199630308
GoEmotions,Emollama-7b,mondrian,0.8,6,0.355822550831793,1.043438077634011,0.15582255083179303
GoEmotions,Emollama-7b,mondrian,0.9,6,0.3521256931608133,1.0,0.25212569316081335
GoEmotions,Emollama-7b,mondrian,0.1,7,0.9260628465804066,4.788354898336414,0.026062846580406585
GoEmotions,Emollama-7b,mondrian,0.2,7,0.8539741219963032,3.4926062846580406,0.05397412199630314
GoEmotions,Emollama-7b,mondrian,0.3,7,0.743992606284658,2.6940850277264325,0.043992606284658065
GoEmotions,Emollama-7b,mondrian,0.4,7,0.6441774491682071,2.1497227356746764,0.044177449168207095
GoEmotions,Emollama-7b,mondrian,0.5,7,0.5600739371534196,1.7523105360443623,0.060073937153419577
GoEmotions,Emollama-7b,mondrian,0.6,7,0.4898336414048059,1.411275415896488,0.08983364140480588
GoEmotions,Emollama-7b,mondrian,0.7,7,0.4075785582255083,1.201478743068392,0.10757855822550827
GoEmotions,Emollama-7b,mondrian,0.8,7,0.3853974121996303,1.0249537892791127,0.18539741219963035
GoEmotions,Emollama-7b,mondrian,0.9,7,0.36506469500924216,1.0,0.2650646950092422
GoEmotions,Emollama-7b,mondrian,0.1,8,0.9387186629526463,5.16991643454039,0.038718662952646254
GoEmotions,Emollama-7b,mondrian,0.2,8,0.840297121634169,3.6425255338904363,0.040297121634168986
GoEmotions,Emollama-7b,mondrian,0.3,8,0.7428040854224698,2.7047353760445683,0.04280408542246983
GoEmotions,Emollama-7b,mondrian,0.4,8,0.6388115134633241,2.2200557103064065,0.03881151346332412
GoEmotions,Emollama-7b,mondrian,0.5,8,0.5181058495821727,1.7836583101207057,0.01810584958217265
GoEmotions,Emollama-7b,mondrian,0.6,8,0.4308263695450325,1.5496750232126277,0.030826369545032484
GoEmotions,Emollama-7b,mondrian,0.7,8,0.33147632311977715,1.2358402971216342,0.031476323119777105
GoEmotions,Emollama-7b,mondrian,0.8,8,0.3398328690807799,1.054781801299907,0.13983286908077996
GoEmotions,Emollama-7b,mondrian,0.9,8,0.3370473537604457,1.0046425255338904,0.23704735376044572
GoEmotions,Emollama-7b,mondrian,0.1,9,0.924860853432282,4.87569573283859,0.02486085343228195
GoEmotions,Emollama-7b,mondrian,0.2,9,0.8320964749536178,3.7940630797773656,0.03209647495361778
GoEmotions,Emollama-7b,mondrian,0.3,9,0.7346938775510204,2.7467532467532467,0.03469387755102049
GoEmotions,Emollama-7b,mondrian,0.4,9,0.6549165120593692,2.287569573283859,0.054916512059369205
GoEmotions,Emollama-7b,mondrian,0.5,9,0.551948051948052,1.87291280148423,0.051948051948051965
GoEmotions,Emollama-7b,mondrian,0.6,9,0.42393320964749537,1.523191094619666,0.023933209647495346
GoEmotions,Emollama-7b,mondrian,0.7,9,0.3423005565862709,1.2226345083487942,0.042300556586270854
GoEmotions,Emollama-7b,mondrian,0.8,9,0.3274582560296846,1.0111317254174397,0.12745825602968464
GoEmotions,Emollama-7b,mondrian,0.9,9,0.33487940630797774,1.0,0.23487940630797777
GoEmotions,Emollama-chat-13b,global,0.1,0,0.9023041474654377,4.932718894009216,0.0023041474654377225
GoEmotions,Emollama-chat-13b,global,0.2,0,0.8129032258064516,3.672811059907834,0.012903225806451535
GoEmotions,Emollama-chat-13b,global,0.3,0,0.7161290322580646,2.774193548387097,0.016129032258064613
GoEmotions,Emollama-chat-13b,global,0.4,0,0.6110599078341014,2.1235023041474657,0.011059907834101379
GoEmotions,Emollama-chat-13b,global,0.5,0,0.49953917050691243,1.3861751152073734,0.0004608294930875667
GoEmotions,Emollama-chat-13b,global,0.6,0,0.4423963133640553,1.1400921658986176,0.042396313364055305
GoEmotions,Emollama-chat-13b,global,0.7,0,0.4147465437788018,1.014746543778802,0.11474654377880178
GoEmotions,Emollama-chat-13b,global,0.8,0,0.4064516129032258,1.0,0.20645161290322583
GoEmotions,Emollama-chat-13b,global,0.9,0,0.4064516129032258,1.0,0.3064516129032258
GoEmotions,Emollama-chat-13b,global,0.1,1,0.916206261510129,5.036832412523021,0.01620626151012894
GoEmotions,Emollama-chat-13b,global,0.2,1,0.7992633517495396,3.6123388581952116,0.0007366482504604921
GoEmotions,Emollama-chat-13b,global,0.3,1,0.7090239410681399,2.7504604051565376,0.009023941068139973
GoEmotions,Emollama-chat-13b,global,0.4,1,0.6095764272559853,2.0331491712707184,0.009576427255985287
GoEmotions,Emollama-chat-13b,global,0.5,1,0.5193370165745856,1.3931860036832413,0.01933701657458564
GoEmotions,Emollama-chat-13b,global,0.6,1,0.4585635359116022,1.1408839779005524,0.05856353591160218
GoEmotions,Emollama-chat-13b,global,0.7,1,0.4152854511970534,1.0101289134438305,0.11528545119705336
GoEmotions,Emollama-chat-13b,global,0.8,1,0.4106813996316759,1.0,0.21068139963167593
GoEmotions,Emollama-chat-13b,global,0.9,1,0.4106813996316759,1.0,0.3106813996316759
GoEmotions,Emollama-chat-13b,global,0.1,2,0.9023941068139963,4.871086556169429,0.0023941068139963217
GoEmotions,Emollama-chat-13b,global,0.2,2,0.8130755064456722,3.701657458563536,0.013075506445672125
GoEmotions,Emollama-chat-13b,global,0.3,2,0.7136279926335175,2.7863720073664826,0.01362799263351755
GoEmotions,Emollama-chat-13b,global,0.4,2,0.6151012891344383,2.1556169429097607,0.015101289134438312
GoEmotions,Emollama-chat-13b,global,0.5,2,0.5156537753222836,1.4364640883977902,0.015653775322283625
GoEmotions,Emollama-chat-13b,global,0.6,2,0.4732965009208103,1.220073664825046,0.0732965009208103
GoEmotions,Emollama-chat-13b,global,0.7,2,0.4300184162062615,1.0331491712707181,0.13001841620626148
GoEmotions,Emollama-chat-13b,global,0.8,2,0.4171270718232044,1.0,0.21712707182320445
GoEmotions,Emollama-chat-13b,global,0.9,2,0.4171270718232044,1.0,0.31712707182320443
GoEmotions,Emollama-chat-13b,global,0.1,3,0.9069981583793738,4.910681399631676,0.006998158379373787
GoEmotions,Emollama-chat-13b,global,0.2,3,0.8084714548802947,3.7357274401473295,0.00847145488029466
GoEmotions,Emollama-chat-13b,global,0.3,3,0.7090239410681399,2.852670349907919,0.009023941068139973
GoEmotions,Emollama-chat-13b,global,0.4,3,0.6077348066298343,2.1611418047882136,0.007734806629834279
GoEmotions,Emollama-chat-13b,global,0.5,3,0.4953959484346225,1.441988950276243,0.0046040515653775205
GoEmotions,Emollama-chat-13b,global,0.6,3,0.44106813996316757,1.1620626151012892,0.04106813996316755
GoEmotions,Emollama-chat-13b,global,0.7,3,0.40791896869244937,1.0119705340699816,0.10791896869244932
GoEmotions,Emollama-chat-13b,global,0.8,3,0.4014732965009208,1.0,0.20147329650092083
GoEmotions,Emollama-chat-13b,global,0.9,3,0.4014732965009208,1.0,0.3014732965009208
GoEmotions,Emollama-chat-13b,global,0.1,4,0.9097605893186004,4.861878453038674,0.009760589318600355
GoEmotions,Emollama-chat-13b,global,0.2,4,0.8213627992633518,3.6408839779005526,0.021362799263351717
GoEmotions,Emollama-chat-13b,global,0.3,4,0.7375690607734806,2.7845303867403315,0.037569060773480656
GoEmotions,Emollama-chat-13b,global,0.4,4,0.6316758747697975,2.098526703499079,0.031675874769797496
GoEmotions,Emollama-chat-13b,global,0.5,4,0.5570902394106814,1.5257826887661141,0.057090239410681365
GoEmotions,Emollama-chat-13b,global,0.6,4,0.49263351749539597,1.2025782688766113,0.09263351749539595
GoEmotions,Emollama-chat-13b,global,0.7,4,0.44935543278084716,1.0101289134438305,0.14935543278084712
GoEmotions,Emollama-chat-13b,global,0.8,4,0.4429097605893186,1.0,0.24290976058931862
GoEmotions,Emollama-chat-13b,global,0.9,4,0.4429097605893186,1.0,0.3429097605893186
GoEmotions,Emollama-chat-13b,global,0.1,5,0.9059907834101383,4.935483870967742,0.005990783410138256
GoEmotions,Emollama-chat-13b,global,0.2,5,0.7880184331797235,3.6184331797235023,0.011981566820276512
GoEmotions,Emollama-chat-13b,global,0.3,5,0.7050691244239631,2.8672811059907835,0.005069124423963123
GoEmotions,Emollama-chat-13b,global,0.4,5,0.6110599078341014,2.2046082949308756,0.011059907834101379
GoEmotions,Emollama-chat-13b,global,0.5,5,0.5142857142857142,1.4617511520737327,0.014285714285714235
GoEmotions,Emollama-chat-13b,global,0.6,5,0.4543778801843318,1.167741935483871,0.05437788018433176
GoEmotions,Emollama-chat-13b,global,0.7,5,0.4165898617511521,1.0018433179723503,0.11658986175115205
GoEmotions,Emollama-chat-13b,global,0.8,5,0.4147465437788018,1.0,0.21474654377880187
GoEmotions,Emollama-chat-13b,global,0.9,5,0.4147465437788018,1.0,0.31474654377880185
GoEmotions,Emollama-chat-13b,global,0.1,6,0.9004608294930876,4.849769585253457,0.0004608294930875667
GoEmotions,Emollama-chat-13b,global,0.2,6,0.8064516129032258,3.694009216589862,0.006451612903225712
GoEmotions,Emollama-chat-13b,global,0.3,6,0.7087557603686636,2.782488479262673,0.008755760368663656
GoEmotions,Emollama-chat-13b,global,0.4,6,0.6036866359447005,2.0921658986175116,0.0036866359447005337
GoEmotions,Emollama-chat-13b,global,0.5,6,0.5410138248847927,1.4728110599078341,0.04101382488479266
GoEmotions,Emollama-chat-13b,global,0.6,6,0.4847926267281106,1.2423963133640552,0.08479262672811055
GoEmotions,Emollama-chat-13b,global,0.7,6,0.4396313364055299,1.0304147465437787,0.13963133640552988
GoEmotions,Emollama-chat-13b,global,0.8,6,0.4258064516129032,1.0,0.22580645161290325
GoEmotions,Emollama-chat-13b,global,0.9,6,0.4258064516129032,1.0,0.3258064516129032
GoEmotions,Emollama-chat-13b,global,0.1,7,0.9059040590405905,4.884686346863469,0.005904059040590437
GoEmotions,Emollama-chat-13b,global,0.2,7,0.8071955719557196,3.6780442804428044,0.007195571955719515
GoEmotions,Emollama-chat-13b,global,0.3,7,0.7121771217712177,2.773062730627306,0.01217712177121777
GoEmotions,Emollama-chat-13b,global,0.4,7,0.6402214022140221,2.2140221402214024,0.04022140221402215
GoEmotions,Emollama-chat-13b,global,0.5,7,0.5276752767527675,1.4400369003690037,0.027675276752767486
GoEmotions,Emollama-chat-13b,global,0.6,7,0.47878228782287824,1.198339483394834,0.07878228782287822
GoEmotions,Emollama-chat-13b,global,0.7,7,0.4381918819188192,1.0166051660516606,0.13819188191881915
GoEmotions,Emollama-chat-13b,global,0.8,7,0.4308118081180812,1.0,0.23081180811808122
GoEmotions,Emollama-chat-13b,global,0.9,7,0.4308118081180812,1.0,0.3308118081180812
GoEmotions,Emollama-chat-13b,global,0.1,8,0.8996316758747698,4.880294659300184,0.00036832412523024605
GoEmotions,Emollama-chat-13b,global,0.2,8,0.8020257826887661,3.630755064456722,0.0020257826887660757
GoEmotions,Emollama-chat-13b,global,0.3,8,0.6850828729281768,2.710865561694291,0.014917127071823133
GoEmotions,Emollama-chat-13b,global,0.4,8,0.569060773480663,1.9558011049723756,0.030939226519337004
GoEmotions,Emollama-chat-13b,global,0.5,8,0.47974217311233885,1.3425414364640884,0.020257826887661146
GoEmotions,Emollama-chat-13b,global,0.6,8,0.43738489871086556,1.1289134438305708,0.03738489871086553
GoEmotions,Emollama-chat-13b,global,0.7,8,0.40423572744014735,1.0,0.10423572744014731
GoEmotions,Emollama-chat-13b,global,0.8,8,0.40423572744014735,1.0,0.2042357274401474
GoEmotions,Emollama-chat-13b,global,0.9,8,0.40423572744014735,1.0,0.3042357274401474
GoEmotions,Emollama-chat-13b,global,0.1,9,0.8865313653136532,4.878228782287823,0.013468634686346848
GoEmotions,Emollama-chat-13b,global,0.2,9,0.7822878228782287,3.662361623616236,0.01771217712177131
GoEmotions,Emollama-chat-13b,global,0.3,9,0.7047970479704797,2.892988929889299,0.004797047970479751
GoEmotions,Emollama-chat-13b,global,0.4,9,0.5876383763837638,2.125461254612546,0.012361623616236161
GoEmotions,Emollama-chat-13b,global,0.5,9,0.503690036900369,1.5239852398523985,0.0036900369003689537
GoEmotions,Emollama-chat-13b,global,0.6,9,0.45202952029520294,1.2333948339483394,0.05202952029520291
GoEmotions,Emollama-chat-13b,global,0.7,9,0.3948339483394834,1.0175276752767528,0.09483394833948333
GoEmotions,Emollama-chat-13b,global,0.8,9,0.3856088560885609,1.0,0.18560885608856093
GoEmotions,Emollama-chat-13b,global,0.9,9,0.3856088560885609,1.0,0.2856088560885609
GoEmotions,Emollama-chat-13b,hybrid,0.1,0,0.9235023041474655,4.540092165898617,0.023502304147465458
GoEmotions,Emollama-chat-13b,hybrid,0.2,0,0.823963133640553,3.2368663594470046,0.023963133640552914
GoEmotions,Emollama-chat-13b,hybrid,0.3,0,0.7105990783410139,2.480184331797235,0.010599078341013923
GoEmotions,Emollama-chat-13b,hybrid,0.4,0,0.5907834101382489,1.8506912442396313,0.009216589861751112
GoEmotions,Emollama-chat-13b,hybrid,0.5,0,0.4967741935483871,1.4285714285714286,0.0032258064516129115
GoEmotions,Emollama-chat-13b,hybrid,0.6,0,0.432258064516129,1.2276497695852535,0.032258064516129004
GoEmotions,Emollama-chat-13b,hybrid,0.7,0,0.36036866359447006,1.0691244239631337,0.06036866359447002
GoEmotions,Emollama-chat-13b,hybrid,0.8,0,0.37511520737327186,1.0009216589861751,0.1751152073732719
GoEmotions,Emollama-chat-13b,hybrid,0.9,0,0.39262672811059907,1.0,0.2926267281105991
GoEmotions,Emollama-chat-13b,hybrid,0.1,1,0.9244935543278084,5.488029465930018,0.02449355432780842
GoEmotions,Emollama-chat-13b,hybrid,0.2,1,0.8480662983425414,3.5755064456721914,0.04806629834254139
GoEmotions,Emollama-chat-13b,hybrid,0.3,1,0.7255985267034991,2.5755064456721914,0.025598526703499158
GoEmotions,Emollama-chat-13b,hybrid,0.4,1,0.6012891344383057,1.8738489871086557,0.0012891344383056946
GoEmotions,Emollama-chat-13b,hybrid,0.5,1,0.5156537753222836,1.4861878453038675,0.015653775322283625
GoEmotions,Emollama-chat-13b,hybrid,0.6,1,0.43646408839779005,1.2476979742173113,0.03646408839779003
GoEmotions,Emollama-chat-13b,hybrid,0.7,1,0.36003683241252304,1.080110497237569,0.060036832412523
GoEmotions,Emollama-chat-13b,hybrid,0.8,1,0.3443830570902394,1.0027624309392265,0.14438305709023946
GoEmotions,Emollama-chat-13b,hybrid,0.9,1,0.39779005524861877,1.0,0.2977900552486188
GoEmotions,Emollama-chat-13b,hybrid,0.1,2,0.930939226519337,4.775322283609577,0.030939226519337004
GoEmotions,Emollama-chat-13b,hybrid,0.2,2,0.8425414364640884,3.376611418047882,0.04254143646408837
GoEmotions,Emollama-chat-13b,hybrid,0.3,2,0.7357274401473296,2.4622467771639043,0.03572744014732965
GoEmotions,Emollama-chat-13b,hybrid,0.4,2,0.6325966850828729,1.9373848987108655,0.032596685082872945
GoEmotions,Emollama-chat-13b,hybrid,0.5,2,0.5349907918968693,1.5267034990791897,0.03499079189686927
GoEmotions,Emollama-chat-13b,hybrid,0.6,2,0.46408839779005523,1.3259668508287292,0.06408839779005521
GoEmotions,Emollama-chat-13b,hybrid,0.7,2,0.3821362799263352,1.0893186003683242,0.08213627992633515
GoEmotions,Emollama-chat-13b,hybrid,0.8,2,0.39226519337016574,1.0009208103130756,0.1922651933701658
GoEmotions,Emollama-chat-13b,hybrid,0.9,2,0.40515653775322286,1.0,0.3051565377532229
GoEmotions,Emollama-chat-13b,hybrid,0.1,3,0.914364640883978,4.531307550644567,0.01436464088397793
GoEmotions,Emollama-chat-13b,hybrid,0.2,3,0.8351749539594844,3.352670349907919,0.035174953959484334
GoEmotions,Emollama-chat-13b,hybrid,0.3,3,0.7209944751381215,2.5257826887661143,0.020994475138121582
GoEmotions,Emollama-chat-13b,hybrid,0.4,3,0.6058931860036832,1.9972375690607735,0.005893186003683271
GoEmotions,Emollama-chat-13b,hybrid,0.5,3,0.5211786372007366,1.5791896869244935,0.02117863720073665
GoEmotions,Emollama-chat-13b,hybrid,0.6,3,0.4180478821362799,1.2725598526703499,0.01804788213627989
GoEmotions,Emollama-chat-13b,hybrid,0.7,3,0.35174953959484345,1.0607734806629834,0.05174953959484341
GoEmotions,Emollama-chat-13b,hybrid,0.8,3,0.3812154696132597,1.0,0.18121546961325974
GoEmotions,Emollama-chat-13b,hybrid,0.9,3,0.39410681399631675,1.0,0.2941068139963168
GoEmotions,Emollama-chat-13b,hybrid,0.1,4,0.9281767955801105,4.328729281767956,0.028176795580110436
GoEmotions,Emollama-chat-13b,hybrid,0.2,4,0.8278084714548803,3.0755064456721914,0.0278084714548803
GoEmotions,Emollama-chat-13b,hybrid,0.3,4,0.7384898710865562,2.430939226519337,0.038489871086556215
GoEmotions,Emollama-chat-13b,hybrid,0.4,4,0.6344383057090239,1.8968692449355433,0.03443830570902395
GoEmotions,Emollama-chat-13b,hybrid,0.5,4,0.5662983425414365,1.5119705340699816,0.06629834254143652
GoEmotions,Emollama-chat-13b,hybrid,0.6,4,0.4539594843462247,1.2283609576427257,0.05395948434622466
GoEmotions,Emollama-chat-13b,hybrid,0.7,4,0.39871086556169427,1.069060773480663,0.09871086556169423
GoEmotions,Emollama-chat-13b,hybrid,0.8,4,0.3683241252302026,1.0009208103130756,0.16832412523020263
GoEmotions,Emollama-chat-13b,hybrid,0.9,4,0.43922651933701656,1.0,0.3392265193370166
GoEmotions,Emollama-chat-13b,hybrid,0.1,5,0.9299539170506912,5.216589861751152,0.02995391705069117
GoEmotions,Emollama-chat-13b,hybrid,0.2,5,0.832258064516129,3.6129032258064515,0.032258064516129004
GoEmotions,Emollama-chat-13b,hybrid,0.3,5,0.7364055299539171,2.6875576036866358,0.036405529953917104
GoEmotions,Emollama-chat-13b,hybrid,0.4,5,0.6101382488479262,1.9271889400921658,0.010138248847926246
GoEmotions,Emollama-chat-13b,hybrid,0.5,5,0.5235023041474655,1.5502304147465438,0.023502304147465458
GoEmotions,Emollama-chat-13b,hybrid,0.6,5,0.45714285714285713,1.3013824884792626,0.057142857142857106
GoEmotions,Emollama-chat-13b,hybrid,0.7,5,0.4129032258064516,1.1216589861751152,0.11290322580645157
GoEmotions,Emollama-chat-13b,hybrid,0.8,5,0.3935483870967742,1.0,0.19354838709677424
GoEmotions,Emollama-chat-13b,hybrid,0.9,5,0.40829493087557606,1.0,0.3082949308755761
GoEmotions,Emollama-chat-13b,hybrid,0.1,6,0.9216589861751152,4.675576036866359,0.02165898617511519
GoEmotions,Emollama-chat-13b,hybrid,0.2,6,0.8202764976958525,3.1456221198156684,0.02027649769585249
GoEmotions,Emollama-chat-13b,hybrid,0.3,6,0.727188940092166,2.3124423963133642,0.027188940092165992
GoEmotions,Emollama-chat-13b,hybrid,0.4,6,0.6405529953917051,1.856221198156682,0.04055299539170509
GoEmotions,Emollama-chat-13b,hybrid,0.5,6,0.552073732718894,1.5354838709677419,0.05207373271889404
GoEmotions,Emollama-chat-13b,hybrid,0.6,6,0.4783410138248848,1.3096774193548386,0.07834101382488479
GoEmotions,Emollama-chat-13b,hybrid,0.7,6,0.38525345622119817,1.1253456221198157,0.08525345622119812
GoEmotions,Emollama-chat-13b,hybrid,0.8,6,0.4,1.0009216589861751,0.20000000000000007
GoEmotions,Emollama-chat-13b,hybrid,0.9,6,0.4129032258064516,1.0,0.31290322580645163
GoEmotions,Emollama-chat-13b,hybrid,0.1,7,0.9289667896678967,4.730627306273063,0.028966789667896675
GoEmotions,Emollama-chat-13b,hybrid,0.2,7,0.8459409594095941,3.327490774907749,0.045940959409594084
GoEmotions,Emollama-chat-13b,hybrid,0.3,7,0.738929889298893,2.561808118081181,0.03892988929889307
GoEmotions,Emollama-chat-13b,hybrid,0.4,7,0.6190036900369004,1.992619926199262,0.01900369003690039
GoEmotions,Emollama-chat-13b,hybrid,0.5,7,0.544280442804428,1.4898523985239853,0.044280442804428
GoEmotions,Emollama-chat-13b,hybrid,0.6,7,0.492619926199262,1.290590405904059,0.09261992619926196
GoEmotions,Emollama-chat-13b,hybrid,0.7,7,0.39391143911439114,1.0387453874538746,0.0939114391143911
GoEmotions,Emollama-chat-13b,hybrid,0.8,7,0.42066420664206644,1.0,0.22066420664206648
GoEmotions,Emollama-chat-13b,hybrid,0.9,7,0.4225092250922509,1.0,0.32250922509225094
GoEmotions,Emollama-chat-13b,hybrid,0.1,8,0.9383057090239411,5.07366482504604,0.03830570902394104
GoEmotions,Emollama-chat-13b,hybrid,0.2,8,0.8517495395948435,3.4825046040515653,0.05174953959484341
GoEmotions,Emollama-chat-13b,hybrid,0.3,8,0.7228360957642725,2.479742173112339,0.02283609576427259
GoEmotions,Emollama-chat-13b,hybrid,0.4,8,0.6003683241252302,1.8462246777163904,0.00036832412523024605
GoEmotions,Emollama-chat-13b,hybrid,0.5,8,0.498158379373849,1.4696132596685083,0.0018416206261510082
GoEmotions,Emollama-chat-13b,hybrid,0.6,8,0.4180478821362799,1.236648250460405,0.01804788213627989
GoEmotions,Emollama-chat-13b,hybrid,0.7,8,0.35359116022099446,1.0930018416206262,0.053591160220994416
GoEmotions,Emollama-chat-13b,hybrid,0.8,8,0.3720073664825046,1.0,0.17200736648250464
GoEmotions,Emollama-chat-13b,hybrid,0.9,8,0.3858195211786372,1.0,0.28581952117863724
GoEmotions,Emollama-chat-13b,hybrid,0.1,9,0.9105166051660517,4.822878228782288,0.010516605166051685
GoEmotions,Emollama-chat-13b,hybrid,0.2,9,0.8256457564575646,3.476937269372694,0.025645756457564506
GoEmotions,Emollama-chat-13b,hybrid,0.3,9,0.7112546125461254,2.486162361623616,0.011254612546125475
GoEmotions,Emollama-chat-13b,hybrid,0.4,9,0.6060885608856088,1.933579335793358,0.006088560885608829
GoEmotions,Emollama-chat-13b,hybrid,0.5,9,0.5267527675276753,1.4880073800738007,0.026752767527675303
GoEmotions,Emollama-chat-13b,hybrid,0.6,9,0.4437269372693727,1.2887453874538746,0.04372693726937266
GoEmotions,Emollama-chat-13b,hybrid,0.7,9,0.3551660516605166,1.0710332103321034,0.05516605166051658
GoEmotions,Emollama-chat-13b,hybrid,0.8,9,0.34317343173431736,1.0009225092250922,0.1431734317343174
GoEmotions,Emollama-chat-13b,hybrid,0.9,9,0.37546125461254615,1.0,0.27546125461254617
GoEmotions,Emollama-chat-13b,mondrian,0.1,0,0.9244239631336405,4.590783410138249,0.02442396313364048
GoEmotions,Emollama-chat-13b,mondrian,0.2,0,0.832258064516129,3.2746543778801844,0.032258064516129004
GoEmotions,Emollama-chat-13b,mondrian,0.3,0,0.7207373271889401,2.544700460829493,0.02073732718894017
GoEmotions,Emollama-chat-13b,mondrian,0.4,0,0.5880184331797235,1.83963133640553,0.011981566820276512
GoEmotions,Emollama-chat-13b,mondrian,0.5,0,0.4976958525345622,1.480184331797235,0.002304147465437778
GoEmotions,Emollama-chat-13b,mondrian,0.6,0,0.423963133640553,1.23963133640553,0.02396313364055297
GoEmotions,Emollama-chat-13b,mondrian,0.7,0,0.3576036866359447,1.080184331797235,0.05760368663594467
GoEmotions,Emollama-chat-13b,mondrian,0.8,0,0.38064516129032255,1.0009216589861751,0.1806451612903226
GoEmotions,Emollama-chat-13b,mondrian,0.9,0,0.38894009216589864,1.0,0.28894009216589867
GoEmotions,Emollama-chat-13b,mondrian,0.1,1,0.925414364640884,5.724677716390423,0.02541436464088398
GoEmotions,Emollama-chat-13b,mondrian,0.2,1,0.8517495395948435,3.647329650092081,0.05174953959484341
GoEmotions,Emollama-chat-13b,mondrian,0.3,1,0.7430939226519337,2.6887661141804786,0.04309392265193379
GoEmotions,Emollama-chat-13b,mondrian,0.4,1,0.6197053406998159,1.9714548802946592,0.019705340699815888
GoEmotions,Emollama-chat-13b,mondrian,0.5,1,0.5230202578268877,1.565377532228361,0.023020257826887658
GoEmotions,Emollama-chat-13b,mondrian,0.6,1,0.43922651933701656,1.3001841620626151,0.03922651933701654
GoEmotions,Emollama-chat-13b,mondrian,0.7,1,0.36187845303867405,1.0920810313075506,0.06187845303867401
GoEmotions,Emollama-chat-13b,mondrian,0.8,1,0.3416206261510129,1.0313075506445673,0.14162062615101295
GoEmotions,Emollama-chat-13b,mondrian,0.9,1,0.39502762430939226,1.0,0.2950276243093923
GoEmotions,Emollama-chat-13b,mondrian,0.1,2,0.9337016574585635,4.885819521178637,0.03370165745856346
GoEmotions,Emollama-chat-13b,mondrian,0.2,2,0.852670349907919,3.4953959484346226,0.05267034990791897
GoEmotions,Emollama-chat-13b,mondrian,0.3,2,0.7467771639042358,2.53683241252302,0.04677716390423581
GoEmotions,Emollama-chat-13b,mondrian,0.4,2,0.6464088397790055,2.0193370165745854,0.04640883977900556
GoEmotions,Emollama-chat-13b,mondrian,0.5,2,0.5497237569060773,1.6160220994475138,0.04972375690607733
GoEmotions,Emollama-chat-13b,mondrian,0.6,2,0.47513812154696133,1.4060773480662982,0.07513812154696131
GoEmotions,Emollama-chat-13b,mondrian,0.7,2,0.39042357274401474,1.1123388581952118,0.09042357274401469
GoEmotions,Emollama-chat-13b,mondrian,0.8,2,0.40239410681399634,1.003683241252302,0.2023941068139964
GoEmotions,Emollama-chat-13b,mondrian,0.9,2,0.4088397790055249,1.0,0.3088397790055249
GoEmotions,Emollama-chat-13b,mondrian,0.1,3,0.914364640883978,4.546040515653775,0.01436464088397793
GoEmotions,Emollama-chat-13b,mondrian,0.2,3,0.8406998158379374,3.386740331491713,0.04069981583793736
GoEmotions,Emollama-chat-13b,mondrian,0.3,3,0.7311233885819521,2.5644567219152856,0.031123388581952183
GoEmotions,Emollama-chat-13b,mondrian,0.4,3,0.6243093922651933,2.0405156537753224,0.024309392265193353
GoEmotions,Emollama-chat-13b,mondrian,0.5,3,0.5349907918968693,1.6574585635359116,0.03499079189686927
GoEmotions,Emollama-chat-13b,mondrian,0.6,3,0.4097605893186004,1.3084714548802947,0.009760589318600355
GoEmotions,Emollama-chat-13b,mondrian,0.7,3,0.35451197053406996,1.0736648250460405,0.05451197053406992
GoEmotions,Emollama-chat-13b,mondrian,0.8,3,0.3812154696132597,1.0046040515653776,0.18121546961325974
GoEmotions,Emollama-chat-13b,mondrian,0.9,3,0.39502762430939226,1.0,0.2950276243093923
GoEmotions,Emollama-chat-13b,mondrian,0.1,4,0.9300184162062615,4.341620626151013,0.030018416206261445
GoEmotions,Emollama-chat-13b,mondrian,0.2,4,0.8370165745856354,3.1279926335174952,0.03701657458563534
GoEmotions,Emollama-chat-13b,mondrian,0.3,4,0.7421731123388582,2.467771639042357,0.04217311233885823
GoEmotions,Emollama-chat-13b,mondrian,0.4,4,0.6408839779005525,1.9594843462246778,0.04088397790055254
GoEmotions,Emollama-chat-13b,mondrian,0.5,4,0.567219152854512,1.5930018416206262,0.06721915285451197
GoEmotions,Emollama-chat-13b,mondrian,0.6,4,0.44659300184162065,1.2642725598526703,0.04659300184162063
GoEmotions,Emollama-chat-13b,mondrian,0.7,4,0.4005524861878453,1.087476979742173,0.10055248618784524
GoEmotions,Emollama-chat-13b,mondrian,0.8,4,0.3766114180478821,1.003683241252302,0.17661141804788216
GoEmotions,Emollama-chat-13b,mondrian,0.9,4,0.43922651933701656,1.0,0.3392265193370166
GoEmotions,Emollama-chat-13b,mondrian,0.1,5,0.9336405529953917,5.483870967741935,0.033640552995391704
GoEmotions,Emollama-chat-13b,mondrian,0.2,5,0.8359447004608295,3.9769585253456223,0.035944700460829426
GoEmotions,Emollama-chat-13b,mondrian,0.3,5,0.7474654377880184,2.7235023041474653,0.04746543778801848
GoEmotions,Emollama-chat-13b,mondrian,0.4,5,0.6211981566820276,1.9253456221198157,0.021198156682027625
GoEmotions,Emollama-chat-13b,mondrian,0.5,5,0.5308755760368664,1.584331797235023,0.030875576036866414
GoEmotions,Emollama-chat-13b,mondrian,0.6,5,0.45622119815668205,1.3290322580645162,0.05622119815668203
GoEmotions,Emollama-chat-13b,mondrian,0.7,5,0.4147465437788018,1.127188940092166,0.11474654377880178
GoEmotions,Emollama-chat-13b,mondrian,0.8,5,0.3990783410138249,1.0442396313364055,0.19907834101382493
GoEmotions,Emollama-chat-13b,mondrian,0.9,5,0.4046082949308756,1.0,0.3046082949308756
GoEmotions,Emollama-chat-13b,mondrian,0.1,6,0.9244239631336405,4.690322580645161,0.02442396313364048
GoEmotions,Emollama-chat-13b,mondrian,0.2,6,0.8294930875576036,3.2193548387096773,0.029493087557603603
GoEmotions,Emollama-chat-13b,mondrian,0.3,6,0.7410138248847926,2.361290322580645,0.04101382488479266
GoEmotions,Emollama-chat-13b,mondrian,0.4,6,0.6571428571428571,1.8930875576036867,0.05714285714285716
GoEmotions,Emollama-chat-13b,mondrian,0.5,6,0.5686635944700461,1.6,0.06866359447004611
GoEmotions,Emollama-chat-13b,mondrian,0.6,6,0.4728110599078341,1.335483870967742,0.0728110599078341
GoEmotions,Emollama-chat-13b,mondrian,0.7,6,0.3861751152073733,1.1400921658986176,0.08617511520737325
GoEmotions,Emollama-chat-13b,mondrian,0.8,6,0.39447004608294933,1.0267281105990784,0.19447004608294938
GoEmotions,Emollama-chat-13b,mondrian,0.9,6,0.41382488479262675,1.0,0.31382488479262677
GoEmotions,Emollama-chat-13b,mondrian,0.1,7,0.9298892988929889,4.930811808118081,0.029889298892988858
GoEmotions,Emollama-chat-13b,mondrian,0.2,7,0.8505535055350554,3.275830258302583,0.05055350553505533
GoEmotions,Emollama-chat-13b,mondrian,0.3,7,0.746309963099631,2.5571955719557193,0.04630996309963109
GoEmotions,Emollama-chat-13b,mondrian,0.4,7,0.6263837638376384,2.014760147601476,0.026383763837638408
GoEmotions,Emollama-chat-13b,mondrian,0.5,7,0.5498154981549815,1.4769372693726937,0.04981549815498154
GoEmotions,Emollama-chat-13b,mondrian,0.6,7,0.4843173431734317,1.2601476014760147,0.0843173431734317
GoEmotions,Emollama-chat-13b,mondrian,0.7,7,0.3948339483394834,1.0396678966789668,0.09483394833948333
GoEmotions,Emollama-chat-13b,mondrian,0.8,7,0.42343173431734316,1.0009225092250922,0.2234317343173432
GoEmotions,Emollama-chat-13b,mondrian,0.9,7,0.42343173431734316,1.0,0.3234317343173432
GoEmotions,Emollama-chat-13b,mondrian,0.1,8,0.9429097605893186,5.185082872928176,0.04290976058931861
GoEmotions,Emollama-chat-13b,mondrian,0.2,8,0.8646408839779005,3.544198895027624,0.06464088397790047
GoEmotions,Emollama-chat-13b,mondrian,0.3,8,0.7338858195211786,2.527624309392265,0.03388581952117864
GoEmotions,Emollama-chat-13b,mondrian,0.4,8,0.6095764272559853,1.9152854511970534,0.009576427255985287
GoEmotions,Emollama-chat-13b,mondrian,0.5,8,0.5046040515653776,1.5469613259668509,0.004604051565377576
GoEmotions,Emollama-chat-13b,mondrian,0.6,8,0.425414364640884,1.2863720073664826,0.02541436464088398
GoEmotions,Emollama-chat-13b,mondrian,0.7,8,0.35451197053406996,1.1068139963167587,0.05451197053406992
GoEmotions,Emollama-chat-13b,mondrian,0.8,8,0.3747697974217311,1.007366482504604,0.17476979742173115
GoEmotions,Emollama-chat-13b,mondrian,0.9,8,0.3830570902394107,1.0,0.2830570902394107
GoEmotions,Emollama-chat-13b,mondrian,0.1,9,0.9132841328413284,4.892988929889299,0.013284132841328344
GoEmotions,Emollama-chat-13b,mondrian,0.2,9,0.834870848708487,3.544280442804428,0.034870848708487
GoEmotions,Emollama-chat-13b,mondrian,0.3,9,0.724169741697417,2.518450184501845,0.024169741697417035
GoEmotions,Emollama-chat-13b,mondrian,0.4,9,0.6208487084870848,1.9741697416974169,0.020848708487084866
GoEmotions,Emollama-chat-13b,mondrian,0.5,9,0.5387453874538746,1.5101476014760147,0.03874538745387457
GoEmotions,Emollama-chat-13b,mondrian,0.6,9,0.4317343173431734,1.2546125461254614,0.03173431734317339
GoEmotions,Emollama-chat-13b,mondrian,0.7,9,0.35977859778597787,1.0793357933579335,0.05977859778597783
GoEmotions,Emollama-chat-13b,mondrian,0.8,9,0.3505535055350554,1.0018450184501846,0.15055350553505542
GoEmotions,Emollama-chat-13b,mondrian,0.9,9,0.3773062730627306,1.0,0.27730627306273065
GoEmotions,Emollama-chat-7b,global,0.1,0,0.8937558247903076,5.259086672879777,0.0062441752096924485
GoEmotions,Emollama-chat-7b,global,0.2,0,0.8052190121155638,3.852749301025163,0.005219012115563748
GoEmotions,Emollama-chat-7b,global,0.3,0,0.7073625349487418,2.7809878844361604,0.007362534948741839
GoEmotions,Emollama-chat-7b,global,0.4,0,0.6048462255358807,2.121155638397018,0.004846225535880766
GoEmotions,Emollama-chat-7b,global,0.5,0,0.4864864864864865,1.5135135135135136,0.013513513513513487
GoEmotions,Emollama-chat-7b,global,0.6,0,0.4091332712022367,1.1649580615097856,0.00913327120223667
GoEmotions,Emollama-chat-7b,global,0.7,0,0.3681267474370923,1.0093196644920783,0.06812674743709224
GoEmotions,Emollama-chat-7b,global,0.8,0,0.3625349487418453,1.0,0.16253494874184532
GoEmotions,Emollama-chat-7b,global,0.9,0,0.3625349487418453,1.0,0.2625349487418453
GoEmotions,Emollama-chat-7b,global,0.1,1,0.9007421150278293,5.337662337662338,0.0007421150278292821
GoEmotions,Emollama-chat-7b,global,0.2,1,0.8079777365491652,3.8738404452690167,0.007977736549165115
GoEmotions,Emollama-chat-7b,global,0.3,1,0.7040816326530612,2.826530612244898,0.004081632653061273
GoEmotions,Emollama-chat-7b,global,0.4,1,0.6020408163265306,2.1530612244897958,0.0020408163265306367
GoEmotions,Emollama-chat-7b,global,0.5,1,0.4935064935064935,1.5111317254174397,0.006493506493506496
GoEmotions,Emollama-chat-7b,global,0.6,1,0.4109461966604824,1.1410018552875696,0.010946196660482355
GoEmotions,Emollama-chat-7b,global,0.7,1,0.36641929499072357,1.0139146567717996,0.06641929499072352
GoEmotions,Emollama-chat-7b,global,0.8,1,0.36178107606679033,1.0,0.16178107606679037
GoEmotions,Emollama-chat-7b,global,0.9,1,0.36178107606679033,1.0,0.26178107606679035
GoEmotions,Emollama-chat-7b,global,0.1,2,0.9052044609665427,5.257434944237918,0.005204460966542701
GoEmotions,Emollama-chat-7b,global,0.2,2,0.8048327137546468,3.840148698884758,0.004832713754646778
GoEmotions,Emollama-chat-7b,global,0.3,2,0.7202602230483272,2.8447955390334574,0.020260223048327197
GoEmotions,Emollama-chat-7b,global,0.4,2,0.5947955390334573,2.099442379182156,0.005204460966542701
GoEmotions,Emollama-chat-7b,global,0.5,2,0.5111524163568774,1.5446096654275092,0.01115241635687736
GoEmotions,Emollama-chat-7b,global,0.6,2,0.4284386617100372,1.179368029739777,0.028438661710037172
GoEmotions,Emollama-chat-7b,global,0.7,2,0.38011152416356875,1.0148698884758365,0.0801115241635687
GoEmotions,Emollama-chat-7b,global,0.8,2,0.3754646840148699,1.0,0.17546468401486992
GoEmotions,Emollama-chat-7b,global,0.9,2,0.3754646840148699,1.0,0.2754646840148699
GoEmotions,Emollama-chat-7b,global,0.1,3,0.9106145251396648,5.22998137802607,0.010614525139664766
GoEmotions,Emollama-chat-7b,global,0.2,3,0.7988826815642458,3.743947858472998,0.0011173184357542443
GoEmotions,Emollama-chat-7b,global,0.3,3,0.7085661080074488,2.819366852886406,0.008566108007448836
GoEmotions,Emollama-chat-7b,global,0.4,3,0.6042830540037244,2.153631284916201,0.004283054003724418
GoEmotions,Emollama-chat-7b,global,0.5,3,0.49068901303538176,1.5279329608938548,0.00931098696461824
GoEmotions,Emollama-chat-7b,global,0.6,3,0.4208566108007449,1.196461824953445,0.020856610800744857
GoEmotions,Emollama-chat-7b,global,0.7,3,0.3761638733705773,1.0270018621973929,0.07616387337057723
GoEmotions,Emollama-chat-7b,global,0.8,3,0.36312849162011174,1.0,0.16312849162011178
GoEmotions,Emollama-chat-7b,global,0.9,3,0.36312849162011174,1.0,0.26312849162011176
GoEmotions,Emollama-chat-7b,global,0.1,4,0.9143389199255121,5.270949720670391,0.014338919925512061
GoEmotions,Emollama-chat-7b,global,0.2,4,0.8212290502793296,3.877094972067039,0.02122905027932953
GoEmotions,Emollama-chat-7b,global,0.3,4,0.7374301675977654,2.9320297951582868,0.03743016759776541
GoEmotions,Emollama-chat-7b,global,0.4,4,0.6433891992551211,2.2001862197392925,0.04338919925512108
GoEmotions,Emollama-chat-7b,global,0.5,4,0.5437616387337058,1.6266294227188083,0.043761638733705754
GoEmotions,Emollama-chat-7b,global,0.6,4,0.4543761638733706,1.1880819366852886,0.054376163873370575
GoEmotions,Emollama-chat-7b,global,0.7,4,0.4068901303538175,1.0195530726256983,0.10689013035381745
GoEmotions,Emollama-chat-7b,global,0.8,4,0.40037243947858475,1.0,0.2003724394785848
GoEmotions,Emollama-chat-7b,global,0.9,4,0.40037243947858475,1.0,0.3003724394785848
GoEmotions,Emollama-chat-7b,global,0.1,5,0.9035250463821892,5.175324675324675,0.003525046382189201
GoEmotions,Emollama-chat-7b,global,0.2,5,0.800556586270872,3.7755102040816326,0.0005565862708719616
GoEmotions,Emollama-chat-7b,global,0.3,5,0.7068645640074211,2.8617810760667903,0.006864564007421192
GoEmotions,Emollama-chat-7b,global,0.4,5,0.6020408163265306,2.1196660482374767,0.0020408163265306367
GoEmotions,Emollama-chat-7b,global,0.5,5,0.5102040816326531,1.5482374768089053,0.010204081632653073
GoEmotions,Emollama-chat-7b,global,0.6,5,0.43413729128014844,1.1883116883116882,0.03413729128014842
GoEmotions,Emollama-chat-7b,global,0.7,5,0.38868274582560297,1.010204081632653,0.08868274582560293
GoEmotions,Emollama-chat-7b,global,0.8,5,0.38404452690166974,1.0,0.18404452690166978
GoEmotions,Emollama-chat-7b,global,0.9,5,0.38404452690166974,1.0,0.28404452690166976
GoEmotions,Emollama-chat-7b,global,0.1,6,0.8889916743755781,5.235892691951896,0.011008325624421889
GoEmotions,Emollama-chat-7b,global,0.2,6,0.7955596669750231,3.765032377428307,0.004440333024976928
GoEmotions,Emollama-chat-7b,global,0.3,6,0.7067530064754857,2.748381128584644,0.006753006475485712
GoEmotions,Emollama-chat-7b,global,0.4,6,0.5938945420906568,2.06845513413506,0.006105457909343137
GoEmotions,Emollama-chat-7b,global,0.5,6,0.5004625346901017,1.5161887141535615,0.00046253469010171244
GoEmotions,Emollama-chat-7b,global,0.6,6,0.4375578168362627,1.18686401480111,0.03755781683626269
GoEmotions,Emollama-chat-7b,global,0.7,6,0.38020351526364476,1.0129509713228493,0.08020351526364472
GoEmotions,Emollama-chat-7b,global,0.8,6,0.3737280296022202,1.0,0.17372802960222022
GoEmotions,Emollama-chat-7b,global,0.9,6,0.3737280296022202,1.0,0.2737280296022202
GoEmotions,Emollama-chat-7b,global,0.1,7,0.9054680259499537,5.18164967562558,0.005468025949953659
GoEmotions,Emollama-chat-7b,global,0.2,7,0.8137164040778498,3.7766450417052826,0.013716404077849798
GoEmotions,Emollama-chat-7b,global,0.3,7,0.7145505097312326,2.7451343836886006,0.01455050973123262
GoEmotions,Emollama-chat-7b,global,0.4,7,0.6413345690454124,2.103799814643188,0.04133456904541244
GoEmotions,Emollama-chat-7b,global,0.5,7,0.5273401297497683,1.5023169601482855,0.027340129749768294
GoEmotions,Emollama-chat-7b,global,0.6,7,0.4522706209453197,1.1723818350324375,0.0522706209453197
GoEmotions,Emollama-chat-7b,global,0.7,7,0.4077849860982391,1.0268767377201111,0.10778498609823906
GoEmotions,Emollama-chat-7b,global,0.8,7,0.39666357738646896,1.0,0.196663577386469
GoEmotions,Emollama-chat-7b,global,0.9,7,0.39666357738646896,1.0,0.296663577386469
GoEmotions,Emollama-chat-7b,global,0.1,8,0.9202226345083488,5.384972170686456,0.020222634508348825
GoEmotions,Emollama-chat-7b,global,0.2,8,0.8163265306122449,3.9693877551020407,0.01632653061224487
GoEmotions,Emollama-chat-7b,global,0.3,8,0.6753246753246753,2.707792207792208,0.024675324675324628
GoEmotions,Emollama-chat-7b,global,0.4,8,0.5816326530612245,2.066790352504638,0.01836734693877551
GoEmotions,Emollama-chat-7b,global,0.5,8,0.48144712430426717,1.4795918367346939,0.01855287569573283
GoEmotions,Emollama-chat-7b,global,0.6,8,0.4090909090909091,1.150278293135436,0.009090909090909094
GoEmotions,Emollama-chat-7b,global,0.7,8,0.34879406307977734,1.0009276437847867,0.048794063079777295
GoEmotions,Emollama-chat-7b,global,0.8,8,0.34879406307977734,1.0,0.14879406307977738
GoEmotions,Emollama-chat-7b,global,0.9,8,0.34879406307977734,1.0,0.24879406307977736
GoEmotions,Emollama-chat-7b,global,0.1,9,0.8918918918918919,5.229263746505126,0.008108108108108136
GoEmotions,Emollama-chat-7b,global,0.2,9,0.7856477166821995,3.809878844361603,0.014352283317800585
GoEmotions,Emollama-chat-7b,global,0.3,9,0.6961789375582479,2.8462255358807083,0.0038210624417520656
GoEmotions,Emollama-chat-7b,global,0.4,9,0.5936626281453867,2.121155638397018,0.00633737185461325
GoEmotions,Emollama-chat-7b,global,0.5,9,0.483690587138863,1.499534016775396,0.016309412861137018
GoEmotions,Emollama-chat-7b,global,0.6,9,0.418452935694315,1.1863932898415657,0.018452935694314998
GoEmotions,Emollama-chat-7b,global,0.7,9,0.3634669151910531,1.0074557315936625,0.06346691519105307
GoEmotions,Emollama-chat-7b,global,0.8,9,0.3616029822926375,1.0,0.16160298229263753
GoEmotions,Emollama-chat-7b,global,0.9,9,0.3616029822926375,1.0,0.2616029822926375
GoEmotions,Emollama-chat-7b,hybrid,0.1,0,0.9114631873252563,4.527493010251631,0.011463187325256308
GoEmotions,Emollama-chat-7b,hybrid,0.2,0,0.8024231127679403,3.260950605778192,0.002423112767940272
GoEmotions,Emollama-chat-7b,hybrid,0.3,0,0.6989748369058714,2.5032618825722275,0.0010251630941285894
GoEmotions,Emollama-chat-7b,hybrid,0.4,0,0.5964585274930102,1.907735321528425,0.0035414725069897734
GoEmotions,Emollama-chat-7b,hybrid,0.5,0,0.53215284249767,1.5200372786579683,0.03215284249767003
GoEmotions,Emollama-chat-7b,hybrid,0.6,0,0.4109972041006524,1.228331780055918,0.010997204100652358
GoEmotions,Emollama-chat-7b,hybrid,0.7,0,0.3383038210624418,1.04287045666356,0.038303821062441734
GoEmotions,Emollama-chat-7b,hybrid,0.8,0,0.34389561975768873,1.0018639328984156,0.14389561975768878
GoEmotions,Emollama-chat-7b,hybrid,0.9,0,0.34575955265610436,1.0,0.24575955265610439
GoEmotions,Emollama-chat-7b,hybrid,0.1,1,0.924860853432282,5.3395176252319105,0.02486085343228195
GoEmotions,Emollama-chat-7b,hybrid,0.2,1,0.8172541743970315,3.4452690166975883,0.017254174397031474
GoEmotions,Emollama-chat-7b,hybrid,0.3,1,0.7300556586270872,2.6595547309833023,0.030055658627087256
GoEmotions,Emollama-chat-7b,hybrid,0.4,1,0.6076066790352505,2.043599257884972,0.007606679035250474
GoEmotions,Emollama-chat-7b,hybrid,0.5,1,0.5231910946196661,1.5473098330241188,0.023191094619666064
GoEmotions,Emollama-chat-7b,hybrid,0.6,1,0.38961038961038963,1.1938775510204083,0.010389610389610393
GoEmotions,Emollama-chat-7b,hybrid,0.7,1,0.349721706864564,1.085343228200371,0.04972170686456395
GoEmotions,Emollama-chat-7b,hybrid,0.8,1,0.3302411873840445,1.00278293135436,0.13024118738404455
GoEmotions,Emollama-chat-7b,hybrid,0.9,1,0.3404452690166976,1.0,0.2404452690166976
GoEmotions,Emollama-chat-7b,hybrid,0.1,2,0.9275092936802974,5.104089219330855,0.02750929368029742
GoEmotions,Emollama-chat-7b,hybrid,0.2,2,0.8243494423791822,3.312267657992565,0.02434944237918213
GoEmotions,Emollama-chat-7b,hybrid,0.3,2,0.716542750929368,2.4721189591078065,0.016542750929368077
GoEmotions,Emollama-chat-7b,hybrid,0.4,2,0.6143122676579925,1.795539033457249,0.014312267657992539
GoEmotions,Emollama-chat-7b,hybrid,0.5,2,0.5306691449814126,1.4944237918215613,0.0306691449814126
GoEmotions,Emollama-chat-7b,hybrid,0.6,2,0.3828996282527881,1.1970260223048328,0.017100371747211907
GoEmotions,Emollama-chat-7b,hybrid,0.7,2,0.34851301115241634,1.038104089219331,0.0485130111524163
GoEmotions,Emollama-chat-7b,hybrid,0.8,2,0.34572490706319703,1.0009293680297398,0.14572490706319707
GoEmotions,Emollama-chat-7b,hybrid,0.9,2,0.354089219330855,1.0,0.25408921933085504
GoEmotions,Emollama-chat-7b,hybrid,0.1,3,0.9115456238361266,4.822160148975791,0.011545623836126562
GoEmotions,Emollama-chat-7b,hybrid,0.2,3,0.8063314711359404,3.2951582867783986,0.0063314711359403475
GoEmotions,Emollama-chat-7b,hybrid,0.3,3,0.6992551210428305,2.5577281191806334,0.0007448789571694592
GoEmotions,Emollama-chat-7b,hybrid,0.4,3,0.6089385474860335,1.957169459962756,0.00893854748603351
GoEmotions,Emollama-chat-7b,hybrid,0.5,3,0.5335195530726257,1.5391061452513966,0.03351955307262566
GoEmotions,Emollama-chat-7b,hybrid,0.6,3,0.4245810055865922,1.2802607076350092,0.024581005586592153
GoEmotions,Emollama-chat-7b,hybrid,0.7,3,0.36033519553072624,1.0577281191806331,0.06033519553072619
GoEmotions,Emollama-chat-7b,hybrid,0.8,3,0.3398510242085661,1.004655493482309,0.13985102420856615
GoEmotions,Emollama-chat-7b,hybrid,0.9,3,0.351024208566108,1.0,0.251024208566108
GoEmotions,Emollama-chat-7b,hybrid,0.1,4,0.9320297951582868,4.942271880819367,0.032029795158286745
GoEmotions,Emollama-chat-7b,hybrid,0.2,4,0.8314711359404097,3.4096834264432028,0.03147113594040962
GoEmotions,Emollama-chat-7b,hybrid,0.3,4,0.7364990689013036,2.5716945996275604,0.03649906890130361
GoEmotions,Emollama-chat-7b,hybrid,0.4,4,0.6405959031657356,1.941340782122905,0.04059590316573558
GoEmotions,Emollama-chat-7b,hybrid,0.5,4,0.5698324022346368,1.5865921787709498,0.06983240223463683
GoEmotions,Emollama-chat-7b,hybrid,0.6,4,0.4441340782122905,1.2206703910614525,0.044134078212290484
GoEmotions,Emollama-chat-7b,hybrid,0.7,4,0.388268156424581,1.0493482309124766,0.08826815642458097
GoEmotions,Emollama-chat-7b,hybrid,0.8,4,0.38361266294227186,1.0065176908752327,0.1836126629422719
GoEmotions,Emollama-chat-7b,hybrid,0.9,4,0.38733705772811916,1.0,0.2873370577281192
GoEmotions,Emollama-chat-7b,hybrid,0.1,5,0.924860853432282,5.5,0.02486085343228195
GoEmotions,Emollama-chat-7b,hybrid,0.2,5,0.8385899814471243,3.891465677179963,0.03858998144712422
GoEmotions,Emollama-chat-7b,hybrid,0.3,5,0.7217068645640075,2.706864564007421,0.0217068645640075
GoEmotions,Emollama-chat-7b,hybrid,0.4,5,0.634508348794063,2.036178107606679,0.03450834879406306
GoEmotions,Emollama-chat-7b,hybrid,0.5,5,0.5556586270871985,1.6131725417439704,0.05565862708719849
GoEmotions,Emollama-chat-7b,hybrid,0.6,5,0.4267161410018553,1.2448979591836735,0.026716141001855265
GoEmotions,Emollama-chat-7b,hybrid,0.7,5,0.3877551020408163,1.0575139146567718,0.08775510204081627
GoEmotions,Emollama-chat-7b,hybrid,0.8,5,0.3608534322820037,1.0009276437847867,0.16085343228200377
GoEmotions,Emollama-chat-7b,hybrid,0.9,5,0.3747680890538033,1.0,0.27476808905380334
GoEmotions,Emollama-chat-7b,hybrid,0.1,6,0.9167437557816837,4.829787234042553,0.016743755781683634
GoEmotions,Emollama-chat-7b,hybrid,0.2,6,0.793709528214616,3.244218316373728,0.006290471785384
GoEmotions,Emollama-chat-7b,hybrid,0.3,6,0.696577243293247,2.4606845513413504,0.0034227567067529607
GoEmotions,Emollama-chat-7b,hybrid,0.4,6,0.6114708603145236,1.8640148011100832,0.011470860314523601
GoEmotions,Emollama-chat-7b,hybrid,0.5,6,0.5272895467160037,1.4976873265494912,0.0272895467160037
GoEmotions,Emollama-chat-7b,hybrid,0.6,6,0.393154486586494,1.1924144310823312,0.0068455134135060325
GoEmotions,Emollama-chat-7b,hybrid,0.7,6,0.3506012950971323,1.0601295097132284,0.05060129509713224
GoEmotions,Emollama-chat-7b,hybrid,0.8,6,0.34875115633672527,1.0037002775208141,0.1487511563367253
GoEmotions,Emollama-chat-7b,hybrid,0.9,6,0.35430157261794637,1.0,0.2543015726179464
GoEmotions,Emollama-chat-7b,hybrid,0.1,7,0.9249304911955515,4.815569972196478,0.024930491195551463
GoEmotions,Emollama-chat-7b,hybrid,0.2,7,0.8331788693234476,3.406858202038925,0.0331788693234476
GoEmotions,Emollama-chat-7b,hybrid,0.3,7,0.7349397590361446,2.4578313253012047,0.03493975903614466
GoEmotions,Emollama-chat-7b,hybrid,0.4,7,0.6283595922150139,1.8211306765523634,0.02835959221501394
GoEmotions,Emollama-chat-7b,hybrid,0.5,7,0.5801668211306765,1.5588507877664504,0.08016682113067652
GoEmotions,Emollama-chat-7b,hybrid,0.6,7,0.48285449490268767,1.2724745134383688,0.08285449490268765
GoEmotions,Emollama-chat-7b,hybrid,0.7,7,0.4114921223354958,1.0250231696014829,0.11149212233549577
GoEmotions,Emollama-chat-7b,hybrid,0.8,7,0.39295644114921224,1.0018535681186285,0.1929564411492123
GoEmotions,Emollama-chat-7b,hybrid,0.9,7,0.3901760889712697,1.0,0.29017608897126973
GoEmotions,Emollama-chat-7b,hybrid,0.1,8,0.9341372912801484,5.327458256029685,0.03413729128014842
GoEmotions,Emollama-chat-7b,hybrid,0.2,8,0.839517625231911,3.6354359925788495,0.039517625231910936
GoEmotions,Emollama-chat-7b,hybrid,0.3,8,0.7346938775510204,2.660482374768089,0.03469387755102049
GoEmotions,Emollama-chat-7b,hybrid,0.4,8,0.5955473098330241,1.8580705009276437,0.0044526901669759145
GoEmotions,Emollama-chat-7b,hybrid,0.5,8,0.5083487940630798,1.4833024118738405,0.008348794063079756
GoEmotions,Emollama-chat-7b,hybrid,0.6,8,0.38589981447124305,1.217068645640074,0.01410018552875697
GoEmotions,Emollama-chat-7b,hybrid,0.7,8,0.3246753246753247,1.0315398886827458,0.024675324675324628
GoEmotions,Emollama-chat-7b,hybrid,0.8,8,0.3144712430426716,1.0046382189239331,0.11447124304267164
GoEmotions,Emollama-chat-7b,hybrid,0.9,8,0.32560296846011133,1.0,0.22560296846011135
GoEmotions,Emollama-chat-7b,hybrid,0.1,9,0.9161230195712954,5.022367194780988,0.01612301957129536
GoEmotions,Emollama-chat-7b,hybrid,0.2,9,0.825722273998136,3.5284249767008387,0.02572227399813598
GoEmotions,Emollama-chat-7b,hybrid,0.3,9,0.6971109040074557,2.543336439888164,0.002889095992544277
GoEmotions,Emollama-chat-7b,hybrid,0.4,9,0.5824790307548928,1.7819198508853682,0.017520969245107154
GoEmotions,Emollama-chat-7b,hybrid,0.5,9,0.5200372786579683,1.5116495806150978,0.020037278657968338
GoEmotions,Emollama-chat-7b,hybrid,0.6,9,0.391425908667288,1.2273998136067101,0.00857409133271203
GoEmotions,Emollama-chat-7b,hybrid,0.7,9,0.35787511649580617,1.0829450139794967,0.05787511649580612
GoEmotions,Emollama-chat-7b,hybrid,0.8,9,0.34762348555452005,1.0065237651444547,0.1476234855545201
GoEmotions,Emollama-chat-7b,hybrid,0.9,9,0.3504193849021435,1.0,0.25041938490214355
GoEmotions,Emollama-chat-7b,mondrian,0.1,0,0.9198508853681268,4.604846225535881,0.019850885368126736
GoEmotions,Emollama-chat-7b,mondrian,0.2,0,0.8219944082013048,3.4100652376514446,0.021994408201304716
GoEmotions,Emollama-chat-7b,mondrian,0.3,0,0.727865796831314,2.651444547996272,0.02786579683131407
GoEmotions,Emollama-chat-7b,mondrian,0.4,0,0.6076421248835042,2.043802423112768,0.007642124883504242
GoEmotions,Emollama-chat-7b,mondrian,0.5,0,0.516309412861137,1.5778191985088537,0.016309412861136963
GoEmotions,Emollama-chat-7b,mondrian,0.6,0,0.42311276794035413,1.2739981360671015,0.023112767940354106
GoEmotions,Emollama-chat-7b,mondrian,0.7,0,0.34762348555452005,1.0726933830382106,0.047623485554520006
GoEmotions,Emollama-chat-7b,mondrian,0.8,0,0.3494874184529357,1.0083876980428705,0.14948741845293573
GoEmotions,Emollama-chat-7b,mondrian,0.9,0,0.34762348555452005,1.0,0.24762348555452007
GoEmotions,Emollama-chat-7b,mondrian,0.1,1,0.9322820037105751,5.442486085343228,0.0322820037105751
GoEmotions,Emollama-chat-7b,mondrian,0.2,1,0.8302411873840445,3.5862708719851577,0.030241187384044466
GoEmotions,Emollama-chat-7b,mondrian,0.3,1,0.7551020408163265,2.8423005565862707,0.055102040816326525
GoEmotions,Emollama-chat-7b,mondrian,0.4,1,0.6298701298701299,2.212430426716141,0.029870129870129936
GoEmotions,Emollama-chat-7b,mondrian,0.5,1,0.5194805194805194,1.6586270871985158,0.01948051948051943
GoEmotions,Emollama-chat-7b,mondrian,0.6,1,0.40538033395176254,1.287569573283859,0.005380333951762517
GoEmotions,Emollama-chat-7b,mondrian,0.7,1,0.3562152133580705,1.12987012987013,0.05621521335807045
GoEmotions,Emollama-chat-7b,mondrian,0.8,1,0.3404452690166976,1.0055658627087198,0.14044526901669763
GoEmotions,Emollama-chat-7b,mondrian,0.9,1,0.34137291280148424,1.0,0.24137291280148426
GoEmotions,Emollama-chat-7b,mondrian,0.1,2,0.9312267657992565,5.191449814126394,0.03122676579925643
GoEmotions,Emollama-chat-7b,mondrian,0.2,2,0.8429368029739777,3.4981412639405205,0.04293680297397762
GoEmotions,Emollama-chat-7b,mondrian,0.3,2,0.7481412639405205,2.6552044609665426,0.04814126394052054
GoEmotions,Emollama-chat-7b,mondrian,0.4,2,0.6366171003717472,1.9721189591078068,0.03661710037174726
GoEmotions,Emollama-chat-7b,mondrian,0.5,2,0.54182156133829,1.6115241635687731,0.04182156133828996
GoEmotions,Emollama-chat-7b,mondrian,0.6,2,0.4107806691449814,1.3076208178438662,0.01078066914498138
GoEmotions,Emollama-chat-7b,mondrian,0.7,2,0.3671003717472119,1.0975836431226766,0.06710037174721184
GoEmotions,Emollama-chat-7b,mondrian,0.8,2,0.34572490706319703,1.003717472118959,0.14572490706319707
GoEmotions,Emollama-chat-7b,mondrian,0.9,2,0.35315985130111527,1.0,0.2531598513011153
GoEmotions,Emollama-chat-7b,mondrian,0.1,3,0.9227188081936686,4.955307262569832,0.02271880819366856
GoEmotions,Emollama-chat-7b,mondrian,0.2,3,0.8230912476722533,3.483240223463687,0.023091247672253234
GoEmotions,Emollama-chat-7b,mondrian,0.3,3,0.7299813780260708,2.7523277467411544,0.029981378026070815
GoEmotions,Emollama-chat-7b,mondrian,0.4,3,0.6424581005586593,2.1033519553072626,0.042458100558659284
GoEmotions,Emollama-chat-7b,mondrian,0.5,3,0.5353817504655494,1.5782122905027933,0.035381750465549366
GoEmotions,Emollama-chat-7b,mondrian,0.6,3,0.43947858472998136,1.3268156424581006,0.039478584729981336
GoEmotions,Emollama-chat-7b,mondrian,0.7,3,0.3715083798882682,1.100558659217877,0.07150837988826814
GoEmotions,Emollama-chat-7b,mondrian,0.8,3,0.35288640595903165,1.01024208566108,0.1528864059590317
GoEmotions,Emollama-chat-7b,mondrian,0.9,3,0.351024208566108,1.0,0.251024208566108
GoEmotions,Emollama-chat-7b,mondrian,0.1,4,0.9376163873370578,4.995344506517691,0.037616387337057744
GoEmotions,Emollama-chat-7b,mondrian,0.2,4,0.8463687150837989,3.490689013035382,0.046368715083798806
GoEmotions,Emollama-chat-7b,mondrian,0.3,4,0.7607076350093109,2.6945996275605215,0.06070763500931098
GoEmotions,Emollama-chat-7b,mondrian,0.4,4,0.659217877094972,2.0409683426443204,0.05921787709497206
GoEmotions,Emollama-chat-7b,mondrian,0.5,4,0.553072625698324,1.5810055865921788,0.05307262569832405
GoEmotions,Emollama-chat-7b,mondrian,0.6,4,0.4543761638733706,1.217877094972067,0.054376163873370575
GoEmotions,Emollama-chat-7b,mondrian,0.7,4,0.39757914338919925,1.0875232774674115,0.09757914338919921
GoEmotions,Emollama-chat-7b,mondrian,0.8,4,0.38733705772811916,1.0083798882681565,0.1873370577281192
GoEmotions,Emollama-chat-7b,mondrian,0.9,4,0.39013035381750466,1.0,0.2901303538175047
GoEmotions,Emollama-chat-7b,mondrian,0.1,5,0.9369202226345084,5.846011131725417,0.03692022263450834
GoEmotions,Emollama-chat-7b,mondrian,0.2,5,0.8478664192949907,4.396103896103896,0.04786641929499069
GoEmotions,Emollama-chat-7b,mondrian,0.3,5,0.7430426716141002,2.904452690166976,0.04304267161410025
GoEmotions,Emollama-chat-7b,mondrian,0.4,5,0.6586270871985158,2.1122448979591835,0.05862708719851584
GoEmotions,Emollama-chat-7b,mondrian,0.5,5,0.551948051948052,1.6799628942486085,0.051948051948051965
GoEmotions,Emollama-chat-7b,mondrian,0.6,5,0.44341372912801486,1.3191094619666048,0.04341372912801483
GoEmotions,Emollama-chat-7b,mondrian,0.7,5,0.37940630797773656,1.0788497217068647,0.07940630797773651
GoEmotions,Emollama-chat-7b,mondrian,0.8,5,0.37291280148423006,1.0055658627087198,0.1729128014842301
GoEmotions,Emollama-chat-7b,mondrian,0.9,5,0.3738404452690167,1.0,0.27384044526901674
GoEmotions,Emollama-chat-7b,mondrian,0.1,6,0.9278445883441259,4.892691951896392,0.027844588344125842
GoEmotions,Emollama-chat-7b,mondrian,0.2,6,0.8177613320999075,3.407030527289547,0.01776133209990749
GoEmotions,Emollama-chat-7b,mondrian,0.3,6,0.7215541165587419,2.6382978723404253,0.021554116558741954
GoEmotions,Emollama-chat-7b,mondrian,0.4,6,0.6207215541165587,2.009250693802035,0.020721554116558738
GoEmotions,Emollama-chat-7b,mondrian,0.5,6,0.5087881591119334,1.578168362627197,0.008788159111933425
GoEmotions,Emollama-chat-7b,mondrian,0.6,6,0.41535615171137835,1.2913968547641073,0.01535615171137833
GoEmotions,Emollama-chat-7b,mondrian,0.7,6,0.3617021276595745,1.1147086031452358,0.061702127659574446
GoEmotions,Emollama-chat-7b,mondrian,0.8,6,0.3459759481961147,1.0092506938020351,0.14597594819611476
GoEmotions,Emollama-chat-7b,mondrian,0.9,6,0.35522664199814985,1.0,0.2552266419981499
GoEmotions,Emollama-chat-7b,mondrian,0.1,7,0.9323447636700649,4.968489341983318,0.03234476367006489
GoEmotions,Emollama-chat-7b,mondrian,0.2,7,0.8461538461538461,3.731232622798888,0.0461538461538461
GoEmotions,Emollama-chat-7b,mondrian,0.3,7,0.7618164967562558,2.8498609823911027,0.06181649675625589
GoEmotions,Emollama-chat-7b,mondrian,0.4,7,0.6580166821130676,1.8674698795180722,0.05801668211306765
GoEmotions,Emollama-chat-7b,mondrian,0.5,7,0.5857275254865616,1.5866543095458758,0.0857275254865616
GoEmotions,Emollama-chat-7b,mondrian,0.6,7,0.4911955514365153,1.257645968489342,0.09119555143651525
GoEmotions,Emollama-chat-7b,mondrian,0.7,7,0.4114921223354958,1.0379981464318813,0.11149212233549577
GoEmotions,Emollama-chat-7b,mondrian,0.8,7,0.4068582020389249,1.0018535681186285,0.20685820203892497
GoEmotions,Emollama-chat-7b,mondrian,0.9,7,0.3938832252085264,1.0,0.29388322520852644
GoEmotions,Emollama-chat-7b,mondrian,0.1,8,0.937847866419295,5.422077922077922,0.03784786641929494
GoEmotions,Emollama-chat-7b,mondrian,0.2,8,0.862708719851577,3.8376623376623376,0.062708719851577
GoEmotions,Emollama-chat-7b,mondrian,0.3,8,0.7820037105751392,2.897031539888683,0.08200371057513922
GoEmotions,Emollama-chat-7b,mondrian,0.4,8,0.637291280148423,2.093692022263451,0.03729128014842298
GoEmotions,Emollama-chat-7b,mondrian,0.5,8,0.5102040816326531,1.6187384044526902,0.010204081632653073
GoEmotions,Emollama-chat-7b,mondrian,0.6,8,0.40538033395176254,1.3191094619666048,0.005380333951762517
GoEmotions,Emollama-chat-7b,mondrian,0.7,8,0.3339517625231911,1.0862708719851577,0.03395176252319104
GoEmotions,Emollama-chat-7b,mondrian,0.8,8,0.3144712430426716,1.0139146567717996,0.11447124304267164
GoEmotions,Emollama-chat-7b,mondrian,0.9,8,0.32189239332096475,1.0,0.22189239332096478
GoEmotions,Emollama-chat-7b,mondrian,0.1,9,0.9226467847157502,5.117427772600187,0.022646784715750212
GoEmotions,Emollama-chat-7b,mondrian,0.2,9,0.8471575023299162,3.7642124883504193,0.04715750232991611
GoEmotions,Emollama-chat-7b,mondrian,0.3,9,0.7381174277726001,2.7735321528424977,0.03811742777260019
GoEmotions,Emollama-chat-7b,mondrian,0.4,9,0.6160298229263746,1.9925442684063375,0.01602982292637467
GoEmotions,Emollama-chat-7b,mondrian,0.5,9,0.5116495806150979,1.6001863932898415,0.01164958061509791
GoEmotions,Emollama-chat-7b,mondrian,0.6,9,0.41658900279589933,1.330848089468779,0.01658900279589931
GoEmotions,Emollama-chat-7b,mondrian,0.7,9,0.37092264678471576,1.147250698974837,0.07092264678471571
GoEmotions,Emollama-chat-7b,mondrian,0.8,9,0.3448275862068966,1.0195712954333644,0.14482758620689662
GoEmotions,Emollama-chat-7b,mondrian,0.9,9,0.3494874184529357,1.0009319664492078,0.2494874184529357
GoEmotions,Emoopt-13b,global,0.1,0,0.8883495145631068,5.227184466019417,0.011650485436893177
GoEmotions,Emoopt-13b,global,0.2,0,0.8058252427184466,3.929126213592233,0.005825242718446533
GoEmotions,Emoopt-13b,global,0.3,0,0.7077669902912621,2.8679611650485435,0.007766990291262155
GoEmotions,Emoopt-13b,global,0.4,0,0.6155339805825243,2.0679611650485437,0.01553398058252431
GoEmotions,Emoopt-13b,global,0.5,0,0.5009708737864078,1.3155339805825244,0.000970873786407811
GoEmotions,Emoopt-13b,global,0.6,0,0.4368932038834951,1.0,0.036893203883495096
GoEmotions,Emoopt-13b,global,0.7,0,0.4368932038834951,1.0,0.13689320388349507
GoEmotions,Emoopt-13b,global,0.8,0,0.4368932038834951,1.0,0.23689320388349516
GoEmotions,Emoopt-13b,global,0.9,0,0.4368932038834951,1.0,0.33689320388349514
GoEmotions,Emoopt-13b,global,0.1,1,0.8960155490767736,5.252672497570456,0.0039844509232264125
GoEmotions,Emoopt-13b,global,0.2,1,0.8104956268221575,4.0466472303206995,0.010495626822157433
GoEmotions,Emoopt-13b,global,0.3,1,0.6909620991253644,2.728862973760933,0.009037900874635518
GoEmotions,Emoopt-13b,global,0.4,1,0.608357628765792,1.9572400388726918,0.008357628765792047
GoEmotions,Emoopt-13b,global,0.5,1,0.49076773566569487,1.2108843537414966,0.00923226433430513
GoEmotions,Emoopt-13b,global,0.6,1,0.446064139941691,1.0,0.04606413994169095
GoEmotions,Emoopt-13b,global,0.7,1,0.446064139941691,1.0,0.14606413994169093
GoEmotions,Emoopt-13b,global,0.8,1,0.446064139941691,1.0,0.24606413994169102
GoEmotions,Emoopt-13b,global,0.9,1,0.446064139941691,1.0,0.346064139941691
GoEmotions,Emoopt-13b,global,0.1,2,0.9075875486381323,5.382295719844358,0.007587548638132269
GoEmotions,Emoopt-13b,global,0.2,2,0.8093385214007782,3.963035019455253,0.009338521400778177
GoEmotions,Emoopt-13b,global,0.3,2,0.7344357976653697,2.9542801556420235,0.03443579766536975
GoEmotions,Emoopt-13b,global,0.4,2,0.6459143968871596,2.0739299610894943,0.04591439688715959
GoEmotions,Emoopt-13b,global,0.5,2,0.5398832684824902,1.3278210116731517,0.03988326848249024
GoEmotions,Emoopt-13b,global,0.6,2,0.4659533073929961,1.0,0.0659533073929961
GoEmotions,Emoopt-13b,global,0.7,2,0.4659533073929961,1.0,0.16595330739299607
GoEmotions,Emoopt-13b,global,0.8,2,0.4659533073929961,1.0,0.26595330739299616
GoEmotions,Emoopt-13b,global,0.9,2,0.4659533073929961,1.0,0.36595330739299614
GoEmotions,Emoopt-13b,global,0.1,3,0.9004830917874396,5.220289855072464,0.00048309178743954906
GoEmotions,Emoopt-13b,global,0.2,3,0.81256038647343,3.9565217391304346,0.01256038647342994
GoEmotions,Emoopt-13b,global,0.3,3,0.7082125603864734,2.791304347826087,0.008212560386473444
GoEmotions,Emoopt-13b,global,0.4,3,0.6106280193236715,2.0057971014492755,0.010628019323671523
GoEmotions,Emoopt-13b,global,0.5,3,0.4859903381642512,1.2743961352657005,0.01400966183574881
GoEmotions,Emoopt-13b,global,0.6,3,0.43478260869565216,1.0,0.03478260869565214
GoEmotions,Emoopt-13b,global,0.7,3,0.43478260869565216,1.0,0.13478260869565212
GoEmotions,Emoopt-13b,global,0.8,3,0.43478260869565216,1.0,0.2347826086956522
GoEmotions,Emoopt-13b,global,0.9,3,0.43478260869565216,1.0,0.3347826086956522
GoEmotions,Emoopt-13b,global,0.1,4,0.9128751210067764,5.172313649564376,0.012875121006776347
GoEmotions,Emoopt-13b,global,0.2,4,0.8209099709583737,3.8760890609874155,0.020909970958373658
GoEmotions,Emoopt-13b,global,0.3,4,0.7192642787996127,2.777347531461762,0.01926427879961279
GoEmotions,Emoopt-13b,global,0.4,4,0.6350435624394967,1.9874152952565343,0.03504356243949669
GoEmotions,Emoopt-13b,global,0.5,4,0.5285575992255567,1.2487899322362053,0.028557599225556674
GoEmotions,Emoopt-13b,global,0.6,4,0.46563407550822844,1.0,0.06563407550822842
GoEmotions,Emoopt-13b,global,0.7,4,0.46563407550822844,1.0,0.1656340755082284
GoEmotions,Emoopt-13b,global,0.8,4,0.46563407550822844,1.0,0.2656340755082285
GoEmotions,Emoopt-13b,global,0.9,4,0.46563407550822844,1.0,0.36563407550822846
GoEmotions,Emoopt-13b,global,0.1,5,0.905458089668616,5.34307992202729,0.00545808966861594
GoEmotions,Emoopt-13b,global,0.2,5,0.7953216374269005,3.7953216374269005,0.004678362573099504
GoEmotions,Emoopt-13b,global,0.3,5,0.6998050682261209,2.827485380116959,0.00019493177387908123
GoEmotions,Emoopt-13b,global,0.4,5,0.615009746588694,1.99317738791423,0.015009746588694028
GoEmotions,Emoopt-13b,global,0.5,5,0.5048732943469786,1.2612085769980508,0.004873294346978585
GoEmotions,Emoopt-13b,global,0.6,5,0.45321637426900585,1.0,0.05321637426900583
GoEmotions,Emoopt-13b,global,0.7,5,0.45321637426900585,1.0,0.1532163742690058
GoEmotions,Emoopt-13b,global,0.8,5,0.45321637426900585,1.0,0.2532163742690059
GoEmotions,Emoopt-13b,global,0.9,5,0.45321637426900585,1.0,0.3532163742690059
GoEmotions,Emoopt-13b,global,0.1,6,0.8944337811900192,5.118042226487524,0.005566218809980872
GoEmotions,Emoopt-13b,global,0.2,6,0.7840690978886756,3.742802303262956,0.01593090211132442
GoEmotions,Emoopt-13b,global,0.3,6,0.6650671785028791,2.576775431861804,0.03493282149712085
GoEmotions,Emoopt-13b,global,0.4,6,0.5873320537428023,1.881957773512476,0.012667946257197693
GoEmotions,Emoopt-13b,global,0.5,6,0.4846449136276392,1.2159309021113245,0.015355086372360827
GoEmotions,Emoopt-13b,global,0.6,6,0.44433781190019195,1.0,0.044337811900191926
GoEmotions,Emoopt-13b,global,0.7,6,0.44433781190019195,1.0,0.1443378119001919
GoEmotions,Emoopt-13b,global,0.8,6,0.44433781190019195,1.0,0.244337811900192
GoEmotions,Emoopt-13b,global,0.9,6,0.44433781190019195,1.0,0.34433781190019197
GoEmotions,Emoopt-13b,global,0.1,7,0.9176356589147286,5.3895348837209305,0.017635658914728625
GoEmotions,Emoopt-13b,global,0.2,7,0.8362403100775194,4.006782945736434,0.03624031007751938
GoEmotions,Emoopt-13b,global,0.3,7,0.7141472868217055,2.8236434108527133,0.014147286821705518
GoEmotions,Emoopt-13b,global,0.4,7,0.5988372093023255,1.876937984496124,0.0011627906976744429
GoEmotions,Emoopt-13b,global,0.5,7,0.5106589147286822,1.2742248062015504,0.01065891472868219
GoEmotions,Emoopt-13b,global,0.6,7,0.4622093023255814,1.0,0.06220930232558136
GoEmotions,Emoopt-13b,global,0.7,7,0.4622093023255814,1.0,0.16220930232558134
GoEmotions,Emoopt-13b,global,0.8,7,0.4622093023255814,1.0,0.26220930232558143
GoEmotions,Emoopt-13b,global,0.9,7,0.4622093023255814,1.0,0.3622093023255814
GoEmotions,Emoopt-13b,global,0.1,8,0.9200779727095516,5.3996101364522415,0.020077972709551584
GoEmotions,Emoopt-13b,global,0.2,8,0.7904483430799221,3.7855750487329436,0.009551656920077978
GoEmotions,Emoopt-13b,global,0.3,8,0.6929824561403509,2.8021442495126707,0.007017543859649034
GoEmotions,Emoopt-13b,global,0.4,8,0.5847953216374269,1.8957115009746588,0.01520467836257311
GoEmotions,Emoopt-13b,global,0.5,8,0.5087719298245614,1.3235867446393763,0.00877192982456143
GoEmotions,Emoopt-13b,global,0.6,8,0.4317738791423002,1.0,0.031773879142300177
GoEmotions,Emoopt-13b,global,0.7,8,0.4317738791423002,1.0,0.13177387914230015
GoEmotions,Emoopt-13b,global,0.8,8,0.4317738791423002,1.0,0.23177387914230024
GoEmotions,Emoopt-13b,global,0.9,8,0.4317738791423002,1.0,0.3317738791423002
GoEmotions,Emoopt-13b,global,0.1,9,0.8972602739726028,5.363013698630137,0.002739726027397249
GoEmotions,Emoopt-13b,global,0.2,9,0.8140900195694716,4.098825831702544,0.014090019569471535
GoEmotions,Emoopt-13b,global,0.3,9,0.7035225048923679,2.9794520547945207,0.003522504892367939
GoEmotions,Emoopt-13b,global,0.4,9,0.6105675146771037,2.1448140900195694,0.010567514677103707
GoEmotions,Emoopt-13b,global,0.5,9,0.5019569471624267,1.4109589041095891,0.00195694716242667
GoEmotions,Emoopt-13b,global,0.6,9,0.4217221135029354,1.0,0.021722113502935403
GoEmotions,Emoopt-13b,global,0.7,9,0.4217221135029354,1.0,0.12172211350293538
GoEmotions,Emoopt-13b,global,0.8,9,0.4217221135029354,1.0,0.22172211350293547
GoEmotions,Emoopt-13b,global,0.9,9,0.4217221135029354,1.0,0.32172211350293545
GoEmotions,Emoopt-13b,hybrid,0.1,0,0.9184466019417475,5.3941747572815535,0.01844660194174752
GoEmotions,Emoopt-13b,hybrid,0.2,0,0.8184466019417476,3.983495145631068,0.01844660194174752
GoEmotions,Emoopt-13b,hybrid,0.3,0,0.7300970873786408,3.057281553398058,0.030097087378640808
GoEmotions,Emoopt-13b,hybrid,0.4,0,0.6135922330097088,2.233980582524272,0.013592233009708798
GoEmotions,Emoopt-13b,hybrid,0.5,0,0.5077669902912622,1.5660194174757283,0.007766990291262155
GoEmotions,Emoopt-13b,hybrid,0.6,0,0.48640776699029126,1.2359223300970874,0.08640776699029123
GoEmotions,Emoopt-13b,hybrid,0.7,0,0.4563106796116505,1.087378640776699,0.15631067961165046
GoEmotions,Emoopt-13b,hybrid,0.8,0,0.43592233009708736,1.0067961165048545,0.2359223300970874
GoEmotions,Emoopt-13b,hybrid,0.9,0,0.4330097087378641,1.0,0.3330097087378641
GoEmotions,Emoopt-13b,hybrid,0.1,1,0.9135082604470359,5.550048590864917,0.013508260447035902
GoEmotions,Emoopt-13b,hybrid,0.2,1,0.8231292517006803,4.053449951409135,0.023129251700680253
GoEmotions,Emoopt-13b,hybrid,0.3,1,0.7298347910592808,3.24198250728863,0.029834791059280885
GoEmotions,Emoopt-13b,hybrid,0.4,1,0.6103012633624878,2.2643343051506317,0.010301263362487822
GoEmotions,Emoopt-13b,hybrid,0.5,1,0.5043731778425656,1.5179786200194363,0.004373177842565634
GoEmotions,Emoopt-13b,hybrid,0.6,1,0.46647230320699706,1.2215743440233235,0.06647230320699704
GoEmotions,Emoopt-13b,hybrid,0.7,1,0.4334305150631681,1.0952380952380953,0.13343051506316805
GoEmotions,Emoopt-13b,hybrid,0.8,1,0.4314868804664723,1.0252672497570456,0.23148688046647237
GoEmotions,Emoopt-13b,hybrid,0.9,1,0.44314868804664725,1.000971817298348,0.3431486880466473
GoEmotions,Emoopt-13b,hybrid,0.1,2,0.9328793774319066,5.689688715953308,0.03287937743190661
GoEmotions,Emoopt-13b,hybrid,0.2,2,0.8336575875486382,4.259727626459144,0.033657587548638124
GoEmotions,Emoopt-13b,hybrid,0.3,2,0.7538910505836576,3.2607003891050583,0.05389105058365762
GoEmotions,Emoopt-13b,hybrid,0.4,2,0.6536964980544747,2.392023346303502,0.05369649805447474
GoEmotions,Emoopt-13b,hybrid,0.5,2,0.5369649805447471,1.578793774319066,0.03696498054474706
GoEmotions,Emoopt-13b,hybrid,0.6,2,0.5019455252918288,1.245136186770428,0.10194552529182876
GoEmotions,Emoopt-13b,hybrid,0.7,2,0.4649805447470817,1.0807392996108949,0.16498054474708168
GoEmotions,Emoopt-13b,hybrid,0.8,2,0.45038910505836577,1.0243190661478598,0.2503891050583658
GoEmotions,Emoopt-13b,hybrid,0.9,2,0.46400778210116733,1.0,0.36400778210116735
GoEmotions,Emoopt-13b,hybrid,0.1,3,0.9111111111111111,5.268599033816425,0.011111111111111072
GoEmotions,Emoopt-13b,hybrid,0.2,3,0.8270531400966183,4.0376811594202895,0.0270531400966183
GoEmotions,Emoopt-13b,hybrid,0.3,3,0.740096618357488,3.1082125603864736,0.04009661835748801
GoEmotions,Emoopt-13b,hybrid,0.4,3,0.621256038647343,2.2193236714975844,0.021256038647343045
GoEmotions,Emoopt-13b,hybrid,0.5,3,0.49371980676328503,1.5178743961352656,0.00628019323671497
GoEmotions,Emoopt-13b,hybrid,0.6,3,0.45603864734299515,1.1922705314009663,0.05603864734299513
GoEmotions,Emoopt-13b,hybrid,0.7,3,0.43671497584541064,1.0618357487922705,0.1367149758454106
GoEmotions,Emoopt-13b,hybrid,0.8,3,0.4289855072463768,1.017391304347826,0.22898550724637684
GoEmotions,Emoopt-13b,hybrid,0.9,3,0.42995169082125606,1.0009661835748793,0.3299516908212561
GoEmotions,Emoopt-13b,hybrid,0.1,4,0.9303000968054211,5.135527589545014,0.030300096805421117
GoEmotions,Emoopt-13b,hybrid,0.2,4,0.8383349467570184,3.8325266214908034,0.03833494675701832
GoEmotions,Emoopt-13b,hybrid,0.3,4,0.750242013552759,3.005808325266215,0.050242013552759035
GoEmotions,Emoopt-13b,hybrid,0.4,4,0.6195546950629235,2.2129719264278798,0.01955469506292351
GoEmotions,Emoopt-13b,hybrid,0.5,4,0.5227492739593417,1.489835430784124,0.022749273959341676
GoEmotions,Emoopt-13b,hybrid,0.6,4,0.5043562439496612,1.1819941916747339,0.10435624394966114
GoEmotions,Emoopt-13b,hybrid,0.7,4,0.4743465634075508,1.0629235237173282,0.17434656340755078
GoEmotions,Emoopt-13b,hybrid,0.8,4,0.4675701839303001,1.0087124878993223,0.26757018393030013
GoEmotions,Emoopt-13b,hybrid,0.9,4,0.46563407550822844,1.0,0.36563407550822846
GoEmotions,Emoopt-13b,hybrid,0.1,5,0.9220272904483431,5.599415204678363,0.022027290448343062
GoEmotions,Emoopt-13b,hybrid,0.2,5,0.8401559454191033,4.3011695906432745,0.04015594541910328
GoEmotions,Emoopt-13b,hybrid,0.3,5,0.7300194931773879,3.1842105263157894,0.030019493177387946
GoEmotions,Emoopt-13b,hybrid,0.4,5,0.6169590643274854,2.2612085769980506,0.016959064327485396
GoEmotions,Emoopt-13b,hybrid,0.5,5,0.5224171539961013,1.5799220272904484,0.022417153996101336
GoEmotions,Emoopt-13b,hybrid,0.6,5,0.4873294346978557,1.2495126705653021,0.0873294346978557
GoEmotions,Emoopt-13b,hybrid,0.7,5,0.4473684210526316,1.0633528265107213,0.14736842105263154
GoEmotions,Emoopt-13b,hybrid,0.8,5,0.44541910331384016,1.010721247563353,0.2454191033138402
GoEmotions,Emoopt-13b,hybrid,0.9,5,0.4522417153996101,1.0019493177387915,0.35224171539961013
GoEmotions,Emoopt-13b,hybrid,0.1,6,0.9069097888675623,4.857005758157389,0.006909788867562328
GoEmotions,Emoopt-13b,hybrid,0.2,6,0.8023032629558541,3.692898272552783,0.002303262955854035
GoEmotions,Emoopt-13b,hybrid,0.3,6,0.6900191938579654,2.8320537428023034,0.00998080614203456
GoEmotions,Emoopt-13b,hybrid,0.4,6,0.5863723608445297,2.103646833013436,0.013627639155470272
GoEmotions,Emoopt-13b,hybrid,0.5,6,0.5095969289827256,1.4856046065259116,0.009596928982725572
GoEmotions,Emoopt-13b,hybrid,0.6,6,0.48080614203454897,1.210172744721689,0.08080614203454894
GoEmotions,Emoopt-13b,hybrid,0.7,6,0.45489443378119004,1.051823416506718,0.15489443378119
GoEmotions,Emoopt-13b,hybrid,0.8,6,0.44433781190019195,1.0124760076775432,0.244337811900192
GoEmotions,Emoopt-13b,hybrid,0.9,6,0.44337811900191937,1.0,0.3433781190019194
GoEmotions,Emoopt-13b,hybrid,0.1,7,0.9282945736434108,5.680232558139535,0.028294573643410814
GoEmotions,Emoopt-13b,hybrid,0.2,7,0.8585271317829457,4.413759689922481,0.05852713178294566
GoEmotions,Emoopt-13b,hybrid,0.3,7,0.750968992248062,3.2083333333333335,0.05096899224806206
GoEmotions,Emoopt-13b,hybrid,0.4,7,0.6337209302325582,2.247093023255814,0.03372093023255818
GoEmotions,Emoopt-13b,hybrid,0.5,7,0.5125968992248062,1.5445736434108528,0.012596899224806224
GoEmotions,Emoopt-13b,hybrid,0.6,7,0.4806201550387597,1.191860465116279,0.08062015503875969
GoEmotions,Emoopt-13b,hybrid,0.7,7,0.4699612403100775,1.071705426356589,0.16996124031007748
GoEmotions,Emoopt-13b,hybrid,0.8,7,0.4641472868217054,1.0067829457364341,0.26414728682170546
GoEmotions,Emoopt-13b,hybrid,0.9,7,0.4631782945736434,1.0,0.3631782945736434
GoEmotions,Emoopt-13b,hybrid,0.1,8,0.928849902534113,5.442495126705653,0.028849902534113014
GoEmotions,Emoopt-13b,hybrid,0.2,8,0.8421052631578947,4.044834307992203,0.042105263157894646
GoEmotions,Emoopt-13b,hybrid,0.3,8,0.723196881091618,3.0555555555555554,0.023196881091617993
GoEmotions,Emoopt-13b,hybrid,0.4,8,0.6189083820662769,2.270955165692008,0.018908382066276874
GoEmotions,Emoopt-13b,hybrid,0.5,8,0.50682261208577,1.6237816764132553,0.006822612085769952
GoEmotions,Emoopt-13b,hybrid,0.6,8,0.46881091617933723,1.2319688109161793,0.06881091617933721
GoEmotions,Emoopt-13b,hybrid,0.7,8,0.449317738791423,1.090643274853801,0.14931773879142296
GoEmotions,Emoopt-13b,hybrid,0.8,8,0.4337231968810916,1.0126705653021442,0.23372319688109167
GoEmotions,Emoopt-13b,hybrid,0.9,8,0.4346978557504873,1.0,0.3346978557504873
GoEmotions,Emoopt-13b,hybrid,0.1,9,0.9041095890410958,5.395303326810176,0.004109589041095818
GoEmotions,Emoopt-13b,hybrid,0.2,9,0.8326810176125244,4.26614481409002,0.0326810176125244
GoEmotions,Emoopt-13b,hybrid,0.3,9,0.7465753424657534,3.3620352250489236,0.046575342465753455
GoEmotions,Emoopt-13b,hybrid,0.4,9,0.6183953033268101,2.4853228962818004,0.018395303326810164
GoEmotions,Emoopt-13b,hybrid,0.5,9,0.5019569471624267,1.6585127201565557,0.00195694716242667
GoEmotions,Emoopt-13b,hybrid,0.6,9,0.461839530332681,1.2495107632093934,0.06183953033268097
GoEmotions,Emoopt-13b,hybrid,0.7,9,0.4452054794520548,1.1154598825831703,0.14520547945205475
GoEmotions,Emoopt-13b,hybrid,0.8,9,0.4207436399217221,1.0185909980430528,0.22074363992172213
GoEmotions,Emoopt-13b,hybrid,0.9,9,0.42857142857142855,1.0019569471624266,0.32857142857142857
GoEmotions,Emoopt-13b,mondrian,0.1,0,0.9213592233009709,5.429126213592233,0.021359223300970842
GoEmotions,Emoopt-13b,mondrian,0.2,0,0.8194174757281554,4.001941747572816,0.01941747572815533
GoEmotions,Emoopt-13b,mondrian,0.3,0,0.7378640776699029,3.1611650485436895,0.03786407766990296
GoEmotions,Emoopt-13b,mondrian,0.4,0,0.6300970873786408,2.396116504854369,0.030097087378640808
GoEmotions,Emoopt-13b,mondrian,0.5,0,0.5281553398058253,1.8194174757281554,0.028155339805825297
GoEmotions,Emoopt-13b,mondrian,0.6,0,0.4825242718446602,1.449514563106796,0.08252427184466016
GoEmotions,Emoopt-13b,mondrian,0.7,0,0.4495145631067961,1.2097087378640776,0.14951456310679606
GoEmotions,Emoopt-13b,mondrian,0.8,0,0.42815533980582526,1.0194174757281553,0.2281553398058253
GoEmotions,Emoopt-13b,mondrian,0.9,0,0.43398058252427185,1.0,0.3339805825242719
GoEmotions,Emoopt-13b,mondrian,0.1,1,0.9164237123420796,5.7482993197278915,0.01642371234207962
GoEmotions,Emoopt-13b,mondrian,0.2,1,0.8289601554907677,4.13022351797862,0.02896015549076769
GoEmotions,Emoopt-13b,mondrian,0.3,1,0.738581146744412,3.5364431486880465,0.03858114674441204
GoEmotions,Emoopt-13b,mondrian,0.4,1,0.6394557823129252,2.675413022351798,0.039455782312925236
GoEmotions,Emoopt-13b,mondrian,0.5,1,0.5170068027210885,1.900874635568513,0.017006802721088454
GoEmotions,Emoopt-13b,mondrian,0.6,1,0.4577259475218659,1.5383867832847424,0.057725947521865884
GoEmotions,Emoopt-13b,mondrian,0.7,1,0.41205053449951407,1.2905733722060253,0.11205053449951402
GoEmotions,Emoopt-13b,mondrian,0.8,1,0.41496598639455784,1.064139941690962,0.21496598639455788
GoEmotions,Emoopt-13b,mondrian,0.9,1,0.44412050534499514,1.0038872691933916,0.34412050534499516
GoEmotions,Emoopt-13b,mondrian,0.1,2,0.9348249027237354,5.729571984435798,0.034824902723735396
GoEmotions,Emoopt-13b,mondrian,0.2,2,0.8365758754863813,4.361867704280155,0.036575875486381304
GoEmotions,Emoopt-13b,mondrian,0.3,2,0.7577821011673151,3.46011673151751,0.05778210116731519
GoEmotions,Emoopt-13b,mondrian,0.4,2,0.669260700389105,2.708171206225681,0.06926070038910503
GoEmotions,Emoopt-13b,mondrian,0.5,2,0.5525291828793775,1.899805447470817,0.05252918287937747
GoEmotions,Emoopt-13b,mondrian,0.6,2,0.4961089494163424,1.527237354085603,0.0961089494163424
GoEmotions,Emoopt-13b,mondrian,0.7,2,0.46400778210116733,1.2480544747081712,0.1640077821011673
GoEmotions,Emoopt-13b,mondrian,0.8,2,0.44260700389105057,1.08852140077821,0.2426070038910506
GoEmotions,Emoopt-13b,mondrian,0.9,2,0.46303501945525294,1.0009727626459144,0.36303501945525296
GoEmotions,Emoopt-13b,mondrian,0.1,3,0.9159420289855073,5.297584541062802,0.01594202898550723
GoEmotions,Emoopt-13b,mondrian,0.2,3,0.8328502415458937,4.134299516908213,0.032850241545893666
GoEmotions,Emoopt-13b,mondrian,0.3,3,0.7516908212560387,3.226086956521739,0.051690821256038744
GoEmotions,Emoopt-13b,mondrian,0.4,3,0.6396135265700483,2.3864734299516908,0.03961352657004835
GoEmotions,Emoopt-13b,mondrian,0.5,3,0.5159420289855072,1.7304347826086957,0.01594202898550723
GoEmotions,Emoopt-13b,mondrian,0.6,3,0.45507246376811594,1.3420289855072465,0.05507246376811592
GoEmotions,Emoopt-13b,mondrian,0.7,3,0.43285024154589374,1.1806763285024156,0.1328502415458937
GoEmotions,Emoopt-13b,mondrian,0.8,3,0.41739130434782606,1.0695652173913044,0.2173913043478261
GoEmotions,Emoopt-13b,mondrian,0.9,3,0.4270531400966184,1.0019323671497584,0.3270531400966184
GoEmotions,Emoopt-13b,mondrian,0.1,4,0.9312681510164569,5.1210067763794775,0.03126815101645686
GoEmotions,Emoopt-13b,mondrian,0.2,4,0.8383349467570184,3.8489835430784125,0.03833494675701832
GoEmotions,Emoopt-13b,mondrian,0.3,4,0.7589545014520813,3.149080348499516,0.058954501452081365
GoEmotions,Emoopt-13b,mondrian,0.4,4,0.6369796708615683,2.421103581800581,0.03697967086156828
GoEmotions,Emoopt-13b,mondrian,0.5,4,0.5333978702807357,1.7831558567279768,0.03339787028073571
GoEmotions,Emoopt-13b,mondrian,0.6,4,0.4937076476282672,1.420135527589545,0.09370764762826717
GoEmotions,Emoopt-13b,mondrian,0.7,4,0.4578896418199419,1.1994191674733785,0.15788964181994186
GoEmotions,Emoopt-13b,mondrian,0.8,4,0.4675701839303001,1.0251694094869312,0.26757018393030013
GoEmotions,Emoopt-13b,mondrian,0.9,4,0.4666021297192643,1.0,0.3666021297192643
GoEmotions,Emoopt-13b,mondrian,0.1,5,0.9230019493177388,5.815789473684211,0.0230019493177388
GoEmotions,Emoopt-13b,mondrian,0.2,5,0.8450292397660819,4.8996101364522415,0.04502923976608186
GoEmotions,Emoopt-13b,mondrian,0.3,5,0.7358674463937622,3.634502923976608,0.03586744639376227
GoEmotions,Emoopt-13b,mondrian,0.4,5,0.6306042884990254,2.615009746588694,0.03060428849902541
GoEmotions,Emoopt-13b,mondrian,0.5,5,0.5389863547758285,1.9483430799220274,0.03898635477582846
GoEmotions,Emoopt-13b,mondrian,0.6,5,0.4727095516569201,1.5955165692007798,0.07270955165692006
GoEmotions,Emoopt-13b,mondrian,0.7,5,0.4317738791423002,1.260233918128655,0.13177387914230015
GoEmotions,Emoopt-13b,mondrian,0.8,5,0.43567251461988304,1.0399610136452242,0.2356725146198831
GoEmotions,Emoopt-13b,mondrian,0.9,5,0.4444444444444444,1.003898635477583,0.34444444444444444
GoEmotions,Emoopt-13b,mondrian,0.1,6,0.9107485604606526,4.91362763915547,0.010748560460652534
GoEmotions,Emoopt-13b,mondrian,0.2,6,0.8032629558541267,3.727447216890595,0.0032629558541266146
GoEmotions,Emoopt-13b,mondrian,0.3,6,0.7005758157389635,2.9856046065259116,0.0005758157389635921
GoEmotions,Emoopt-13b,mondrian,0.4,6,0.6084452975047985,2.3099808061420344,0.008445297504798499
GoEmotions,Emoopt-13b,mondrian,0.5,6,0.5201535508637236,1.7965451055662187,0.020153550863723613
GoEmotions,Emoopt-13b,mondrian,0.6,6,0.4750479846449136,1.4952015355086372,0.07504798464491358
GoEmotions,Emoopt-13b,mondrian,0.7,6,0.46257197696737046,1.1276391554702496,0.1625719769673704
GoEmotions,Emoopt-13b,mondrian,0.8,6,0.44817658349328215,1.0316698656429943,0.2481765834932822
GoEmotions,Emoopt-13b,mondrian,0.9,6,0.44241842610364684,1.0,0.34241842610364687
GoEmotions,Emoopt-13b,mondrian,0.1,7,0.9302325581395349,5.906976744186046,0.03023255813953485
GoEmotions,Emoopt-13b,mondrian,0.2,7,0.8653100775193798,4.770348837209302,0.06531007751937978
GoEmotions,Emoopt-13b,mondrian,0.3,7,0.7635658914728682,3.7005813953488373,0.06356589147286829
GoEmotions,Emoopt-13b,mondrian,0.4,7,0.6686046511627907,2.8333333333333335,0.06860465116279069
GoEmotions,Emoopt-13b,mondrian,0.5,7,0.5416666666666666,1.9854651162790697,0.04166666666666663
GoEmotions,Emoopt-13b,mondrian,0.6,7,0.4563953488372093,1.4748062015503876,0.05639534883720926
GoEmotions,Emoopt-13b,mondrian,0.7,7,0.46511627906976744,1.179263565891473,0.1651162790697674
GoEmotions,Emoopt-13b,mondrian,0.8,7,0.45348837209302323,1.0281007751937985,0.2534883720930233
GoEmotions,Emoopt-13b,mondrian,0.9,7,0.4641472868217054,1.0,0.36414728682170544
GoEmotions,Emoopt-13b,mondrian,0.1,8,0.928849902534113,5.455165692007797,0.028849902534113014
GoEmotions,Emoopt-13b,mondrian,0.2,8,0.847953216374269,4.157894736842105,0.04795321637426897
GoEmotions,Emoopt-13b,mondrian,0.3,8,0.7348927875243665,3.219298245614035,0.03489278752436653
GoEmotions,Emoopt-13b,mondrian,0.4,8,0.6423001949317739,2.551656920077973,0.04230019493177395
GoEmotions,Emoopt-13b,mondrian,0.5,8,0.5311890838206628,1.9541910331384016,0.031189083820662766
GoEmotions,Emoopt-13b,mondrian,0.6,8,0.4727095516569201,1.4990253411306043,0.07270955165692006
GoEmotions,Emoopt-13b,mondrian,0.7,8,0.4522417153996101,1.2378167641325537,0.15224171539961007
GoEmotions,Emoopt-13b,mondrian,0.8,8,0.42884990253411304,1.04093567251462,0.22884990253411308
GoEmotions,Emoopt-13b,mondrian,0.9,8,0.4337231968810916,1.0,0.33372319688109164
GoEmotions,Emoopt-13b,mondrian,0.1,9,0.9060665362035225,5.409001956947162,0.006066536203522488
GoEmotions,Emoopt-13b,mondrian,0.2,9,0.8346379647749511,4.339530332681018,0.03463796477495107
GoEmotions,Emoopt-13b,mondrian,0.3,9,0.7534246575342466,3.5185909980430528,0.05342465753424663
GoEmotions,Emoopt-13b,mondrian,0.4,9,0.6438356164383562,2.823874755381605,0.043835616438356206
GoEmotions,Emoopt-13b,mondrian,0.5,9,0.5362035225048923,2.012720156555773,0.03620352250489234
GoEmotions,Emoopt-13b,mondrian,0.6,9,0.47162426614481406,1.5724070450097847,0.07162426614481404
GoEmotions,Emoopt-13b,mondrian,0.7,9,0.436399217221135,1.3414872798434443,0.13639921722113496
GoEmotions,Emoopt-13b,mondrian,0.8,9,0.4041095890410959,1.1086105675146771,0.20410958904109594
GoEmotions,Emoopt-13b,mondrian,0.9,9,0.4295499021526419,1.0039138943248533,0.3295499021526419
