{
  "pearson_correlation": 0.805473943128457,
  "p_value": 0.0,
  "mae": 0.09032359366466411,
  "rmse": 0.11466451790225439,
  "r2": 0.6166398771559655,
  "mse": 0.013147951665756417,
  "alpha": [
    0.1,
    0.2,
    0.3,
    0.4,
    0.5,
    0.6,
    0.7,
    0.8,
    0.9
  ],
  "coverages": [
    0.8888585472419442,
    0.8036592026215182,
    0.6908793009284544,
    0.6007646095030038,
    0.4983615510649918,
    0.3855816493719279,
    0.2777170944838886,
    0.19115237575095576,
    0.09448388858547242
  ],
  "average_interval_sizes": [
    0.36899999999999983,
    0.28900000000000015,
    0.22799999999999992,
    0.187,
    0.14799999999999994,
    0.11200000000000002,
    0.07799999999999983,
    0.054000000000000055,
    0.02500000000000002
  ]
}