{
  "pearson_correlation": 0.6710118699340555,
  "p_value": 0.0,
  "mae": 1.1118672978558846,
  "rmse": 1.3792875683520023,
  "r2": 0.21931061479859615,
  "mse": 1.9024341962103795,
  "alpha": [
    0.1,
    0.2,
    0.3,
    0.4,
    0.5,
    0.6,
    0.7,
    0.8,
    0.9
  ],
  "coverages": [
    0.9019444444444444,
    0.7894444444444444,
    0.6927777777777778,
    0.5936111111111111,
    0.5038888888888889,
    0.3811111111111111,
    0.3111111111111111,
    0.22361111111111112,
    0.08944444444444444
  ],
  "average_interval_sizes": [
    4.100000000000001,
    3.2903333333299987,
    2.7670000000000003,
    2.343,
    1.9499999999999995,
    1.4540000000000004,
    1.1289999999999996,
    0.7300000000000002,
    0.27099999999999996
  ]
}