{
  "pearson_correlation": 0.8839090682552078,
  "p_value": 3.740415498246295e-280,
  "mae": 0.08349407582938388,
  "rmse": 0.10501794588233943,
  "r2": 0.7606632039844354,
  "mse": 0.011028768957345973,
  "alpha": [
    0.1,
    0.2,
    0.3,
    0.4,
    0.5,
    0.6,
    0.7,
    0.8,
    0.9
  ],
  "coverages": [
    0.9158767772511849,
    0.7879146919431279,
    0.6765402843601895,
    0.5509478672985783,
    0.4881516587677725,
    0.41350710900473936,
    0.28791469194312796,
    0.20853080568720378,
    0.07109004739336493
  ],
  "average_interval_sizes": [
    0.359,
    0.25700000000000006,
    0.2030000000000001,
    0.1559999999999999,
    0.13,
    0.10900000000000008,
    0.07600000000000003,
    0.050000000000000044,
    0.016000000000000014
  ]
}