{
  "accuracy": 0.48398576512455516,
  "micro_f1": 0.48398576512455516,
  "macro_f1": 0.43556021930803235,
  "macro_average": null,
  "per_emotion_pearson": null,
  "average_pearson": 0.8434688768884557,
  "ece": 0.08854429994006328,
  "mcale": 0.44538961516486275,
  "brier_score": 0.0783049498663814,
  "mean_prediction": 0.48301338632576984,
  "alpha": [
    0.1,
    0.2,
    0.3,
    0.4,
    0.5,
    0.6,
    0.7,
    0.8,
    0.9
  ],
  "coverage": [
    1.0,
    0.8837485172004745,
    0.7461447212336892,
    0.5895610913404508,
    0.4638196915776987,
    0.38552787663107946,
    0.34638196915776986,
    0.1981020166073547,
    0.07947805456702253
  ],
  "psize": [
    7.0,
    2.7247924080664294,
    1.8695136417556346,
    1.2906287069988138,
    0.8979833926453143,
    0.7093712930011863,
    0.6156583629893239,
    0.2941874258600237,
    0.099644128113879
  ],
  "ace": 0.039976275207591935,
  "mcove": 0.09999999999999998
}