{
  "accuracy": 0.49228944246737844,
  "micro_f1": 0.49228944246737844,
  "macro_f1": 0.44893116037515374,
  "macro_average": null,
  "per_emotion_pearson": null,
  "average_pearson": 0.8396941856978544,
  "ece": 0.08759112455575478,
  "mcale": 0.44754487016926636,
  "brier_score": 0.07885922372866161,
  "mean_prediction": 0.4867855647978479,
  "alpha": [
    0.1,
    0.2,
    0.3,
    0.4,
    0.5,
    0.6,
    0.7,
    0.8,
    0.9
  ],
  "coverage": [
    0.863582443653618,
    0.7603795966785291,
    0.7212336892052195,
    0.6322657176749703,
    0.4958481613285884,
    0.46026097271648875,
    0.36061684460260973,
    0.24673784104389088,
    0.13167259786476868
  ],
  "psize": [
    2.6370106761565837,
    1.9857651245551602,
    1.7627520759193358,
    1.3997627520759193,
    0.9750889679715302,
    0.8849347568208779,
    0.6358244365361803,
    0.39383155397390274,
    0.16844602609727166
  ],
  "ace": 0.036997495716356944,
  "mcove": 0.06061684460260969
}