{
  "pearson_correlation": 0.8646695018991813,
  "p_value": 1.1024477853536766e-253,
  "mae": 0.08476868327402136,
  "rmse": 0.1089302452914916,
  "r2": 0.7407371018613125,
  "mse": 0.01186579833926453,
  "alpha": [
    0.1,
    0.2,
    0.3,
    0.4,
    0.5,
    0.6,
    0.7,
    0.8,
    0.9
  ],
  "coverages": [
    0.9217081850533808,
    0.8196915776986952,
    0.7603795966785291,
    0.7034400948991696,
    0.6192170818505338,
    0.47805456702253857,
    0.3914590747330961,
    0.20877817319098457,
    0.12811387900355872
  ],
  "average_interval_sizes": [
    0.38299999999999995,
    0.2850000000000001,
    0.2479999999999999,
    0.216,
    0.182,
    0.1360000000000001,
    0.1030000000000001,
    0.051000000000000045,
    0.028000000000000025
  ]
}