{
  "accuracy": 0.23983739837398374,
  "micro_f1": 0.23983739837398374,
  "macro_f1": 0.17304370396736413,
  "macro_average": null,
  "per_emotion_pearson": null,
  "average_pearson": 0.6421413985273909,
  "ece": 0.1168615830624859,
  "mcale": 0.4521864097897369,
  "brier_score": 0.054526403337175636,
  "mean_prediction": 0.2304084869663773,
  "alpha": [
    0.1,
    0.2,
    0.3,
    0.4,
    0.5,
    0.6,
    0.7,
    0.8,
    0.9
  ],
  "coverage": [
    0.9024390243902439,
    0.8211382113821138,
    0.7367886178861789,
    0.614329268292683,
    0.5523373983739838,
    0.4563008130081301,
    0.31910569105691056,
    0.16717479674796748,
    0.06351626016260163
  ],
  "psize": [
    3.874491869918699,
    3.4359756097560976,
    3.108739837398374,
    2.66260162601626,
    2.3846544715447155,
    1.926321138211382,
    1.3323170731707317,
    0.7195121951219512,
    0.2540650406504065
  ],
  "ace": 0.030194218608852755,
  "mcove": 0.05630081300813006
}