{
  "accuracy": 0.2459349593495935,
  "micro_f1": 0.2459349593495935,
  "macro_f1": 0.17765611547599422,
  "macro_average": null,
  "per_emotion_pearson": null,
  "average_pearson": 0.6511838184148491,
  "ece": 0.11707714119406007,
  "mcale": 0.44916512072086334,
  "brier_score": 0.05349608224978955,
  "mean_prediction": 0.23357935496290283,
  "alpha": [
    0.1,
    0.2,
    0.3,
    0.4,
    0.5,
    0.6,
    0.7,
    0.8,
    0.9
  ],
  "coverage": [
    0.926829268292683,
    0.8389227642276422,
    0.7677845528455285,
    0.6382113821138211,
    0.5492886178861789,
    0.4425813008130081,
    0.3475609756097561,
    0.241869918699187,
    0.12957317073170732
  ],
  "psize": [
    4.014227642276423,
    3.481707317073171,
    3.1935975609756095,
    2.741869918699187,
    2.370426829268293,
    1.8592479674796747,
    1.4329268292682926,
    0.991869918699187,
    0.5350609756097561
  ],
  "ace": 0.04251355013550136,
  "mcove": 0.06778455284552853
}