{
  "pearson_correlation": 0.8094069557419175,
  "p_value": 0.0,
  "mae": 0.13473594067370537,
  "rmse": 0.16233508619907755,
  "r2": 0.5986609837879964,
  "mse": 0.02635268021126194,
  "alpha": [
    0.1,
    0.2,
    0.3,
    0.4,
    0.5,
    0.6,
    0.7,
    0.8,
    0.9
  ],
  "coverages": [
    0.8637506284565108,
    0.8069381598793364,
    0.7310206133735545,
    0.6390145801910507,
    0.5238813474107592,
    0.4278531925590749,
    0.33886375062845653,
    0.2709904474610357,
    0.1649069884364002
  ],
  "average_interval_sizes": [
    0.47122599999999987,
    0.41800000000000004,
    0.36767000000000016,
    0.3149999999999999,
    0.2555580000000001,
    0.21356000000000006,
    0.16667000000000015,
    0.14078,
    0.07989000000000002
  ]
}