{
  "pearson_correlation": 0.30251778530790896,
  "p_value": 1.9849826063561234e-25,
  "mae": 1.1656296296296296,
  "rmse": 1.3030695202494664,
  "r2": -23.943907131981423,
  "mse": 1.6979901746031747,
  "alpha": [
    0.1,
    0.2,
    0.3,
    0.4,
    0.5,
    0.6,
    0.7,
    0.8,
    0.9
  ],
  "coverages": [
    0.9153439153439153,
    0.8350970017636684,
    0.7028218694885362,
    0.644620811287478,
    0.5405643738977073,
    0.48236331569664903,
    0.37037037037037035,
    0.2768959435626102,
    0.14638447971781304
  ],
  "average_interval_sizes": [
    1.9580000000000002,
    1.517,
    1.287,
    1.2030000000000003,
    1.1299999999999997,
    1.0169999999999997,
    0.8829999999999997,
    0.768,
    0.2749999999999997
  ]
}