{
  "accuracy": 0.18015963511972635,
  "ece": 0.06061815417282146,
  "mcale": 0.3288135551056772,
  "brier_score": 0.028405222235762882,
  "mean_prediction": 0.1920841596248242,
  "alpha": [
    0.1,
    0.2,
    0.3,
    0.4,
    0.5,
    0.6,
    0.7,
    0.8,
    0.9
  ],
  "coverage": [
    0.9156214367160775,
    0.830672748004561,
    0.7326111744583809,
    0.6419612314709237,
    0.5199543899657925,
    0.4122006841505131,
    0.3181299885974915,
    0.16248574686431014,
    0.08608893956670467
  ],
  "psize": [
    4.095210946408209,
    3.6972633979475487,
    3.1966932725199544,
    2.7947548460661347,
    2.362599771949829,
    1.974914481185861,
    1.6054732041049031,
    0.8962371721778791,
    0.44013683010262256
  ],
  "ace": 0.024730774103636128,
  "mcove": 0.04196123147092368
}