{
  "accuracy": 0.19228587634713556,
  "micro_f1": 0.19228587634713556,
  "macro_f1": 0.16119541853147812,
  "macro_average": null,
  "per_emotion_pearson": null,
  "average_pearson": 0.7229473002177778,
  "ece": 0.08616413249650387,
  "mcale": 0.4504249497901561,
  "brier_score": 0.029306690517510392,
  "mean_prediction": 0.1948804700001632,
  "alpha": [
    0.1,
    0.2,
    0.3,
    0.4,
    0.5,
    0.6,
    0.7,
    0.8,
    0.9
  ],
  "coverage": [
    0.8701077708451503,
    0.7685762904140669,
    0.680090754395916,
    0.5876347135564379,
    0.5127623369256948,
    0.38003403289846854,
    0.28984685195689164,
    0.1650595575723199,
    0.06693136698808849
  ],
  "psize": [
    3.9188882586500284,
    3.4129325014180374,
    2.9750425411230856,
    2.629041406693137,
    2.347702779353375,
    1.8377765173000566,
    1.4917753828701077,
    0.8837209302325582,
    0.33352240499149177
  ],
  "ace": 0.022720110922039446,
  "mcove": 0.034940442427680046
}