{
  "accuracy": 0.1883153715258083,
  "micro_f1": 0.1883153715258083,
  "macro_f1": 0.15777920125280293,
  "macro_average": null,
  "per_emotion_pearson": null,
  "average_pearson": 0.7219544925654384,
  "ece": 0.08411509995008895,
  "mcale": 0.45209192502789386,
  "brier_score": 0.02864265436436728,
  "mean_prediction": 0.1942741382979704,
  "alpha": [
    0.1,
    0.2,
    0.3,
    0.4,
    0.5,
    0.6,
    0.7,
    0.8,
    0.9
  ],
  "coverage": [
    0.8570618264322178,
    0.7396483267158253,
    0.6670448099829835,
    0.5757231990924561,
    0.4951786727169597,
    0.40499149177538285,
    0.22461712989222915,
    0.1605218377765173,
    0.08508224617129892
  ],
  "psize": [
    3.845150311968236,
    3.2671582529778784,
    2.9313669880884854,
    2.59103800340329,
    2.2637549631310265,
    1.9347702779353375,
    1.2359614293817356,
    0.8621667612024957,
    0.4248440158820193
  ],
  "ace": 0.0333459381105439,
  "mcove": 0.0753828701077709
}