{
  "accuracy": 0.5901146914254506,
  "micro_f1": 0.5901146914254506,
  "macro_f1": 0.5586005376004473,
  "macro_average": 0.7531705723135318,
  "per_emotion_pearson": {
    "anger": 0.735050164465756,
    "fear": 0.7545753542966358,
    "sadness": 0.7600846792754614,
    "joy": 0.7629720912162742
  },
  "average_pearson": 0.7637400654191713,
  "ece": 0.047542145230668686,
  "mcale": 0.4526784331240552,
  "brier_score": 0.015653376759109723,
  "mean_prediction": 0.5852129271672933,
  "alpha": [
    0.1,
    0.2,
    0.3,
    0.4,
    0.5,
    0.6,
    0.7,
    0.8,
    0.9
  ],
  "coverage": [
    0.9046968869470234,
    0.7938285090114692,
    0.71600218459858,
    0.6234298197706172,
    0.5057345712725286,
    0.372200983069361,
    0.2539595849262698,
    0.17613326051338066,
    0.09202621518296013
  ],
  "psize": [
    2.228563626433643,
    1.6570180229382852,
    1.3732932823593664,
    1.0977607864554888,
    0.7957400327689788,
    0.50600764609503,
    0.3006553795740033,
    0.19442927362097215,
    0.09639541234298198
  ],
  "ace": 0.01796832332058984,
  "mcove": 0.046040415073730245
}