{
  "accuracy": 0.5846531949754232,
  "micro_f1": 0.5846531949754232,
  "macro_f1": 0.5521385747847338,
  "macro_average": 0.7540683917094173,
  "per_emotion_pearson": {
    "sadness": 0.7626186270694093,
    "joy": 0.7627543860816144,
    "fear": 0.7492954404641015,
    "anger": 0.741605113222544
  },
  "average_pearson": 0.7645034868483902,
  "ece": 0.04805683157498325,
  "mcale": 0.45201545066021853,
  "brier_score": 0.01612157710332179,
  "mean_prediction": 0.5815738792971626,
  "alpha": [
    0.1,
    0.2,
    0.3,
    0.4,
    0.5,
    0.6,
    0.7,
    0.8,
    0.9
  ],
  "coverage": [
    0.9085199344620426,
    0.801201529219006,
    0.7149098853085746,
    0.5715456034953578,
    0.4792463134898962,
    0.3836701256144184,
    0.3047515019115238,
    0.23238667394866194,
    0.09503003823047515
  ],
  "psize": [
    2.2373020207536864,
    1.6829601310759148,
    1.3689240851993447,
    0.9675040961223376,
    0.7367558711086838,
    0.530584380120153,
    0.3746586564718733,
    0.2684325505188422,
    0.10076460950300382
  ],
  "ace": 0.014697493779962371,
  "mcove": 0.03238667394866199
}