{
  "accuracy": 0.25289089994972347,
  "micro_f1": 0.25289089994972347,
  "macro_f1": 0.21000522192226811,
  "macro_average": null,
  "per_emotion_pearson": null,
  "average_pearson": 0.7514633435679217,
  "ece": 0.11481713232302614,
  "mcale": 0.4465992426872254,
  "brier_score": 0.05052715777776732,
  "mean_prediction": 0.26151501259903437,
  "alpha": [
    0.1,
    0.2,
    0.3,
    0.4,
    0.5,
    0.6,
    0.7,
    0.8,
    0.9
  ],
  "coverage": [
    0.8783308195072901,
    0.7963800904977375,
    0.7154348919054802,
    0.59175465057818,
    0.48014077425842133,
    0.39064856711915535,
    0.2584213172448467,
    0.1830065359477124,
    0.09502262443438914
  ],
  "psize": [
    3.4710910005027653,
    3.1121166415284063,
    2.7838109602815484,
    2.2926093514328807,
    1.8582202111613877,
    1.523881347410759,
    1.0060331825037707,
    0.7149321266968326,
    0.31121166415284063
  ],
  "ace": 0.015747723590860862,
  "mcove": 0.04157868275515336
}