{
  "accuracy": 0.25087983911513323,
  "micro_f1": 0.25087983911513323,
  "macro_f1": 0.20901655530298074,
  "macro_average": null,
  "per_emotion_pearson": null,
  "average_pearson": 0.7434132397150416,
  "ece": 0.11370060332484294,
  "mcale": 0.4487300061931213,
  "brier_score": 0.05022916902294377,
  "mean_prediction": 0.259895407093536,
  "alpha": [
    0.1,
    0.2,
    0.3,
    0.4,
    0.5,
    0.6,
    0.7,
    0.8,
    0.9
  ],
  "coverage": [
    0.9150326797385621,
    0.7933634992458521,
    0.6752136752136753,
    0.5671191553544495,
    0.43790849673202614,
    0.3539467068878834,
    0.2629462041226747,
    0.17295123177476118,
    0.08949220713926596
  ],
  "psize": [
    3.6314731020613373,
    3.1040723981900453,
    2.629462041226747,
    2.2036199095022626,
    1.7003519356460532,
    1.4027149321266967,
    1.0311714429361487,
    0.681246857717446,
    0.27249874308697836
  ],
  "ace": 0.029121278140885973,
  "mcove": 0.06209150326797386
}