{
  "pearson_correlation": 0.28763584592984165,
  "p_value": 2.7472868683921437e-43,
  "mae": 0.7208581142339077,
  "rmse": 0.8087909383507556,
  "r2": -8.039403008846262,
  "mse": 0.6541427819582957,
  "alpha": [
    0.1,
    0.2,
    0.3,
    0.4,
    0.5,
    0.6,
    0.7,
    0.8,
    0.9
  ],
  "coverages": [
    0.9465095194922938,
    0.8476881233000907,
    0.7339075249320036,
    0.6251133272892112,
    0.5689029918404351,
    0.40072529465095197,
    0.2470534904805077,
    0.16772438803263826,
    0.0829555757026292
  ],
  "average_interval_sizes": [
    2.3000000000000007,
    1.9200000000000002,
    1.6099999999999994,
    1.4000000000000004,
    1.2199999999999998,
    0.8249999999999995,
    0.42800000000000044,
    0.2689999999999997,
    0.10000000000000012
  ]
}