{
  "accuracy": 0.6004915346805024,
  "micro_f1": 0.6004915346805024,
  "macro_f1": 0.5700373333201434,
  "macro_average": 0.7640064491786256,
  "per_emotion_pearson": {
    "fear": 0.7628204277485984,
    "joy": 0.7811626244362047,
    "sadness": 0.7580950254228414,
    "anger": 0.7539477191068577
  },
  "average_pearson": 0.7761175135188267,
  "ece": 0.06171780072932123,
  "mcale": 0.4461468004045033,
  "brier_score": 0.019100707002648015,
  "mean_prediction": 0.5968585752020146,
  "alpha": [
    0.1,
    0.2,
    0.3,
    0.4,
    0.5,
    0.6,
    0.7,
    0.8,
    0.9
  ],
  "coverage": [
    0.9221736755871108,
    0.829601310759148,
    0.7288367012561442,
    0.6515565264882578,
    0.5316766794101584,
    0.4071545603495358,
    0.307209175314036,
    0.1862370289459312,
    0.08137629710540688
  ],
  "psize": [
    2.1739486619333697,
    1.6982523211359912,
    1.3446204259967232,
    1.1327143637356636,
    0.8290551611141452,
    0.5608956854178044,
    0.3711086837793555,
    0.20152921900600765,
    0.08410704533042053
  ],
  "ace": 0.023399478123672532,
  "mcove": 0.051556526488257814
}