{
  "accuracy": 0.6021299836155106,
  "micro_f1": 0.6021299836155106,
  "macro_f1": 0.5728333627359288,
  "macro_average": 0.7658412663745643,
  "per_emotion_pearson": {
    "anger": 0.7527776182114884,
    "fear": 0.7729700111245782,
    "sadness": 0.7579296054813741,
    "joy": 0.7796878306808167
  },
  "average_pearson": 0.775577504697559,
  "ece": 0.06151423278972862,
  "mcale": 0.44549856094213636,
  "brier_score": 0.018947799914191845,
  "mean_prediction": 0.5976681965724885,
  "alpha": [
    0.1,
    0.2,
    0.3,
    0.4,
    0.5,
    0.6,
    0.7,
    0.8,
    0.9
  ],
  "coverage": [
    0.9107045330420536,
    0.8350628072091754,
    0.7386673948661934,
    0.64800655379574,
    0.5521572910977608,
    0.4298197706171491,
    0.3052976515565265,
    0.21190606226105954,
    0.1119606772255598
  ],
  "psize": [
    2.1196067722555982,
    1.7326597487711632,
    1.373566357181868,
    1.1201529219006008,
    0.8823047515019116,
    0.611414527580557,
    0.3637356635718187,
    0.2304751501911524,
    0.11714909885308575
  ],
  "ace": 0.027064749074579782,
  "mcove": 0.052157291097760794
}