{
  "accuracy": 0.46144721233689207,
  "micro_f1": 0.46144721233689207,
  "macro_f1": 0.4182998969649976,
  "macro_average": null,
  "per_emotion_pearson": null,
  "average_pearson": 0.8266820711206773,
  "ece": 0.051440267196185496,
  "mcale": 0.4537452757358551,
  "brier_score": 0.017786088131800507,
  "mean_prediction": 0.45297907421554706,
  "alpha": [
    0.1,
    0.2,
    0.3,
    0.4,
    0.5,
    0.6,
    0.7,
    0.8,
    0.9
  ],
  "coverage": [
    0.8268090154211151,
    0.7295373665480427,
    0.6405693950177936,
    0.5788849347568209,
    0.4792408066429419,
    0.3807829181494662,
    0.3084223013048636,
    0.20047449584816132,
    0.11387900355871886
  ],
  "psize": [
    3.4056939501779357,
    2.190984578884935,
    1.5705812574139977,
    1.3523131672597866,
    1.0521945432977462,
    0.7912218268090154,
    0.6037959667852907,
    0.3748517200474496,
    0.19691577698695137
  ],
  "ace": 0.03188348490839594,
  "mcove": 0.07319098457888495
}