{
  "accuracy": 0.45907473309608543,
  "ece": 0.044495925586806095,
  "mcale": 0.29795494476954143,
  "brier_score": 0.016787585391152313,
  "mean_prediction": 0.4499327855887559,
  "alpha": [
    0.1,
    0.2,
    0.3,
    0.4,
    0.5,
    0.6,
    0.7,
    0.8,
    0.9
  ],
  "coverage": [
    1.0,
    0.7769869513641756,
    0.66785290628707,
    0.5931198102016607,
    0.4294187425860024,
    0.3748517200474496,
    0.25741399762752076,
    0.16251482799525505,
    0.07829181494661921
  ],
  "psize": [
    7.0,
    2.487544483985765,
    1.734282325029656,
    1.453143534994069,
    0.9276393831553974,
    0.7829181494661922,
    0.501779359430605,
    0.2930011862396204,
    0.12336892052194544
  ],
  "ace": 0.03994991432713852,
  "mcove": 0.09999999999999998
}