{
  "accuracy": 0.46144721233689207,
  "micro_f1": 0.46144721233689207,
  "macro_f1": 0.418482747856953,
  "macro_average": null,
  "per_emotion_pearson": null,
  "average_pearson": 0.8316183620894468,
  "ece": 0.05190351671045363,
  "mcale": 0.45202071558345447,
  "brier_score": 0.017119550697248173,
  "mean_prediction": 0.45608726775110126,
  "alpha": [
    0.1,
    0.2,
    0.3,
    0.4,
    0.5,
    0.6,
    0.7,
    0.8,
    0.9
  ],
  "coverage": [
    1.0,
    0.8090154211150652,
    0.7354685646500593,
    0.6156583629893239,
    0.49940688018979834,
    0.4483985765124555,
    0.32265717674970346,
    0.23962040332147094,
    0.1055753262158956
  ],
  "psize": [
    7.0,
    2.889679715302491,
    2.1743772241992882,
    1.4922894424673785,
    1.0937129300118624,
    0.9478054567022538,
    0.6500593119810202,
    0.4543297746144721,
    0.18030842230130487
  ],
  "ace": 0.030776327929352833,
  "mcove": 0.09999999999999998
}