{
  "pearson_correlation": 0.8150403284740831,
  "p_value": 0.0,
  "mae": 0.1426930749120161,
  "rmse": 0.1694566620995307,
  "r2": 0.5626754227503883,
  "mse": 0.028715560329914527,
  "alpha": [
    0.1,
    0.2,
    0.3,
    0.4,
    0.5,
    0.6,
    0.7,
    0.8,
    0.9
  ],
  "coverages": [
    0.9155354449472096,
    0.8340874811463047,
    0.7229763700351935,
    0.6561085972850679,
    0.563097033685269,
    0.40120663650075417,
    0.27853192559074913,
    0.1820010055304173,
    0.08597285067873303
  ],
  "average_interval_sizes": [
    0.5392200000000001,
    0.4498899999999999,
    0.386226,
    0.35522999999999993,
    0.30111,
    0.219,
    0.15955999999999995,
    0.10055999999999998,
    0.04656
  ]
}