{
  "mse": 0.7537896985472156,
  "rmse": 0.8682106302892263,
  "mae": 0.7763506860371268,
  "confidences": [
    0.9,
    0.8,
    0.7,
    0.6,
    0.5,
    0.4,
    0.30000000000000004,
    0.19999999999999996,
    0.09999999999999998
  ],
  "coverages": [
    0.9136400322841001,
    0.8252623083131557,
    0.6997578692493946,
    0.6057304277643261,
    0.4850686037126715,
    0.45682001614205003,
    0.2994350282485876,
    0.2397094430992736,
    0.07384987893462469
  ],
  "average_interval_sizes": [
    1.5199999999999998,
    1.1299999999999997,
    0.859,
    0.6500000000000002,
    0.45000000000000023,
    0.3959999999999999,
    0.31400000000000006,
    0.19999999999999976,
    0.05000000000000028
  ]
}