{
  "pearson_correlation": 0.24171902913547796,
  "p_value": 3.6982460506459517e-34,
  "mae": 0.7714167679222357,
  "rmse": 0.8643255170553331,
  "r2": -10.243124358825371,
  "mse": 0.7470585994329689,
  "alpha": [
    0.1,
    0.2,
    0.3,
    0.4,
    0.5,
    0.6,
    0.7,
    0.8,
    0.9
  ],
  "coverages": [
    0.9023896314297286,
    0.7594167679222357,
    0.6362899959497772,
    0.5609558525718914,
    0.4507897934386391,
    0.4159578776832726,
    0.3604698258404212,
    0.18914540299716484,
    0.13082219522073715
  ],
  "average_interval_sizes": [
    1.4400000000000006,
    0.9340000000000005,
    0.7100000000000005,
    0.5800000000000001,
    0.3959999999999999,
    0.3799999999999999,
    0.2999999999999998,
    0.1800000000000002,
    0.10000000000000009
  ]
}