{
  "pearson_correlation": 0.8338957391483923,
  "p_value": 0.0,
  "mae": 0.12752405015511892,
  "rmse": 0.15697426189266556,
  "r2": 0.6179382957536331,
  "mse": 0.024640918896747157,
  "alpha": [
    0.1,
    0.2,
    0.3,
    0.4,
    0.5,
    0.6,
    0.7,
    0.8,
    0.9
  ],
  "coverages": [
    0.9012409513960703,
    0.7605997931747673,
    0.6349534643226473,
    0.5444674250258531,
    0.4906928645294726,
    0.40020682523267836,
    0.32368148914167527,
    0.21768355739400208,
    0.09617373319544985
  ],
  "average_interval_sizes": [
    0.47856,
    0.35456000000000015,
    0.2783400000000001,
    0.23754999999999982,
    0.21145000000000008,
    0.16799999999999995,
    0.13333,
    0.09099999999999998,
    0.043450000000000086
  ]
}