{
  "jaccard_index": 0.5805274138294936,
  "f1_micro": 0.6899040098032542,
  "f1_macro": 0.5312419683479388,
  "jaccard_similarity": 0.5784675206598153,
  "ece": 0.2805298816605339,
  "mcale": 0.29923096551906364,
  "mean_confidence": 0.85871046415295,
  "alpha": [
    0.1,
    0.2,
    0.3,
    0.4,
    0.5,
    0.6,
    0.7,
    0.8,
    0.9
  ],
  "coverage": [
    0.7531537674735765,
    0.5847255369928401,
    0.4507330378452097,
    0.3433344698261166,
    0.2693487896351858,
    0.19127173542448006,
    0.12376406409819297,
    0.08421411524036822,
    0.039890896692806
  ],
  "psize": [
    5.372655983634504,
    3.961472894647119,
    3.1974087964541424,
    2.536651892260484,
    1.9757927037163314,
    1.4176610978520285,
    1.0150017047391748,
    0.6900784180020457,
    0.32935560859188545
  ],
  "ace": 0.18439595408569154,
  "mcove": 0.2566655301738834
}