{
  "accuracy": 0.5662393162393162,
  "micro_f1": 0.5662393162393162,
  "macro_f1": 0.2416780665754674,
  "macro_average": null,
  "per_emotion_pearson": null,
  "average_pearson": -0.03263681675699971,
  "ece": 0.048044105356788935,
  "mcale": 0.3637381331487135,
  "brier_score": 0.05576970574433374,
  "mean_prediction": 0.5487924820409862,
  "alpha": [
    0.1,
    0.2,
    0.3,
    0.4,
    0.5,
    0.6,
    0.7,
    0.8,
    0.9
  ],
  "coverage": [
    0.9508547008547008,
    0.8675213675213675,
    0.7905982905982906,
    0.6623931623931624,
    0.5747863247863247,
    0.532051282051282,
    0.3525641025641026,
    0.27350427350427353,
    0.10042735042735043
  ],
  "psize": [
    2.735042735042735,
    2.235042735042735,
    1.8418803418803418,
    1.311965811965812,
    1.0405982905982907,
    0.938034188034188,
    0.5534188034188035,
    0.4230769230769231,
    0.13675213675213677
  ],
  "ace": 0.0671889838556505,
  "mcove": 0.13205128205128203
}