{
  "accuracy": 0.5576923076923077,
  "micro_f1": 0.5576923076923077,
  "macro_f1": 0.2393397524071527,
  "macro_average": null,
  "per_emotion_pearson": null,
  "average_pearson": -0.035126379388841174,
  "ece": 0.04718144618329042,
  "mcale": 0.36437069285999646,
  "brier_score": 0.05796625492731554,
  "mean_prediction": 0.5380780501653424,
  "alpha": [
    0.1,
    0.2,
    0.3,
    0.4,
    0.5,
    0.6,
    0.7,
    0.8,
    0.9
  ],
  "coverage": [
    0.8867521367521367,
    0.8055555555555556,
    0.717948717948718,
    0.594017094017094,
    0.3974358974358974,
    0.29273504273504275,
    0.21794871794871795,
    0.1581196581196581,
    0.0405982905982906
  ],
  "psize": [
    2.4166666666666665,
    1.9615384615384615,
    1.5833333333333333,
    1.1324786324786325,
    0.6688034188034188,
    0.46153846153846156,
    0.33760683760683763,
    0.2329059829059829,
    0.05555555555555555
  ],
  "ace": 0.04843304843304844,
  "mcove": 0.10726495726495727
}