{
  "mse": 0.02603923145137922,
  "rmse": 0.1613667606769722,
  "mae": 0.13387599243570347,
  "confidences": [
    0.9,
    0.8,
    0.7,
    0.6,
    0.5,
    0.4,
    0.30000000000000004,
    0.19999999999999996,
    0.09999999999999998
  ],
  "coverages": [
    0.9152798789712556,
    0.7922339889056984,
    0.7160867372667675,
    0.6243066061522945,
    0.546142208774584,
    0.42612203731719617,
    0.3373676248108926,
    0.2032274331820474,
    0.14725163893091275
  ],
  "average_interval_sizes": [
    0.534558,
    0.4145499999999999,
    0.36022000000000004,
    0.30944999999999995,
    0.26388999999999996,
    0.2055500000000001,
    0.16444,
    0.09956000000000002,
    0.06634000000000007
  ]
}