{
  "pearson_correlation": 0.8215390519394495,
  "p_value": 0.0,
  "mae": 0.13329439101917256,
  "rmse": 0.16044454067541658,
  "r2": 0.6054534595486664,
  "mse": 0.02574245063254541,
  "alpha": [
    0.1,
    0.2,
    0.3,
    0.4,
    0.5,
    0.6,
    0.7,
    0.8,
    0.9
  ],
  "coverages": [
    0.942986881937437,
    0.851664984863774,
    0.7759838546922301,
    0.6841574167507568,
    0.5766902119071645,
    0.45509586276488395,
    0.35519677093844604,
    0.2512613521695257,
    0.12058526740665994
  ],
  "average_interval_sizes": [
    0.5739999999999998,
    0.45366999999999985,
    0.39522,
    0.33845000000000003,
    0.27711,
    0.22400000000000006,
    0.1746600000000001,
    0.12143999999999985,
    0.055000000000000056
  ]
}