{
  "pearson_correlation": 0.7960921839290539,
  "p_value": 0.0,
  "mae": 0.09032714363735664,
  "rmse": 0.11406528451558812,
  "r2": 0.6206362646738715,
  "mse": 0.013010889131622065,
  "alpha": [
    0.1,
    0.2,
    0.3,
    0.4,
    0.5,
    0.6,
    0.7,
    0.8,
    0.9
  ],
  "coverages": [
    0.8880393227744402,
    0.8074822501365374,
    0.7119060622610596,
    0.6223375204806116,
    0.5322228290551612,
    0.43200436919716,
    0.3074822501365374,
    0.21108683779355544,
    0.09557618787547788
  ],
  "average_interval_sizes": [
    0.36000000000000004,
    0.2930000000000001,
    0.237,
    0.1959999999999999,
    0.16199999999999998,
    0.12799999999999995,
    0.08800000000000002,
    0.05800000000000005,
    0.027000000000000027
  ]
}