{
  "jaccard_index": 0.39553412665845983,
  "f1_micro": 0.43305785123966944,
  "f1_macro": 0.36861261423617864,
  "jaccard_similarity": 0.295181917658323,
  "ece": 0.45079192485505315,
  "mcale": 0.5990476779752418,
  "mean_confidence": 0.7420898898936643,
  "alpha": [
    0.1,
    0.2,
    0.3,
    0.4,
    0.5,
    0.6,
    0.7,
    0.8,
    0.9
  ],
  "coverage": [
    0.7260976610586787,
    0.647517439474764,
    0.5707837505129257,
    0.47722609766105867,
    0.41546983996717274,
    0.33299138284776364,
    0.2554370127205581,
    0.1631103816167419,
    0.09540418547394337
  ],
  "psize": [
    3.0845301600328274,
    2.321707016823964,
    1.8188346327451785,
    1.4144439885104636,
    1.1762412802626179,
    0.8896183832581043,
    0.6538777185063602,
    0.4084940500615511,
    0.2154288059089044
  ],
  "ace": 0.0906624720740437,
  "mcove": 0.17390233894132134
}