{
  "jaccard_similarity": 0.5710155159541662,
  "ece": 0.2962476103840139,
  "mcale": 0.31012159648605253,
  "mean_confidence": 0.8670793856767747,
  "alpha": [
    0.1,
    0.2,
    0.3,
    0.4,
    0.5,
    0.6,
    0.7,
    0.8,
    0.9
  ],
  "coverage": [
    0.7539195637355146,
    0.5940695296523517,
    0.45228357191547375,
    0.37082481254260397,
    0.2791411042944785,
    0.21029311520109067,
    0.14519427402862986,
    0.09202453987730061,
    0.03783231083844581
  ],
  "psize": [
    5.410702113156101,
    4.240627130197683,
    3.3231083844580778,
    2.8374233128834354,
    2.2948193592365373,
    1.8486707566462168,
    1.30879345603272,
    0.901840490797546,
    0.39775051124744376
  ],
  "ace": 0.17382413087934562,
  "mcove": 0.2477164280845262
}