{
  "jaccard_index": 0.5741961741961742,
  "f1_micro": 0.6858173944424395,
  "f1_macro": 0.5162446036769633,
  "jaccard_similarity": 0.5717232397232398,
  "ece": 0.2994946960613171,
  "mcale": 0.3180453717875288,
  "mean_confidence": 0.8706604556767349,
  "alpha": [
    0.1,
    0.2,
    0.3,
    0.4,
    0.5,
    0.6,
    0.7,
    0.8,
    0.9
  ],
  "coverage": [
    0.736068376068376,
    0.5538461538461539,
    0.4116239316239316,
    0.3186324786324786,
    0.24034188034188034,
    0.16854700854700855,
    0.11863247863247864,
    0.07692307692307693,
    0.037606837606837605
  ],
  "psize": [
    5.309059829059829,
    3.862222222222222,
    2.999316239316239,
    2.4417094017094017,
    1.8721367521367522,
    1.3695726495726497,
    0.907008547008547,
    0.5651282051282052,
    0.31145299145299143
  ],
  "ace": 0.20419753086419754,
  "mcove": 0.28837606837606833
}