{
  "accuracy": 0.6030617823947513,
  "micro_f1": 0.603335155822854,
  "macro_f1": 0.5690750302850237,
  "macro_average": 0.7417533280453334,
  "per_emotion_pearson": {
    "fear": 0.7111041179305717,
    "sadness": 0.7459462106475944,
    "anger": 0.7405180840306588,
    "joy": 0.7694448995725092
  },
  "average_pearson": 0.7536767432405365,
  "ece": 0.041758248046109434,
  "mcale": 0.45146202899160837,
  "brier_score": 0.013081780554151589,
  "mean_prediction": 0.5976061388311641,
  "alpha": [
    0.1,
    0.2,
    0.3,
    0.4,
    0.5,
    0.6,
    0.7,
    0.8,
    0.9
  ],
  "coverage": [
    0.8652268999453253,
    0.7504100601421542,
    0.6724986331328595,
    0.5749043193001641,
    0.47102241662110444,
    0.3706943685073811,
    0.28403499179879715,
    0.19901585565882995,
    0.11016949152542373
  ],
  "psize": [
    2.10196828868234,
    1.5169491525423728,
    1.209404045926736,
    0.9259158009841444,
    0.6965554948059048,
    0.5221432476763258,
    0.37807545106615636,
    0.25615090213231273,
    0.14106068890103882
  ],
  "ace": 0.02470688293542312,
  "mcove": 0.04958993985784588
}