{
  "accuracy": 0.6060688901038819,
  "micro_f1": 0.6066156369600875,
  "macro_f1": 0.5715491826475092,
  "macro_average": 0.7482108278031476,
  "per_emotion_pearson": {
    "anger": 0.7369219829942237,
    "fear": 0.7308127509234466,
    "sadness": 0.7543919772781578,
    "joy": 0.7707166000167625
  },
  "average_pearson": 0.7586581869431128,
  "ece": 0.04231519281948286,
  "mcale": 0.4532574964197058,
  "brier_score": 0.012983716072077219,
  "mean_prediction": 0.6017421374755004,
  "alpha": [
    0.1,
    0.2,
    0.3,
    0.4,
    0.5,
    0.6,
    0.7,
    0.8,
    0.9
  ],
  "coverage": [
    0.8906506287588847,
    0.8239475123018043,
    0.7337342810278841,
    0.6120831055221433,
    0.5076544559868781,
    0.40978676872607983,
    0.32668124658283215,
    0.19956260251503555,
    0.08283214871514488
  ],
  "psize": [
    2.2400218698742482,
    1.8302351011481683,
    1.419901585565883,
    1.0215965008201202,
    0.762165117550574,
    0.581465281574631,
    0.4412247129579005,
    0.2550574084199016,
    0.10415527610716238
  ],
  "ace": 0.01564911001761739,
  "mcove": 0.03373428102788412
}