{
  "accuracy": 0.5677525321653436,
  "micro_f1": 0.568026279770052,
  "macro_f1": 0.5437570983994673,
  "macro_average": 0.7298585469947774,
  "per_emotion_pearson": {
    "joy": 0.7382218221097676,
    "sadness": 0.7419331665400126,
    "anger": 0.7297642970102118,
    "fear": 0.7095149023191174
  },
  "average_pearson": 0.7469620694694925,
  "ece": 0.038981147279558245,
  "mcale": 0.44937799970308945,
  "brier_score": 0.011673568468614925,
  "mean_prediction": 0.5607776371314109,
  "alpha": [
    0.1,
    0.2,
    0.3,
    0.4,
    0.5,
    0.6,
    0.7,
    0.8,
    0.9
  ],
  "coverage": [
    0.9047358335614564,
    0.7872981111415275,
    0.6810840405146456,
    0.5729537366548043,
    0.45688475225841774,
    0.362168081029291,
    0.27785381877908566,
    0.17711470024637285,
    0.0897892143443745
  ],
  "psize": [
    2.2773063235696687,
    1.6567205036955928,
    1.3197372022994798,
    1.0147823706542567,
    0.7429509991787572,
    0.5587188612099644,
    0.42513003011223655,
    0.2773063235696688,
    0.13632630714481248
  ],
  "ace": 0.02217659762143747,
  "mcove": 0.04311524774158226
}