{
  "accuracy": 0.5777656078860898,
  "micro_f1": 0.578039430449069,
  "macro_f1": 0.5519623333587523,
  "macro_average": 0.7391704162399427,
  "per_emotion_pearson": {
    "anger": 0.7284151682769635,
    "fear": 0.7348139108766429,
    "sadness": 0.7441104967538051,
    "joy": 0.7493420890523591
  },
  "average_pearson": 0.7545000468446217,
  "ece": 0.038731870723404054,
  "mcale": 0.4444973814872003,
  "brier_score": 0.011412332114032123,
  "mean_prediction": 0.5694566112544751,
  "alpha": [
    0.1,
    0.2,
    0.3,
    0.4,
    0.5,
    0.6,
    0.7,
    0.8,
    0.9
  ],
  "coverage": [
    0.914841182913472,
    0.8176341730558598,
    0.7256297918948521,
    0.6500547645125958,
    0.5635268346111719,
    0.44633077765607887,
    0.35049288061336253,
    0.22070098576122674,
    0.10624315443592552
  ],
  "psize": [
    2.337075575027382,
    1.7667031763417305,
    1.442223439211391,
    1.2089266155531215,
    0.9657721796276013,
    0.7039978094194962,
    0.53039430449069,
    0.3354326396495071,
    0.16100766703176342
  ],
  "ace": 0.03282828282828282,
  "mcove": 0.06352683461117192
}