{
  "jaccard_index": 0.5766241148574027,
  "f1_micro": 0.6877535584129821,
  "f1_macro": 0.5273781776264713,
  "jaccard_similarity": 0.5821777756122912,
  "ece": 0.24094722321443668,
  "mcale": 0.274289387555088,
  "mean_confidence": 0.8224316172413578,
  "alpha": [
    0.1,
    0.2,
    0.3,
    0.4,
    0.5,
    0.6,
    0.7,
    0.8,
    0.9
  ],
  "coverage": [
    0.7414733969986358,
    0.5862892223738063,
    0.45463847203274216,
    0.3509549795361528,
    0.26671214188267395,
    0.1971350613915416,
    0.13574351978171897,
    0.082537517053206,
    0.04911323328785812
  ],
  "psize": [
    5.248976807639837,
    3.748294679399727,
    3.037175989085948,
    2.397680763983629,
    1.8751705320600274,
    1.4184856753069577,
    1.0497953615279672,
    0.6892905866302865,
    0.4021145975443383
  ],
  "ace": 0.18171138396240713,
  "mcove": 0.2490450204638472
}