{
  "accuracy": 0.5555555555555556,
  "micro_f1": 0.5555555555555556,
  "macro_f1": 0.45651517290946114,
  "macro_average": null,
  "per_emotion_pearson": null,
  "average_pearson": 0.33508986419539044,
  "ece": 0.06489286656483091,
  "mcale": 0.35531302988529206,
  "brier_score": 0.02618718352508503,
  "mean_prediction": 0.5711885806364304,
  "alpha": [
    0.1,
    0.2,
    0.3,
    0.4,
    0.5,
    0.6,
    0.7,
    0.8,
    0.9
  ],
  "coverage": [
    0.8271604938271605,
    0.7283950617283951,
    0.6490299823633157,
    0.5396825396825397,
    0.35978835978835977,
    0.2892416225749559,
    0.2310405643738977,
    0.19223985890652556,
    0.09171075837742504
  ],
  "psize": [
    2.197530864197531,
    1.8253968253968254,
    1.4779541446208113,
    1.1181657848324515,
    0.7054673721340388,
    0.544973544973545,
    0.41975308641975306,
    0.3386243386243386,
    0.14814814814814814
  ],
  "ace": 0.0657456398197139,
  "mcove": 0.14021164021164023
}