{
  "accuracy": 0.5714285714285714,
  "ece": 0.027714176959152334,
  "mcale": 0.2576606422662735,
  "brier_score": 0.025186691102026242,
  "mean_prediction": 0.5784627974427725,
  "alpha": [
    0.1,
    0.2,
    0.3,
    0.4,
    0.5,
    0.6,
    0.7,
    0.8,
    0.9
  ],
  "coverage": [
    0.8500881834215167,
    0.783068783068783,
    0.708994708994709,
    0.599647266313933,
    0.4462081128747795,
    0.36331569664902996,
    0.2786596119929453,
    0.18165784832451498,
    0.07760141093474426
  ],
  "psize": [
    2.324514991181658,
    2.0211640211640214,
    1.7054673721340388,
    1.2680776014109347,
    0.8959435626102292,
    0.708994708994709,
    0.5220458553791887,
    0.3333333333333333,
    0.13051146384479717
  ],
  "ace": 0.025416421712718035,
  "mcove": 0.05379188712522048
}