{
  "accuracy": 0.5661375661375662,
  "micro_f1": 0.5661375661375662,
  "macro_f1": 0.4782205230152357,
  "macro_average": null,
  "per_emotion_pearson": null,
  "average_pearson": 0.36155212737390846,
  "ece": 0.06703497771424881,
  "mcale": 0.15833886961142218,
  "brier_score": 0.025854256533425088,
  "mean_prediction": 0.5806133009247452,
  "alpha": [
    0.1,
    0.2,
    0.3,
    0.4,
    0.5,
    0.6,
    0.7,
    0.8,
    0.9
  ],
  "coverage": [
    0.9400352733686067,
    0.8659611992945326,
    0.746031746031746,
    0.689594356261023,
    0.5855379188712522,
    0.4620811287477954,
    0.31922398589065254,
    0.2204585537918871,
    0.13932980599647266
  ],
  "psize": [
    2.7001763668430336,
    2.326278659611993,
    1.7936507936507937,
    1.5502645502645502,
    1.2698412698412698,
    0.9576719576719577,
    0.6261022927689595,
    0.42328042328042326,
    0.25749559082892415
  ],
  "ace": 0.05202821869488536,
  "mcove": 0.08959435626102297
}