{
  "mse": 0.012866609396339799,
  "rmse": 0.11343107773595294,
  "mae": 0.08963370663753073,
  "confidences": [
    0.9,
    0.8,
    0.7,
    0.6,
    0.5,
    0.4,
    0.30000000000000004,
    0.19999999999999996,
    0.09999999999999998
  ],
  "coverages": [
    0.9008467631794591,
    0.7915869980879541,
    0.7006282436492761,
    0.5979240644632614,
    0.5239005736137667,
    0.4299371756350724,
    0.31494127287626333,
    0.19612127833925158,
    0.10106528270964217
  ],
  "average_interval_sizes": [
    0.37000000000000005,
    0.2829999999999999,
    0.22900000000000004,
    0.18199999999999997,
    0.15200000000000005,
    0.123,
    0.0899999999999999,
    0.054999999999999986,
    0.027000000000000024
  ]
}