{
  "0.1": {
    "pearson_correlation": 0.8030753064072984,
    "p_value": 0.0,
    "mae": 0.08963370663753073,
    "rmse": 0.11343107773595294,
    "r2": 0.6226515094796112
  },
  "0.2": {
    "pearson_correlation": 0.8030753064072984,
    "p_value": 0.0,
    "mae": 0.08963370663753073,
    "rmse": 0.11343107773595294,
    "r2": 0.6226515094796112
  },
  "0.3": {
    "pearson_correlation": 0.8030753064072984,
    "p_value": 0.0,
    "mae": 0.08963370663753073,
    "rmse": 0.11343107773595294,
    "r2": 0.6226515094796112
  },
  "0.4": {
    "pearson_correlation": 0.8030753064072984,
    "p_value": 0.0,
    "mae": 0.08963370663753073,
    "rmse": 0.11343107773595294,
    "r2": 0.6226515094796112
  },
  "0.5": {
    "pearson_correlation": 0.8030753064072984,
    "p_value": 0.0,
    "mae": 0.08963370663753073,
    "rmse": 0.11343107773595294,
    "r2": 0.6226515094796112
  },
  "0.6": {
    "pearson_correlation": 0.8030753064072984,
    "p_value": 0.0,
    "mae": 0.08963370663753073,
    "rmse": 0.11343107773595294,
    "r2": 0.6226515094796112
  },
  "0.7": {
    "pearson_correlation": 0.8030753064072984,
    "p_value": 0.0,
    "mae": 0.08963370663753073,
    "rmse": 0.11343107773595294,
    "r2": 0.6226515094796112
  },
  "0.8": {
    "pearson_correlation": 0.8030753064072984,
    "p_value": 0.0,
    "mae": 0.08963370663753073,
    "rmse": 0.11343107773595294,
    "r2": 0.6226515094796112
  },
  "0.9": {
    "pearson_correlation": 0.8030753064072984,
    "p_value": 0.0,
    "mae": 0.08963370663753073,
    "rmse": 0.11343107773595294,
    "r2": 0.6226515094796112
  }
}