{
  "0.1": {
    "pearson_correlation": 0.8030753064072984,
    "p_value": 0.0,
    "mae": 0.08963370663753073,
    "rmse": 0.11343107773595294,
    "r2": 0.6226515094796112
  }
}