{
  "pearson_correlation": 0.8064144002981153,
  "p_value": 0.0,
  "mae": 0.08983529090412455,
  "rmse": 0.11316016959389216,
  "r2": 0.6304757183018929,
  "mse": 0.012805223982518437,
  "alpha": [
    0.1,
    0.2,
    0.3,
    0.4,
    0.5,
    0.6,
    0.7,
    0.8,
    0.9
  ],
  "coverages": [
    0.9216061185468452,
    0.8341983064736411,
    0.7320404261130838,
    0.6255121551488664,
    0.5394700901393062,
    0.39961759082217974,
    0.32177000819448237,
    0.23299644905763453,
    0.11417645452062278
  ],
  "average_interval_sizes": [
    0.39599999999999996,
    0.30799999999999994,
    0.245,
    0.197,
    0.16100000000000003,
    0.11699999999999999,
    0.09300000000000007,
    0.067,
    0.03300000000000003
  ]
}