{
  "accuracy": 0.5852459016393443,
  "ece": 0.028407826532797952,
  "mcale": 0.3495970904827118,
  "brier_score": 0.01000174896384184,
  "mean_prediction": 0.5850120092529822,
  "alpha": [
    0.1,
    0.2,
    0.3,
    0.4,
    0.5,
    0.6,
    0.7,
    0.8,
    0.9
  ],
  "coverage": [
    0.8904371584699453,
    0.7666666666666667,
    0.6631147540983606,
    0.5833333333333334,
    0.4887978142076503,
    0.39289617486338796,
    0.3013661202185792,
    0.22868852459016392,
    0.09781420765027322
  ],
  "psize": [
    2.074590163934426,
    1.5243169398907104,
    1.200273224043716,
    0.9915300546448087,
    0.7658469945355191,
    0.5601092896174863,
    0.3846994535519126,
    0.26202185792349725,
    0.10218579234972677
  ],
  "ace": 0.01633272616879174,
  "mcove": 0.03688524590163933
}