{
  "accuracy": 0.5911451216179284,
  "micro_f1": 0.5911451216179284,
  "macro_f1": 0.5621892633267656,
  "macro_average": 0.7503512160126159,
  "per_emotion_pearson": {
    "anger": 0.7537442317928422,
    "joy": 0.7666226813994432,
    "fear": 0.7485489626769777,
    "sadness": 0.7324889881812006
  },
  "average_pearson": 0.7626216962227498,
  "ece": 0.03442920329376171,
  "mcale": 0.4536348896868089,
  "brier_score": 0.01004861833390375,
  "mean_prediction": 0.589544602513674,
  "alpha": [
    0.1,
    0.2,
    0.3,
    0.4,
    0.5,
    0.6,
    0.7,
    0.8,
    0.9
  ],
  "coverage": [
    0.9092648264553157,
    0.8125170811697185,
    0.7174091281770976,
    0.6146488111505876,
    0.5334790926482645,
    0.44902978955998907,
    0.32003279584585953,
    0.2213719595517901,
    0.10248701831101394
  ],
  "psize": [
    2.168625307461055,
    1.6966384257993987,
    1.3492757584039354,
    1.0639518994260726,
    0.8584312653730527,
    0.6627493850778902,
    0.4102213719595518,
    0.2508882208253621,
    0.10877288876742279
  ],
  "ace": 0.020026722541070727,
  "mcove": 0.049029789559989045
}