{
  "0.1": {
    "accuracy": 0.5887978142076503,
    "micro_f1": 0.5887978142076503,
    "macro_f1": 0.5605952207440105,
    "macro_average": 0.7489923897595818,
    "per_emotion_pearson": {
      "joy": 0.7669031746460242,
      "fear": 0.7538792972661177,
      "sadness": 0.7331700539830328,
      "anger": 0.7420170331431526
    }
  }
}