{
  "0.1": {
    "accuracy": 0.5819672131147541,
    "micro_f1": 0.5819672131147541,
    "macro_f1": 0.5536903025503299,
    "macro_average": 0.7464424361146578,
    "per_emotion_pearson": {
      "joy": 0.7625955690105074,
      "fear": 0.7493979151902102,
      "anger": 0.7437785753873175,
      "sadness": 0.7299976848705956
    },
    "average_pearson": 0.757438997034704
  }
}