{
  "accuracy": 0.5911451216179284,
  "micro_f1": 0.5911451216179284,
  "macro_f1": 0.5623237005074727,
  "macro_average": 0.751588275415953,
  "per_emotion_pearson": {
    "sadness": 0.7392633933882812,
    "anger": 0.7452700840034354,
    "fear": 0.7577714666708322,
    "joy": 0.7640481576012631
  },
  "average_pearson": 0.7610304551102888,
  "ece": 0.03535952300105512,
  "mcale": 0.45225816369056704,
  "brier_score": 0.010547202412065337,
  "mean_prediction": 0.588577219994743,
  "alpha": [
    0.1,
    0.2,
    0.3,
    0.4,
    0.5,
    0.6,
    0.7,
    0.8,
    0.9
  ],
  "coverage": [
    0.9018857611369226,
    0.7955725608089642,
    0.7108499590051927,
    0.6089095381251708,
    0.48783820716042636,
    0.3910904618748292,
    0.2984421973216726,
    0.15523367040174912,
    0.08663569281224379
  ],
  "psize": [
    2.1445750204974035,
    1.6302268379338618,
    1.3356108226291337,
    1.0500136649357747,
    0.757037441924023,
    0.5517901065864991,
    0.3771522273845313,
    0.16807871003006286,
    0.09128177097567641
  ],
  "ace": 0.01187027420971121,
  "mcove": 0.04476632959825083
}