{
  "accuracy": 0.4533492822966507,
  "micro_f1": 0.4533492822966507,
  "macro_f1": 0.4258884676106306,
  "macro_average": null,
  "per_emotion_pearson": null,
  "average_pearson": 0.8208041416819405,
  "ece": 0.09137435835505829,
  "mcale": 0.4521246417002245,
  "brier_score": 0.049235954441522484,
  "mean_prediction": 0.43726971275489906,
  "alpha": [
    0.1,
    0.2,
    0.3,
    0.4,
    0.5,
    0.6,
    0.7,
    0.8,
    0.9
  ],
  "coverage": [
    0.9078947368421053,
    0.8110047846889952,
    0.7260765550239234,
    0.5550239234449761,
    0.4665071770334928,
    0.3911483253588517,
    0.319377990430622,
    0.18779904306220097,
    0.09449760765550239
  ],
  "psize": [
    3.0729665071770333,
    2.3839712918660285,
    1.9988038277511961,
    1.2954545454545454,
    1.0239234449760766,
    0.7954545454545454,
    0.6172248803827751,
    0.326555023923445,
    0.16028708133971292
  ],
  "ace": 0.018819776714513535,
  "mcove": 0.04497607655502389
}