{
  "accuracy": 0.44976076555023925,
  "micro_f1": 0.44976076555023925,
  "macro_f1": 0.42879772464686255,
  "macro_average": null,
  "per_emotion_pearson": null,
  "average_pearson": 0.8232428269359178,
  "ece": 0.09437645835596657,
  "mcale": 0.4493141543297541,
  "brier_score": 0.050516202639170456,
  "mean_prediction": 0.4371242361989856,
  "alpha": [
    0.1,
    0.2,
    0.3,
    0.4,
    0.5,
    0.6,
    0.7,
    0.8,
    0.9
  ],
  "coverage": [
    0.9007177033492823,
    0.8588516746411483,
    0.7212918660287081,
    0.6136363636363636,
    0.44976076555023925,
    0.3911483253588517,
    0.27751196172248804,
    0.20095693779904306,
    0.08732057416267942
  ],
  "psize": [
    3.014354066985646,
    2.6626794258373208,
    1.9832535885167464,
    1.4880382775119618,
    0.9700956937799043,
    0.7918660287081339,
    0.534688995215311,
    0.35167464114832536,
    0.1471291866028708
  ],
  "ace": 0.02107921318447634,
  "mcove": 0.058851674641148266
}