{
  "pearson_correlation": 0.28427211962914284,
  "p_value": 7.125659613122105e-50,
  "mae": 0.5718067964872088,
  "rmse": 0.687976939151951,
  "r2": -5.8008050816768515,
  "mse": 0.47331226880488736,
  "alpha": [
    0.1,
    0.2,
    0.3,
    0.4,
    0.5,
    0.6,
    0.7,
    0.8,
    0.9
  ],
  "coverages": [
    0.9305078274150439,
    0.8247422680412371,
    0.7132493318060328,
    0.6139747995418099,
    0.5337915234822451,
    0.4043528064146621,
    0.3340969835815197,
    0.22489499809087438,
    0.1321114929362352
  ],
  "average_interval_sizes": [
    2.1700000000000004,
    1.6999999999999997,
    1.4500000000000002,
    1.2000000000000002,
    1.0,
    0.7000000000000002,
    0.5,
    0.35000000000000014,
    0.20000000000000015
  ]
}