{
  "pearson_correlation": 0.8217057321382175,
  "p_value": 0.0,
  "mae": 0.08504451119606772,
  "rmse": 0.10663949410976636,
  "r2": 0.6684225487096269,
  "mse": 0.011371981703986895,
  "alpha": [
    0.1,
    0.2,
    0.3,
    0.4,
    0.5,
    0.6,
    0.7,
    0.8,
    0.9
  ],
  "coverages": [
    0.8866739486619334,
    0.7913708356089568,
    0.721190606226106,
    0.6272528672856362,
    0.5273074822501366,
    0.4380120152921901,
    0.346805024576734,
    0.22446750409612234,
    0.10950300382304752
  ],
  "average_interval_sizes": [
    0.33899999999999997,
    0.26699999999999996,
    0.22599999999999995,
    0.188,
    0.15199999999999997,
    0.12399999999999993,
    0.0940000000000001,
    0.06200000000000001,
    0.031000000000000028
  ]
}