{
  "pearson_correlation": 0.6808514704785666,
  "p_value": 0.0,
  "mae": 0.960730830395018,
  "rmse": 1.1854308252617938,
  "r2": 0.4158382504883421,
  "mse": 1.4052462414808575,
  "alpha": [
    0.1,
    0.2,
    0.3,
    0.4,
    0.5,
    0.6,
    0.7,
    0.8,
    0.9
  ],
  "coverages": [
    0.9183333333333333,
    0.8183333333333334,
    0.7175,
    0.5852777777777778,
    0.48527777777777775,
    0.39416666666666667,
    0.2825,
    0.19,
    0.07527777777777778
  ],
  "average_interval_sizes": [
    3.966386554620001,
    3.1905294117599996,
    2.595500000000001,
    1.9845000000000002,
    1.56666666667,
    1.1999999999999997,
    0.7959999999999996,
    0.4950000000000001,
    0.18600000000000003
  ]
}