{
  "mse": 0.01200111269276394,
  "rmse": 0.10954959010769479,
  "mae": 0.08645551601423489,
  "confidences": [
    0.9,
    0.8,
    0.7,
    0.6,
    0.5,
    0.4,
    0.30000000000000004,
    0.19999999999999996,
    0.09999999999999998
  ],
  "coverages": [
    0.8730723606168446,
    0.7295373665480427,
    0.6500593119810202,
    0.5931198102016607,
    0.4851720047449585,
    0.3914590747330961,
    0.24555160142348753,
    0.1767497034400949,
    0.05693950177935943
  ],
  "average_interval_sizes": [
    0.31900000000000006,
    0.231,
    0.19499999999999998,
    0.17300000000000007,
    0.134,
    0.10400000000000009,
    0.06500000000000004,
    0.04599999999999993,
    0.015000000000000015
  ]
}