{
  "pearson_correlation": 0.8740474092496507,
  "p_value": 3.3517672322745875e-266,
  "mae": 0.08518364928909954,
  "rmse": 0.10827669378523531,
  "r2": 0.7455793215051503,
  "mse": 0.011723842417061614,
  "alpha": [
    0.1,
    0.2,
    0.3,
    0.4,
    0.5,
    0.6,
    0.7,
    0.8,
    0.9
  ],
  "coverages": [
    0.8898104265402843,
    0.8033175355450237,
    0.7334123222748815,
    0.6646919431279621,
    0.5734597156398105,
    0.4466824644549763,
    0.3187203791469194,
    0.22037914691943128,
    0.12914691943127962
  ],
  "average_interval_sizes": [
    0.3479999999999999,
    0.27,
    0.23200000000000007,
    0.204,
    0.16499999999999998,
    0.11900000000000015,
    0.07699999999999997,
    0.05000000000000004,
    0.03200000000000003
  ]
}