{
  "pearson_correlation": 0.1915903374260899,
  "p_value": 3.903459480648164e-11,
  "mae": 0.7471051282051282,
  "rmse": 0.8372338791377643,
  "r2": -8.509878723117154,
  "mse": 0.7009605683760685,
  "alpha": [
    0.1,
    0.2,
    0.3,
    0.4,
    0.5,
    0.6,
    0.7,
    0.8,
    0.9
  ],
  "coverages": [
    0.8683760683760684,
    0.7923076923076923,
    0.6974358974358974,
    0.6606837606837607,
    0.6017094017094017,
    0.49145299145299143,
    0.335042735042735,
    0.24957264957264957,
    0.10341880341880341
  ],
  "average_interval_sizes": [
    1.1999999999999995,
    1.0099999999999998,
    0.8799999999999999,
    0.7999999999999998,
    0.6800000000000002,
    0.5199999999999999,
    0.3500000000000001,
    0.27,
    0.10700000000000022
  ]
}