{
  "jaccard_index": 0.5622091796145665,
  "f1_micro": 0.676519356931728,
  "f1_macro": 0.5108454036166529,
  "jaccard_similarity": 0.54126605296056367,
  "ece": 0.5173639686404119,
  "mcale": 0.5904276688374354,
  "mean_confidence": 0.8573766438385102,
  "alpha": [
    0.1,
    0.2,
    0.3,
    0.4,
    0.5,
    0.6,
    0.7,
    0.8,
    0.9
  ],
  "coverage": [
    0.7449710194340265,
    0.5407432662802591,
    0.3794749403341289,
    0.2584384589157859,
    0.1786566655301739,
    0.13433344698261165,
    0.08898738493010569,
    0.05148312308216843,
    0.0235254006137061
  ],
  "psize": [
    6.935560859188544,
    5.158199795431299,
    4.031708148653256,
    2.983975451755881,
    2.347766791680873,
    1.7064439140811456,
    1.2529832935560858,
    0.6948516876917832,
    0.3249232867371292
  ],
  "ace": 0.23326514376633714,
  "mcove": 0.3415615410842141
}