{
  "accuracy": 0.6063268892794376,
  "micro_f1": 0.6063268892794376,
  "macro_f1": 0.5931167278317537,
  "macro_average": null,
  "per_emotion_pearson": null,
  "average_pearson": 0.5118602463642568,
  "ece": 0.15864854267722395,
  "mcale": 0.4474532170729204,
  "brier_score": 0.04219371559825184,
  "mean_prediction": 0.6240418241796798,
  "alpha": [
    0.1,
    0.2,
    0.3,
    0.4,
    0.5,
    0.6,
    0.7,
    0.8,
    0.9
  ],
  "coverage": [
    0.8927943760984183,
    0.7908611599297012,
    0.7152899824253075,
    0.6221441124780316,
    0.5096660808435852,
    0.4358523725834798,
    0.3110720562390158,
    0.14235500878734622,
    0.07557117750439367
  ],
  "psize": [
    2.5114235500878737,
    2.1441124780316345,
    1.8312829525483305,
    1.4745166959578206,
    1.2021089630931459,
    1.0333919156414764,
    0.7082601054481547,
    0.24077328646748683,
    0.10369068541300527
  ],
  "ace": 0.0213825424721734,
  "mcove": 0.057644991212653734
}