{
  "accuracy": 0.5957820738137083,
  "micro_f1": 0.5957820738137083,
  "macro_f1": 0.5802570686628657,
  "macro_average": null,
  "per_emotion_pearson": null,
  "average_pearson": 0.5058116677497075,
  "ece": 0.1516830417492611,
  "mcale": 0.44926688075065613,
  "brier_score": 0.036605458035979234,
  "mean_prediction": 0.6082251168999954,
  "alpha": [
    0.1,
    0.2,
    0.3,
    0.4,
    0.5,
    0.6,
    0.7,
    0.8,
    0.9
  ],
  "coverage": [
    0.9244288224956063,
    0.8418277680140598,
    0.7100175746924429,
    0.6432337434094904,
    0.5272407732864675,
    0.46045694200351495,
    0.39191564147627417,
    0.210896309314587,
    0.11072056239015818
  ],
  "psize": [
    2.546572934973638,
    2.1001757469244287,
    1.7170474516695957,
    1.562390158172232,
    1.258347978910369,
    1.0667838312829525,
    0.8910369068541301,
    0.4200351493848858,
    0.1616871704745167
  ],
  "ace": 0.03563757078695567,
  "mcove": 0.09191564147627412
}