{
  "pearson_correlation": 0.878435725143462,
  "p_value": 2.929965798436479e-272,
  "mae": 0.08264573459715639,
  "rmse": 0.10607348454360659,
  "r2": 0.7558278621515555,
  "mse": 0.011251584123222746,
  "alpha": [
    0.1,
    0.2,
    0.3,
    0.4,
    0.5,
    0.6,
    0.7,
    0.8,
    0.9
  ],
  "coverages": [
    0.9087677725118484,
    0.8317535545023697,
    0.7618483412322274,
    0.6611374407582938,
    0.542654028436019,
    0.4052132701421801,
    0.3246445497630332,
    0.26066350710900477,
    0.1018957345971564
  ],
  "average_interval_sizes": [
    0.36100000000000004,
    0.27999999999999986,
    0.2279999999999999,
    0.19100000000000003,
    0.14800000000000008,
    0.10500000000000001,
    0.08000000000000002,
    0.06400000000000003,
    0.03199999999999992
  ]
}