{
  "accuracy": 0.4928909952606635,
  "micro_f1": 0.4928909952606635,
  "macro_f1": 0.4620439354881132,
  "macro_average": null,
  "per_emotion_pearson": null,
  "average_pearson": 0.8584690574512329,
  "ece": 0.08655184566577459,
  "mcale": 0.4491600890954336,
  "brier_score": 0.036693852151251836,
  "mean_prediction": 0.47564752748677513,
  "alpha": [
    0.1,
    0.2,
    0.3,
    0.4,
    0.5,
    0.6,
    0.7,
    0.8,
    0.9
  ],
  "coverage": [
    0.8637440758293838,
    0.8033175355450237,
    0.7180094786729858,
    0.659952606635071,
    0.5118483412322274,
    0.38744075829383884,
    0.3305687203791469,
    0.1670616113744076,
    0.08175355450236967
  ],
  "psize": [
    3.5106635071090047,
    2.324644549763033,
    1.8045023696682465,
    1.5722748815165877,
    1.0438388625592416,
    0.6753554502369669,
    0.5497630331753555,
    0.2523696682464455,
    0.13270142180094788
  ],
  "ace": 0.024855186940494996,
  "mcove": 0.05995260663507107
}