{
  "accuracy": 0.48696682464454977,
  "micro_f1": 0.48696682464454977,
  "macro_f1": 0.4608556696938639,
  "macro_average": null,
  "per_emotion_pearson": null,
  "average_pearson": 0.8514314009374725,
  "ece": 0.08626270026086631,
  "mcale": 0.44687214493751526,
  "brier_score": 0.03496525373727338,
  "mean_prediction": 0.4729310084884144,
  "alpha": [
    0.1,
    0.2,
    0.3,
    0.4,
    0.5,
    0.6,
    0.7,
    0.8,
    0.9
  ],
  "coverage": [
    0.9146919431279621,
    0.79739336492891,
    0.70260663507109,
    0.5876777251184834,
    0.490521327014218,
    0.36018957345971564,
    0.28672985781990523,
    0.16113744075829384,
    0.0924170616113744
  ],
  "psize": [
    3.8471563981042656,
    2.308056872037915,
    1.7428909952606635,
    1.3400473933649288,
    0.9774881516587678,
    0.6244075829383886,
    0.46327014218009477,
    0.24407582938388625,
    0.14691943127962084
  ],
  "ace": 0.015692469720905735,
  "mcove": 0.03981042654028438
}