Dataset,E-c,E-c,EI-oc,EI-oc,EI-reg,EI-reg,Emobank,Emobank,GoEmotions,GoEmotions,SST,SST,SST5,SST5,TDT,TDT,"V-A,V-M,V-NYT,V-T","V-A,V-M,V-NYT,V-T",V-oc,V-oc,V-reg,V-reg
Metric,ece,mcale,ece,mcale,ece,mcale,ece,mcale,ece,mcale,ece,mcale,ece,mcale,ece,mcale,ece,mcale,ece,mcale,ece,mcale
Model,,,,,,,,,,,,,,,,,,,,,,
Emobloom-7b,0.31435797151913997,0.35677115542220555,0.038731870723404054,0.4444973814872003,,,,,0.45079192485505315,0.5990476779752418,,,0.14478976160589402,0.4512323680169442,0.12790840611233528,0.35473344326019285,,,0.09137435835505829,0.4521246417002245,,
Emollama-7b,0.2805298816605339,0.29923096551906364,0.04231519281948286,0.4532574964197058,,,,,0.4995407953292199,0.5699299651556746,,,0.06974226286173214,0.44191123196419246,0.07158777993561442,0.23232386708259584,,,0.0572465140335147,0.45930488904317224,,
Emollama-chat-13b,0.24094722321443668,0.274289387555088,0.06151423278972862,0.44549856094213636,,,,,0.43162105331909945,0.5175293756608002,,,0.11481713232302614,0.4465992426872254,0.15864854267722395,0.4474532170729204,,,0.08655184566577459,0.4491600890954336,,
Emollama-chat-7b,0.2994946960613171,0.3180453717875288,0.03442920329376171,0.4536348896868089,,,,,0.46524248241214833,0.542297343377599,,,0.08411509995008895,0.45209192502789386,0.06489286656483091,0.35531302988529206,,,0.051440267196185496,0.4537452757358551,,
Emoopt-13b,0.5173639686404119,0.5904276688374354,0.047542145230668686,0.4526784331240552,,,,,0.3880876426809524,0.49782783793034674,,,0.11707714119406007,0.44916512072086334,0.04718144618329042,0.36437069285999646,,,0.08854429994006328,0.44538961516486275,,
