Dataset,E-c,E-c,E-c,EI-oc,EI-oc,EI-oc,EI-reg,EI-reg,EI-reg,Emobank,Emobank,Emobank,GoEmotions,GoEmotions,GoEmotions,SST,SST,SST,SST5,SST5,SST5,TDT,TDT,TDT,"V-A,V-M,V-NYT,V-T","V-A,V-M,V-NYT,V-T","V-A,V-M,V-NYT,V-T",V-oc,V-oc,V-oc,V-reg,V-reg,V-reg
Metric,mean_confidence,ace,mcove,mean_confidence,ace,mcove,mean_confidence,ace,mcove,mean_confidence,ace,mcove,mean_confidence,ace,mcove,mean_confidence,ace,mcove,mean_confidence,ace,mcove,mean_confidence,ace,mcove,mean_confidence,ace,mcove,mean_confidence,ace,mcove,mean_confidence,ace,mcove
Model,,,,,,,,,,,,,,,,,,,,,,,,,,,,,,,,,
Emobloom-7b,0.8612753880964027,0.1839565283477732,0.23967168262653893,,0.03282828282828282,0.06352683461117192,,,,,,,0.7420898898936643,0.0906624720740437,0.17390233894132134,,,,,0.01555779006759399,0.03293112116641528,,0.039761248852157934,0.09999999999999998,,,,,0.018819776714513535,0.04497607655502389,,,
Emollama-7b,0.85871046415295,0.18439595408569154,0.2566655301738834,,0.01564911001761739,0.03373428102788412,,,,,,,0.8405010883936487,0.017167156896276528,0.03334701415965524,,,,,0.009158771174275012,0.02351421188630487,,0.030637396495282115,0.07071057192374353,,,,,0.02582938388625591,0.05402843601895735,,,
Emollama-chat-13b,0.8224316172413578,0.18171138396240713,0.2490450204638472,,0.027064749074579782,0.052157291097760794,,,,,,,0.8219826240342699,0.0056465556465556555,0.009582309582309545,,,,,0.015747723590860862,0.04157868275515336,,0.0213825424721734,0.057644991212653734,,,,,0.024855186940494996,0.05995260663507107,,,
Emollama-chat-7b,0.8706604556767349,0.20419753086419754,0.28837606837606833,,0.020026722541070727,0.049029789559989045,,,,,,,0.8620021296938383,0.012070508848034126,0.020429663292708122,,,,,0.0333459381105439,0.0753828701077709,,0.0657456398197139,0.14021164021164023,,,,,0.03188348490839594,0.07319098457888495,,,
Emoopt-13b,0.8573766438385102,0.23326514376633714,0.3415615410842141,,0.01796832332058984,0.046040415073730245,,,,,,,0.8564109588323633,0.012542014789205795,0.023292999135695713,,,,,0.04251355013550136,0.06778455284552853,,0.04843304843304844,0.10726495726495727,,,,,0.039976275207591935,0.09999999999999998,,,
