Dataset,GoEmotions,GoEmotions,GoEmotions,E-c,E-c,E-c
Metric,jaccard_similarity,f1_micro,f1_macro,jaccard_similarity,f1_micro,f1_macro
Model,,,,,,
Emobloom-7b,0.295181917658323,0.43305785123966944,0.36861261423617864,0.5473267213862288,0.6822965812586195,0.5213902523822633
Emollama-7b,0.34237293932553525,0.38236063857628894,0.3382635893390017,0.5784675206598153,0.6899040098032542,0.5312419683479388
Emollama-chat-13b,0.39103876603876603,0.39072494669509594,0.3404156453631697,0.5821777756122912,0.6877535584129821,0.5273781776264713
Emollama-chat-7b,0.39723197686428424,0.42592592592592593,0.3808340959986654,0.5717232397232398,0.6858173944424395,0.5162446036769633
Emoopt-13b,0.46841688274272536,0.4128187456926258,0.3540231761142533,0.5412660529605636,0.676519356931728,0.5108454036166529
