Dataset,EI-oc,EI-oc,EI-oc,TDT,TDT,TDT,V-oc,V-oc,V-oc,SST5,SST5,SST5
Metric,accuracy,macro_f1,pearson_correlation,accuracy,macro_f1,pearson_correlation,accuracy,macro_f1,pearson_correlation,accuracy,macro_f1,pearson_correlation
Model,,,,,,,,,,,,
Emobloom-7b,0.5777656078860898,0.5519623333587523,,0.48925619834710743,0.4970186224889009,,0.4533492822966507,0.4258884676106306,,0.4132730015082956,0.36466500051138684,
Emollama-7b,0.6060688901038819,0.5715491826475092,,0.5927209705372617,0.4763314361712531,,0.476303317535545,0.42900239606704255,,0.17881136950904392,0.13175035983128308,
Emollama-chat-13b,0.6021299836155106,0.5728333627359288,,0.6063268892794376,0.5931167278317537,,0.4928909952606635,0.4620439354881132,,0.25289089994972347,0.21000522192226811,
Emollama-chat-7b,0.5911451216179284,0.5621892633267656,,0.5555555555555556,0.45651517290946114,,0.46144721233689207,0.4182998969649976,,0.1883153715258083,0.15777920125280293,
Emoopt-13b,0.5901146914254506,0.5586005376004473,,0.5576923076923077,0.2393397524071527,,0.48398576512455516,0.43556021930803235,,0.2459349593495935,0.17765611547599422,
