{
  "jaccard_index": 0.356026481026481,
  "f1_micro": 0.39072494669509594,
  "f1_macro": 0.3404156453631697,
  "jaccard_similarity": 0.39103876603876603,
  "ece": 0.43162105331909945,
  "mcale": 0.5175293756608002,
  "mean_confidence": 0.8219826240342699,
  "alpha": [
    0.1,
    0.2,
    0.3,
    0.4,
    0.5,
    0.6,
    0.7,
    0.8,
    0.9
  ],
  "coverage": [
    0.8931203931203932,
    0.7954545454545454,
    0.6904176904176904,
    0.5999180999181,
    0.5085995085995086,
    0.4037674037674038,
    0.29115479115479115,
    0.207002457002457,
    0.09848484848484848
  ],
  "psize": [
    4.051392301392301,
    2.7262489762489763,
    2.056920556920557,
    1.6814086814086815,
    1.3785831285831285,
    1.0026617526617527,
    0.7076167076167076,
    0.4604832104832105,
    0.22522522522522523
  ],
  "ace": 0.0056465556465556555,
  "mcove": 0.009582309582309545
}