{
  "pearson_correlation": 0.814474287965431,
  "p_value": 0.0,
  "mae": 0.1548408677727501,
  "rmse": 0.18403133746055686,
  "r2": 0.48421328176055245,
  "mse": 0.03386753316752136,
  "alpha": [
    0.1,
    0.2,
    0.3,
    0.4,
    0.5,
    0.6,
    0.7,
    0.8,
    0.9
  ],
  "coverages": [
    0.8914027149321267,
    0.77526395173454,
    0.7008547008547008,
    0.6163901458019105,
    0.48868778280542985,
    0.39316239316239315,
    0.30568124685771747,
    0.20462543991955756,
    0.10306686777275012
  ],
  "average_interval_sizes": [
    0.5209999999999999,
    0.4331199999999999,
    0.3918900000000001,
    0.34654999999999997,
    0.28356,
    0.22900000000000006,
    0.1879999999999998,
    0.12466999999999999,
    0.06667000000000019
  ]
}