{
  "accuracy": 0.4822274881516588,
  "micro_f1": 0.4822274881516588,
  "macro_f1": 0.43324353087651474,
  "macro_average": null,
  "per_emotion_pearson": null,
  "average_pearson": 0.8430145349527993,
  "ece": 0.05617133242512221,
  "mcale": 0.4532148689031601,
  "brier_score": 0.02002773164942664,
  "mean_prediction": 0.4764898696976704,
  "alpha": [
    0.1,
    0.2,
    0.3,
    0.4,
    0.5,
    0.6,
    0.7,
    0.8,
    0.9
  ],
  "coverage": [
    1.0,
    0.8175355450236966,
    0.7713270142180095,
    0.6469194312796208,
    0.5580568720379147,
    0.4727488151658768,
    0.3542654028436019,
    0.25,
    0.12559241706161137
  ],
  "psize": [
    7.0,
    2.6943127962085307,
    2.2772511848341233,
    1.5651658767772512,
    1.2263033175355451,
    0.976303317535545,
    0.6409952606635071,
    0.42417061611374407,
    0.2014218009478673
  ],
  "ace": 0.05516061084781464,
  "mcove": 0.09999999999999998
}