{
  "accuracy": 0.476303317535545,
  "micro_f1": 0.476303317535545,
  "macro_f1": 0.42900239606704255,
  "macro_average": null,
  "per_emotion_pearson": null,
  "average_pearson": 0.8410843706184192,
  "ece": 0.0572465140335147,
  "mcale": 0.45930488904317224,
  "brier_score": 0.02014831552497271,
  "mean_prediction": 0.4696926359261726,
  "alpha": [
    0.1,
    0.2,
    0.3,
    0.4,
    0.5,
    0.6,
    0.7,
    0.8,
    0.9
  ],
  "coverage": [
    0.8661137440758294,
    0.7902843601895735,
    0.6978672985781991,
    0.6172985781990521,
    0.5154028436018957,
    0.3459715639810427,
    0.2665876777251185,
    0.16113744075829384,
    0.07227488151658767
  ],
  "psize": [
    3.2428909952606637,
    2.425355450236967,
    1.8696682464454977,
    1.4514218009478672,
    1.1007109004739337,
    0.6421800947867299,
    0.4786729857819905,
    0.27606635071090047,
    0.12796208530805686
  ],
  "ace": 0.02582938388625591,
  "mcove": 0.05402843601895735
}