{
  "jaccard_index": 0.4041072781105832,
  "f1_micro": 0.42592592592592593,
  "f1_macro": 0.3808340959986654,
  "jaccard_similarity": 0.39723197686428424,
  "ece": 0.46524248241214833,
  "mcale": 0.542297343377599,
  "mean_confidence": 0.8620021296938383,
  "alpha": [
    0.1,
    0.2,
    0.3,
    0.4,
    0.5,
    0.6,
    0.7,
    0.8,
    0.9
  ],
  "coverage": [
    0.8795703367072919,
    0.7855814914273911,
    0.6897335261309647,
    0.5905804585829374,
    0.487296013220409,
    0.40425531914893614,
    0.3106796116504854,
    0.19107622392067755,
    0.11753769882255732
  ],
  "psize": [
    3.9894649865730223,
    3.160504028093369,
    2.0784961784755214,
    1.6595744680851063,
    1.3336087585209668,
    1.0685808717207188,
    0.8250361495558769,
    0.5364594092129725,
    0.27804172691592643
  ],
  "ace": 0.012070508848034126,
  "mcove": 0.020429663292708122
}