{
  "accuracy": 0.179328165374677,
  "micro_f1": 0.179328165374677,
  "macro_f1": 0.13265021261471752,
  "macro_average": null,
  "per_emotion_pearson": null,
  "average_pearson": 0.7159015699225029,
  "ece": 0.06937536112698969,
  "mcale": 0.44383915307674005,
  "brier_score": 0.02560777815876943,
  "mean_prediction": 0.18489442442107762,
  "alpha": [
    0.1,
    0.2,
    0.3,
    0.4,
    0.5,
    0.6,
    0.7,
    0.8,
    0.9
  ],
  "coverage": [
    0.9178294573643411,
    0.814470284237726,
    0.6790697674418604,
    0.6108527131782946,
    0.5080103359173127,
    0.4036175710594315,
    0.3271317829457364,
    0.1937984496124031,
    0.10594315245478036
  ],
  "psize": [
    4.113178294573643,
    3.540568475452196,
    2.97312661498708,
    2.7276485788113694,
    2.3829457364341087,
    2.0237726098191215,
    1.7002583979328165,
    1.0718346253229973,
    0.59328165374677
  ],
  "ace": 0.012776342233706557,
  "mcove": 0.02713178294573637
}