{
  "accuracy": 0.17881136950904392,
  "micro_f1": 0.17881136950904392,
  "macro_f1": 0.13175035983128308,
  "macro_average": null,
  "per_emotion_pearson": null,
  "average_pearson": 0.7046124392328059,
  "ece": 0.06974226286173214,
  "mcale": 0.44191123196419246,
  "brier_score": 0.026175940954330998,
  "mean_prediction": 0.1839931427408778,
  "alpha": [
    0.1,
    0.2,
    0.3,
    0.4,
    0.5,
    0.6,
    0.7,
    0.8,
    0.9
  ],
  "coverage": [
    0.9235142118863049,
    0.8087855297157622,
    0.6925064599483204,
    0.5850129198966408,
    0.5007751937984496,
    0.40258397932816536,
    0.31059431524547804,
    0.19276485788113695,
    0.09354005167958657
  ],
  "psize": [
    4.135400516795865,
    3.510594315245478,
    3.0175710594315244,
    2.6454780361757106,
    2.3705426356589148,
    2.02687338501292,
    1.6361757105943153,
    1.0682170542635658,
    0.5302325581395348
  ],
  "ace": 0.009158771174275012,
  "mcove": 0.02351421188630487
}