{
  "pearson_correlation": 0.8865900930484976,
  "p_value": 3.627514158182232e-284,
  "mae": 0.07957345971563982,
  "rmse": 0.10124877858955524,
  "r2": 0.7775348331046059,
  "mse": 0.010251315165876778,
  "alpha": [
    0.1,
    0.2,
    0.3,
    0.4,
    0.5,
    0.6,
    0.7,
    0.8,
    0.9
  ],
  "coverages": [
    0.9182464454976303,
    0.8056872037914692,
    0.7322274881516587,
    0.5936018957345972,
    0.44786729857819907,
    0.38744075829383884,
    0.3222748815165877,
    0.18009478672985782,
    0.0971563981042654
  ],
  "average_interval_sizes": [
    0.36699999999999994,
    0.2640000000000001,
    0.22099999999999997,
    0.163,
    0.11799999999999995,
    0.10200000000000001,
    0.08499999999999985,
    0.04500000000000004,
    0.019999999999999844
  ]
}