{
  "accuracy": 0.48925619834710743,
  "micro_f1": 0.48925619834710743,
  "macro_f1": 0.4970186224889009,
  "macro_average": null,
  "per_emotion_pearson": null,
  "average_pearson": 0.47944757038194386,
  "ece": 0.12790840611233528,
  "mcale": 0.35473344326019285,
  "brier_score": 0.1965411817021715,
  "mean_prediction": 0.3155482970281896,
  "alpha": [
    0.1,
    0.2,
    0.3,
    0.4,
    0.5,
    0.6,
    0.7,
    0.8,
    0.9
  ],
  "coverage": [
    1.0,
    0.8446280991735537,
    0.7322314049586777,
    0.6082644628099173,
    0.5057851239669422,
    0.4297520661157025,
    0.3669421487603306,
    0.18181818181818182,
    0.047933884297520664
  ],
  "psize": [
    3.0,
    2.188429752066116,
    1.828099173553719,
    1.3206611570247935,
    1.059504132231405,
    0.8876033057851239,
    0.7487603305785124,
    0.3702479338842975,
    0.0859504132231405
  ],
  "ace": 0.039761248852157934,
  "mcove": 0.09999999999999998
}