{
  "accuracy": 0.48760330578512395,
  "micro_f1": 0.48760330578512395,
  "macro_f1": 0.49506068670085024,
  "macro_average": null,
  "per_emotion_pearson": null,
  "average_pearson": 0.4860734580252247,
  "ece": 0.1324548780572941,
  "mcale": 0.43937829732894895,
  "brier_score": 0.19816038653826942,
  "mean_prediction": 0.31271069265105167,
  "alpha": [
    0.1,
    0.2,
    0.3,
    0.4,
    0.5,
    0.6,
    0.7,
    0.8,
    0.9
  ],
  "coverage": [
    0.912396694214876,
    0.8512396694214877,
    0.740495867768595,
    0.6429752066115703,
    0.5685950413223141,
    0.42644628099173554,
    0.2859504132231405,
    0.1884297520661157,
    0.05785123966942149
  ],
  "psize": [
    2.3735537190082643,
    2.203305785123967,
    1.8495867768595042,
    1.4429752066115702,
    1.1950413223140497,
    0.8776859504132232,
    0.6115702479338843,
    0.39008264462809916,
    0.10909090909090909
  ],
  "ace": 0.034435261707988975,
  "mcove": 0.06859504132231409
}